Race,PartName,Slot,Variant,Tier,Hand,PrimaryBone,SizeWxHxD_cm,MeshyPrompt,NegativePrompt
Barbarian,BRB_Horse,Creature,,,,Bip001 Head,26×86×67 cm (W×H×D),"A low-poly stylized 3D model: savage frost-clan barbarian mount creature (full body). Materials/feel: fur, hide, bone, rough iron. Color palette: rust red, bone white, dark steel. Style: crude tribal, blood-soaked, hand-painted toon shading, clean silhouette, suitable for an RTS unit at ~2m tall. Approximate size: 26 cm wide × 86 cm tall × 67 cm deep. Placement: attaches to the Bip001 Head bone (ground anchor). Single mesh, T-pose neutral, no skeleton, baked diffuse texture only.","photoreal, hyperreal, realistic skin pores, no humans, no faces in armor, no text, no logos, no watermarks, no excess geometry, no PBR maps"
Barbarian,BRB_weapon_staff_A,Staff,A,light/cloth tier,right,,69×7×9 cm (W×H×D),"A low-poly stylized 3D model: savage frost-clan barbarian magic staff with crystal/orb finial. light/cloth tier variant A. Materials/feel: fur, hide, bone, rough iron. Color palette: rust red, bone white, dark steel. Style: crude tribal, blood-soaked, hand-painted toon shading, clean silhouette, suitable for an RTS unit at ~2m tall. Approximate size: 69 cm wide × 7 cm tall × 9 cm deep. Placement: right hand, vertical. Single mesh, T-pose neutral, no skeleton, baked diffuse texture only.","photoreal, hyperreal, realistic skin pores, no humans, no faces in armor, no text, no logos, no watermarks, no excess geometry, no PBR maps"
Barbarian,BRB_weapon_Bow,Bow,,,left,,54×3×12 cm (W×H×D),"A low-poly stylized 3D model: savage frost-clan barbarian recurve bow. Materials/feel: fur, hide, bone, rough iron. Color palette: rust red, bone white, dark steel. Style: crude tribal, blood-soaked, hand-painted toon shading, clean silhouette, suitable for an RTS unit at ~2m tall. Approximate size: 54 cm wide × 3 cm tall × 12 cm deep. Placement: left hand grip. Single mesh, T-pose neutral, no skeleton, baked diffuse texture only.","photoreal, hyperreal, realistic skin pores, no humans, no faces in armor, no text, no logos, no watermarks, no excess geometry, no PBR maps"
Barbarian,BRB_weapon_staff_C,Staff,C,medium/leather tier,right,,71×12×17 cm (W×H×D),"A low-poly stylized 3D model: savage frost-clan barbarian magic staff with crystal/orb finial. medium/leather tier variant C. Materials/feel: fur, hide, bone, rough iron. Color palette: rust red, bone white, dark steel. Style: crude tribal, blood-soaked, hand-painted toon shading, clean silhouette, suitable for an RTS unit at ~2m tall. Approximate size: 71 cm wide × 12 cm tall × 17 cm deep. Placement: right hand, vertical. Single mesh, T-pose neutral, no skeleton, baked diffuse texture only.","photoreal, hyperreal, realistic skin pores, no humans, no faces in armor, no text, no logos, no watermarks, no excess geometry, no PBR maps"
Barbarian,BRB_weapon_staff_B,Staff,B,light/cloth tier,right,,72×8×15 cm (W×H×D),"A low-poly stylized 3D model: savage frost-clan barbarian magic staff with crystal/orb finial. light/cloth tier variant B. Materials/feel: fur, hide, bone, rough iron. Color palette: rust red, bone white, dark steel. Style: crude tribal, blood-soaked, hand-painted toon shading, clean silhouette, suitable for an RTS unit at ~2m tall. Approximate size: 72 cm wide × 8 cm tall × 15 cm deep. Placement: right hand, vertical. Single mesh, T-pose neutral, no skeleton, baked diffuse texture only.","photoreal, hyperreal, realistic skin pores, no humans, no faces in armor, no text, no logos, no watermarks, no excess geometry, no PBR maps"
Barbarian,BRB_Shield_A,Shield,A,light/cloth tier,left,,5×21×21 cm (W×H×D),"A low-poly stylized 3D model: savage frost-clan barbarian kite/round shield. light/cloth tier variant A. Materials/feel: fur, hide, bone, rough iron. Color palette: rust red, bone white, dark steel. Style: crude tribal, blood-soaked, hand-painted toon shading, clean silhouette, suitable for an RTS unit at ~2m tall. Approximate size: 5 cm wide × 21 cm tall × 21 cm deep. Placement: left forearm strap. Single mesh, T-pose neutral, no skeleton, baked diffuse texture only.","photoreal, hyperreal, realistic skin pores, no humans, no faces in armor, no text, no logos, no watermarks, no excess geometry, no PBR maps"
Barbarian,BRB_Shield_C,Shield,C,medium/leather tier,left,,5×35×20 cm (W×H×D),"A low-poly stylized 3D model: savage frost-clan barbarian kite/round shield. medium/leather tier variant C. Materials/feel: fur, hide, bone, rough iron. Color palette: rust red, bone white, dark steel. Style: crude tribal, blood-soaked, hand-painted toon shading, clean silhouette, suitable for an RTS unit at ~2m tall. Approximate size: 5 cm wide × 35 cm tall × 20 cm deep. Placement: left forearm strap. Single mesh, T-pose neutral, no skeleton, baked diffuse texture only.","photoreal, hyperreal, realistic skin pores, no humans, no faces in armor, no text, no logos, no watermarks, no excess geometry, no PBR maps"
Barbarian,BRB_Shield_D,Shield,D,medium/leather tier,left,,5×28×27 cm (W×H×D),"A low-poly stylized 3D model: savage frost-clan barbarian kite/round shield. medium/leather tier variant D. Materials/feel: fur, hide, bone, rough iron. Color palette: rust red, bone white, dark steel. Style: crude tribal, blood-soaked, hand-painted toon shading, clean silhouette, suitable for an RTS unit at ~2m tall. Approximate size: 5 cm wide × 28 cm tall × 27 cm deep. Placement: left forearm strap. Single mesh, T-pose neutral, no skeleton, baked diffuse texture only.","photoreal, hyperreal, realistic skin pores, no humans, no faces in armor, no text, no logos, no watermarks, no excess geometry, no PBR maps"
Barbarian,BRB_Shield_B,Shield,B,light/cloth tier,left,,5×28×27 cm (W×H×D),"A low-poly stylized 3D model: savage frost-clan barbarian kite/round shield. light/cloth tier variant B. Materials/feel: fur, hide, bone, rough iron. Color palette: rust red, bone white, dark steel. Style: crude tribal, blood-soaked, hand-painted toon shading, clean silhouette, suitable for an RTS unit at ~2m tall. Approximate size: 5 cm wide × 28 cm tall × 27 cm deep. Placement: left forearm strap. Single mesh, T-pose neutral, no skeleton, baked diffuse texture only.","photoreal, hyperreal, realistic skin pores, no humans, no faces in armor, no text, no logos, no watermarks, no excess geometry, no PBR maps"
Barbarian,BRB_weapon_sword_A,Sword,A,light/cloth tier,right,,45×4×10 cm (W×H×D),"A low-poly stylized 3D model: savage frost-clan barbarian one-handed sword. light/cloth tier variant A. Materials/feel: fur, hide, bone, rough iron. Color palette: rust red, bone white, dark steel. Style: crude tribal, blood-soaked, hand-painted toon shading, clean silhouette, suitable for an RTS unit at ~2m tall. Approximate size: 45 cm wide × 4 cm tall × 10 cm deep. Placement: right hand grip, blade pointing up. Single mesh, T-pose neutral, no skeleton, baked diffuse texture only.","photoreal, hyperreal, realistic skin pores, no humans, no faces in armor, no text, no logos, no watermarks, no excess geometry, no PBR maps"
Barbarian,BRB_weapon_spear,Spear,,,right,,77×3×7 cm (W×H×D),"A low-poly stylized 3D model: savage frost-clan barbarian long spear. Materials/feel: fur, hide, bone, rough iron. Color palette: rust red, bone white, dark steel. Style: crude tribal, blood-soaked, hand-painted toon shading, clean silhouette, suitable for an RTS unit at ~2m tall. Approximate size: 77 cm wide × 3 cm tall × 7 cm deep. Placement: right hand grip, vertical. Single mesh, T-pose neutral, no skeleton, baked diffuse texture only.","photoreal, hyperreal, realistic skin pores, no humans, no faces in armor, no text, no logos, no watermarks, no excess geometry, no PBR maps"
Barbarian,BRB_weapon_axe_A,Axe,A,light/cloth tier,right,,33×3×13 cm (W×H×D),"A low-poly stylized 3D model: savage frost-clan barbarian one-handed war axe. light/cloth tier variant A. Materials/feel: fur, hide, bone, rough iron. Color palette: rust red, bone white, dark steel. Style: crude tribal, blood-soaked, hand-painted toon shading, clean silhouette, suitable for an RTS unit at ~2m tall. Approximate size: 33 cm wide × 3 cm tall × 13 cm deep. Placement: right hand grip. Single mesh, T-pose neutral, no skeleton, baked diffuse texture only.","photoreal, hyperreal, realistic skin pores, no humans, no faces in armor, no text, no logos, no watermarks, no excess geometry, no PBR maps"
Barbarian,BRB_weapon_sword_B,Sword,B,light/cloth tier,right,,46×4×11 cm (W×H×D),"A low-poly stylized 3D model: savage frost-clan barbarian one-handed sword. light/cloth tier variant B. Materials/feel: fur, hide, bone, rough iron. Color palette: rust red, bone white, dark steel. Style: crude tribal, blood-soaked, hand-painted toon shading, clean silhouette, suitable for an RTS unit at ~2m tall. Approximate size: 46 cm wide × 4 cm tall × 11 cm deep. Placement: right hand grip, blade pointing up. Single mesh, T-pose neutral, no skeleton, baked diffuse texture only.","photoreal, hyperreal, realistic skin pores, no humans, no faces in armor, no text, no logos, no watermarks, no excess geometry, no PBR maps"
Barbarian,BRB_weapon_hammer_A,Hammer,A,light/cloth tier,right,,29×5×13 cm (W×H×D),"A low-poly stylized 3D model: savage frost-clan barbarian two-handed war hammer. light/cloth tier variant A. Materials/feel: fur, hide, bone, rough iron. Color palette: rust red, bone white, dark steel. Style: crude tribal, blood-soaked, hand-painted toon shading, clean silhouette, suitable for an RTS unit at ~2m tall. Approximate size: 29 cm wide × 5 cm tall × 13 cm deep. Placement: right hand grip. Single mesh, T-pose neutral, no skeleton, baked diffuse texture only.","photoreal, hyperreal, realistic skin pores, no humans, no faces in armor, no text, no logos, no watermarks, no excess geometry, no PBR maps"
Barbarian,BRB_weapon_Dagger,Dagger,,,right,,33×3×6 cm (W×H×D),"A low-poly stylized 3D model: savage frost-clan barbarian dagger / short blade. Materials/feel: fur, hide, bone, rough iron. Color palette: rust red, bone white, dark steel. Style: crude tribal, blood-soaked, hand-painted toon shading, clean silhouette, suitable for an RTS unit at ~2m tall. Approximate size: 33 cm wide × 3 cm tall × 6 cm deep. Placement: right hand reverse-grip. Single mesh, T-pose neutral, no skeleton, baked diffuse texture only.","photoreal, hyperreal, realistic skin pores, no humans, no faces in armor, no text, no logos, no watermarks, no excess geometry, no PBR maps"
Barbarian,BRB_weapon_axe_B,Axe,B,light/cloth tier,right,,43×4×20 cm (W×H×D),"A low-poly stylized 3D model: savage frost-clan barbarian one-handed war axe. light/cloth tier variant B. Materials/feel: fur, hide, bone, rough iron. Color palette: rust red, bone white, dark steel. Style: crude tribal, blood-soaked, hand-painted toon shading, clean silhouette, suitable for an RTS unit at ~2m tall. Approximate size: 43 cm wide × 4 cm tall × 20 cm deep. Placement: right hand grip. Single mesh, T-pose neutral, no skeleton, baked diffuse texture only.","photoreal, hyperreal, realistic skin pores, no humans, no faces in armor, no text, no logos, no watermarks, no excess geometry, no PBR maps"
Barbarian,BRB_weapon_hammer_B,Hammer,B,light/cloth tier,right,,38×7×14 cm (W×H×D),"A low-poly stylized 3D model: savage frost-clan barbarian two-handed war hammer. light/cloth tier variant B. Materials/feel: fur, hide, bone, rough iron. Color palette: rust red, bone white, dark steel. Style: crude tribal, blood-soaked, hand-painted toon shading, clean silhouette, suitable for an RTS unit at ~2m tall. Approximate size: 38 cm wide × 7 cm tall × 14 cm deep. Placement: right hand grip. Single mesh, T-pose neutral, no skeleton, baked diffuse texture only.","photoreal, hyperreal, realistic skin pores, no humans, no faces in armor, no text, no logos, no watermarks, no excess geometry, no PBR maps"
Barbarian,BRB_weapon_axe_C,Axe,C,medium/leather tier,right,,36×4×20 cm (W×H×D),"A low-poly stylized 3D model: savage frost-clan barbarian one-handed war axe. medium/leather tier variant C. Materials/feel: fur, hide, bone, rough iron. Color palette: rust red, bone white, dark steel. Style: crude tribal, blood-soaked, hand-painted toon shading, clean silhouette, suitable for an RTS unit at ~2m tall. Approximate size: 36 cm wide × 4 cm tall × 20 cm deep. Placement: right hand grip. Single mesh, T-pose neutral, no skeleton, baked diffuse texture only.","photoreal, hyperreal, realistic skin pores, no humans, no faces in armor, no text, no logos, no watermarks, no excess geometry, no PBR maps"
Barbarian,BRB_Xtra_quiver,Quiver,,,,,11×7×37 cm (W×H×D),"A low-poly stylized 3D model: savage frost-clan barbarian arrow quiver. Materials/feel: fur, hide, bone, rough iron. Color palette: rust red, bone white, dark steel. Style: crude tribal, blood-soaked, hand-painted toon shading, clean silhouette, suitable for an RTS unit at ~2m tall. Approximate size: 11 cm wide × 7 cm tall × 37 cm deep. Placement: strapped to back, over shoulder. Single mesh, T-pose neutral, no skeleton, baked diffuse texture only.","photoreal, hyperreal, realistic skin pores, no humans, no faces in armor, no text, no logos, no watermarks, no excess geometry, no PBR maps"
Barbarian,BRB_horse_Seat,Saddle,,,,Bip001 Spine,24×15×21 cm (W×H×D),"A low-poly stylized 3D model: savage frost-clan barbarian riding saddle. Materials/feel: fur, hide, bone, rough iron. Color palette: rust red, bone white, dark steel. Style: crude tribal, blood-soaked, hand-painted toon shading, clean silhouette, suitable for an RTS unit at ~2m tall. Approximate size: 24 cm wide × 15 cm tall × 21 cm deep. Placement: attaches to the Bip001 Spine bone (on top of mount creature). Single mesh, T-pose neutral, no skeleton, baked diffuse texture only.","photoreal, hyperreal, realistic skin pores, no humans, no faces in armor, no text, no logos, no watermarks, no excess geometry, no PBR maps"
Barbarian,BRB_body_F,Body,F,heavy/plate tier,,Bip001 Spine001,40×19×54 cm (W×H×D),"A low-poly stylized 3D model: savage frost-clan barbarian chest armor (cuirass / tunic / robe top). heavy/plate tier variant F. Materials/feel: fur, hide, bone, rough iron. Color palette: rust red, bone white, dark steel. Style: crude tribal, blood-soaked, hand-painted toon shading, clean silhouette, suitable for an RTS unit at ~2m tall. Approximate size: 40 cm wide × 19 cm tall × 54 cm deep. Placement: attaches to the Bip001 Spine001 bone (covers shoulders down to waist). Single mesh, T-pose neutral, no skeleton, baked diffuse texture only.","photoreal, hyperreal, realistic skin pores, no humans, no faces in armor, no text, no logos, no watermarks, no excess geometry, no PBR maps"
Barbarian,BRB_head_I,Head,I,heavy/plate tier,,Bip001 Head001,10×18×18 cm (W×H×D),"A low-poly stylized 3D model: savage frost-clan barbarian helmet/head piece. heavy/plate tier variant I. Materials/feel: fur, hide, bone, rough iron. Color palette: rust red, bone white, dark steel. Style: crude tribal, blood-soaked, hand-painted toon shading, clean silhouette, suitable for an RTS unit at ~2m tall. Approximate size: 10 cm wide × 18 cm tall × 18 cm deep. Placement: attaches to the Bip001 Head001 bone (rests on the skull, fits over hair). Single mesh, T-pose neutral, no skeleton, baked diffuse texture only.","photoreal, hyperreal, realistic skin pores, no humans, no faces in armor, no text, no logos, no watermarks, no excess geometry, no PBR maps"
Barbarian,BRB_head_J,Head,J,heavy/plate tier,,Bip001 Head001,10×14×18 cm (W×H×D),"A low-poly stylized 3D model: savage frost-clan barbarian helmet/head piece. heavy/plate tier variant J. Materials/feel: fur, hide, bone, rough iron. Color palette: rust red, bone white, dark steel. Style: crude tribal, blood-soaked, hand-painted toon shading, clean silhouette, suitable for an RTS unit at ~2m tall. Approximate size: 10 cm wide × 14 cm tall × 18 cm deep. Placement: attaches to the Bip001 Head001 bone (rests on the skull, fits over hair). Single mesh, T-pose neutral, no skeleton, baked diffuse texture only.","photoreal, hyperreal, realistic skin pores, no humans, no faces in armor, no text, no logos, no watermarks, no excess geometry, no PBR maps"
Barbarian,BRB_head_C,Head,C,medium/leather tier,,Bip001 Head001,10×14×15 cm (W×H×D),"A low-poly stylized 3D model: savage frost-clan barbarian helmet/head piece. medium/leather tier variant C. Materials/feel: fur, hide, bone, rough iron. Color palette: rust red, bone white, dark steel. Style: crude tribal, blood-soaked, hand-painted toon shading, clean silhouette, suitable for an RTS unit at ~2m tall. Approximate size: 10 cm wide × 14 cm tall × 15 cm deep. Placement: attaches to the Bip001 Head001 bone (rests on the skull, fits over hair). Single mesh, T-pose neutral, no skeleton, baked diffuse texture only.","photoreal, hyperreal, realistic skin pores, no humans, no faces in armor, no text, no logos, no watermarks, no excess geometry, no PBR maps"
Barbarian,BRB_body_A,Body,A,light/cloth tier,,Bip001 Spine001,43×15×42 cm (W×H×D),"A low-poly stylized 3D model: savage frost-clan barbarian chest armor (cuirass / tunic / robe top). light/cloth tier variant A. Materials/feel: fur, hide, bone, rough iron. Color palette: rust red, bone white, dark steel. Style: crude tribal, blood-soaked, hand-painted toon shading, clean silhouette, suitable for an RTS unit at ~2m tall. Approximate size: 43 cm wide × 15 cm tall × 42 cm deep. Placement: attaches to the Bip001 Spine001 bone (covers shoulders down to waist). Single mesh, T-pose neutral, no skeleton, baked diffuse texture only.","photoreal, hyperreal, realistic skin pores, no humans, no faces in armor, no text, no logos, no watermarks, no excess geometry, no PBR maps"
Barbarian,BRB_body_B,Body,B,light/cloth tier,,Bip001 Spine001,43×15×42 cm (W×H×D),"A low-poly stylized 3D model: savage frost-clan barbarian chest armor (cuirass / tunic / robe top). light/cloth tier variant B. Materials/feel: fur, hide, bone, rough iron. Color palette: rust red, bone white, dark steel. Style: crude tribal, blood-soaked, hand-painted toon shading, clean silhouette, suitable for an RTS unit at ~2m tall. Approximate size: 43 cm wide × 15 cm tall × 42 cm deep. Placement: attaches to the Bip001 Spine001 bone (covers shoulders down to waist). Single mesh, T-pose neutral, no skeleton, baked diffuse texture only.","photoreal, hyperreal, realistic skin pores, no humans, no faces in armor, no text, no logos, no watermarks, no excess geometry, no PBR maps"
Barbarian,BRB_body_E,Body,E,medium/leather tier,,Bip001 Spine001,43×16×42 cm (W×H×D),"A low-poly stylized 3D model: savage frost-clan barbarian chest armor (cuirass / tunic / robe top). medium/leather tier variant E. Materials/feel: fur, hide, bone, rough iron. Color palette: rust red, bone white, dark steel. Style: crude tribal, blood-soaked, hand-painted toon shading, clean silhouette, suitable for an RTS unit at ~2m tall. Approximate size: 43 cm wide × 16 cm tall × 42 cm deep. Placement: attaches to the Bip001 Spine001 bone (covers shoulders down to waist). Single mesh, T-pose neutral, no skeleton, baked diffuse texture only.","photoreal, hyperreal, realistic skin pores, no humans, no faces in armor, no text, no logos, no watermarks, no excess geometry, no PBR maps"
Barbarian,BRB_head_B,Head,B,light/cloth tier,,Bip001 Head001,7×18×16 cm (W×H×D),"A low-poly stylized 3D model: savage frost-clan barbarian helmet/head piece. light/cloth tier variant B. Materials/feel: fur, hide, bone, rough iron. Color palette: rust red, bone white, dark steel. Style: crude tribal, blood-soaked, hand-painted toon shading, clean silhouette, suitable for an RTS unit at ~2m tall. Approximate size: 7 cm wide × 18 cm tall × 16 cm deep. Placement: attaches to the Bip001 Head001 bone (rests on the skull, fits over hair). Single mesh, T-pose neutral, no skeleton, baked diffuse texture only.","photoreal, hyperreal, realistic skin pores, no humans, no faces in armor, no text, no logos, no watermarks, no excess geometry, no PBR maps"
Barbarian,BRB_body_D,Body,D,medium/leather tier,,Bip001 Spine001,43×14×42 cm (W×H×D),"A low-poly stylized 3D model: savage frost-clan barbarian chest armor (cuirass / tunic / robe top). medium/leather tier variant D. Materials/feel: fur, hide, bone, rough iron. Color palette: rust red, bone white, dark steel. Style: crude tribal, blood-soaked, hand-painted toon shading, clean silhouette, suitable for an RTS unit at ~2m tall. Approximate size: 43 cm wide × 14 cm tall × 42 cm deep. Placement: attaches to the Bip001 Spine001 bone (covers shoulders down to waist). Single mesh, T-pose neutral, no skeleton, baked diffuse texture only.","photoreal, hyperreal, realistic skin pores, no humans, no faces in armor, no text, no logos, no watermarks, no excess geometry, no PBR maps"
Barbarian,BRB_head_A,Head,A,light/cloth tier,,Bip001 Head001,7×11×12 cm (W×H×D),"A low-poly stylized 3D model: savage frost-clan barbarian helmet/head piece. light/cloth tier variant A. Materials/feel: fur, hide, bone, rough iron. Color palette: rust red, bone white, dark steel. Style: crude tribal, blood-soaked, hand-painted toon shading, clean silhouette, suitable for an RTS unit at ~2m tall. Approximate size: 7 cm wide × 11 cm tall × 12 cm deep. Placement: attaches to the Bip001 Head001 bone (rests on the skull, fits over hair). Single mesh, T-pose neutral, no skeleton, baked diffuse texture only.","photoreal, hyperreal, realistic skin pores, no humans, no faces in armor, no text, no logos, no watermarks, no excess geometry, no PBR maps"
Barbarian,BRB_shoulderpads_B,Shoulders,B,light/cloth tier,,Bip001 R Clavicle001,29×18×11 cm (W×H×D),"A low-poly stylized 3D model: savage frost-clan barbarian pauldron / shoulder pad pair. light/cloth tier variant B. Materials/feel: fur, hide, bone, rough iron. Color palette: rust red, bone white, dark steel. Style: crude tribal, blood-soaked, hand-painted toon shading, clean silhouette, suitable for an RTS unit at ~2m tall. Approximate size: 29 cm wide × 18 cm tall × 11 cm deep. Placement: attaches to the Bip001 R Clavicle001 bone (sits on top of the shoulders). Single mesh, T-pose neutral, no skeleton, baked diffuse texture only.","photoreal, hyperreal, realistic skin pores, no humans, no faces in armor, no text, no logos, no watermarks, no excess geometry, no PBR maps"
Barbarian,BRB_body_G,Body,G,heavy/plate tier,,Bip001 Spine001,43×16×42 cm (W×H×D),"A low-poly stylized 3D model: savage frost-clan barbarian chest armor (cuirass / tunic / robe top). heavy/plate tier variant G. Materials/feel: fur, hide, bone, rough iron. Color palette: rust red, bone white, dark steel. Style: crude tribal, blood-soaked, hand-painted toon shading, clean silhouette, suitable for an RTS unit at ~2m tall. Approximate size: 43 cm wide × 16 cm tall × 42 cm deep. Placement: attaches to the Bip001 Spine001 bone (covers shoulders down to waist). Single mesh, T-pose neutral, no skeleton, baked diffuse texture only.","photoreal, hyperreal, realistic skin pores, no humans, no faces in armor, no text, no logos, no watermarks, no excess geometry, no PBR maps"
Barbarian,BRB_head_D,Head,D,medium/leather tier,,Bip001 Head001,8×13×14 cm (W×H×D),"A low-poly stylized 3D model: savage frost-clan barbarian helmet/head piece. medium/leather tier variant D. Materials/feel: fur, hide, bone, rough iron. Color palette: rust red, bone white, dark steel. Style: crude tribal, blood-soaked, hand-painted toon shading, clean silhouette, suitable for an RTS unit at ~2m tall. Approximate size: 8 cm wide × 13 cm tall × 14 cm deep. Placement: attaches to the Bip001 Head001 bone (rests on the skull, fits over hair). Single mesh, T-pose neutral, no skeleton, baked diffuse texture only.","photoreal, hyperreal, realistic skin pores, no humans, no faces in armor, no text, no logos, no watermarks, no excess geometry, no PBR maps"
Barbarian,BRB_head_F,Head,F,heavy/plate tier,,Bip001 Head001,13×13×16 cm (W×H×D),"A low-poly stylized 3D model: savage frost-clan barbarian helmet/head piece. heavy/plate tier variant F. Materials/feel: fur, hide, bone, rough iron. Color palette: rust red, bone white, dark steel. Style: crude tribal, blood-soaked, hand-painted toon shading, clean silhouette, suitable for an RTS unit at ~2m tall. Approximate size: 13 cm wide × 13 cm tall × 16 cm deep. Placement: attaches to the Bip001 Head001 bone (rests on the skull, fits over hair). Single mesh, T-pose neutral, no skeleton, baked diffuse texture only.","photoreal, hyperreal, realistic skin pores, no humans, no faces in armor, no text, no logos, no watermarks, no excess geometry, no PBR maps"
Barbarian,BRB_head_H,Head,H,heavy/plate tier,,Bip001 Head001,17×18×19 cm (W×H×D),"A low-poly stylized 3D model: savage frost-clan barbarian helmet/head piece. heavy/plate tier variant H. Materials/feel: fur, hide, bone, rough iron. Color palette: rust red, bone white, dark steel. Style: crude tribal, blood-soaked, hand-painted toon shading, clean silhouette, suitable for an RTS unit at ~2m tall. Approximate size: 17 cm wide × 18 cm tall × 19 cm deep. Placement: attaches to the Bip001 Head001 bone (rests on the skull, fits over hair). Single mesh, T-pose neutral, no skeleton, baked diffuse texture only.","photoreal, hyperreal, realistic skin pores, no humans, no faces in armor, no text, no logos, no watermarks, no excess geometry, no PBR maps"
Barbarian,BRB_shoulderpads_C,Shoulders,C,medium/leather tier,,Bip001 R Clavicle001,31×19×17 cm (W×H×D),"A low-poly stylized 3D model: savage frost-clan barbarian pauldron / shoulder pad pair. medium/leather tier variant C. Materials/feel: fur, hide, bone, rough iron. Color palette: rust red, bone white, dark steel. Style: crude tribal, blood-soaked, hand-painted toon shading, clean silhouette, suitable for an RTS unit at ~2m tall. Approximate size: 31 cm wide × 19 cm tall × 17 cm deep. Placement: attaches to the Bip001 R Clavicle001 bone (sits on top of the shoulders). Single mesh, T-pose neutral, no skeleton, baked diffuse texture only.","photoreal, hyperreal, realistic skin pores, no humans, no faces in armor, no text, no logos, no watermarks, no excess geometry, no PBR maps"
Barbarian,BRB_shoulderpads_A,Shoulders,A,light/cloth tier,,Bip001 L Clavicle001,16×19×15 cm (W×H×D),"A low-poly stylized 3D model: savage frost-clan barbarian pauldron / shoulder pad pair. light/cloth tier variant A. Materials/feel: fur, hide, bone, rough iron. Color palette: rust red, bone white, dark steel. Style: crude tribal, blood-soaked, hand-painted toon shading, clean silhouette, suitable for an RTS unit at ~2m tall. Approximate size: 16 cm wide × 19 cm tall × 15 cm deep. Placement: attaches to the Bip001 L Clavicle001 bone (sits on top of the shoulders). Single mesh, T-pose neutral, no skeleton, baked diffuse texture only.","photoreal, hyperreal, realistic skin pores, no humans, no faces in armor, no text, no logos, no watermarks, no excess geometry, no PBR maps"
Barbarian,BRB_head_E,Head,E,medium/leather tier,,Bip001 Head001,17×13×15 cm (W×H×D),"A low-poly stylized 3D model: savage frost-clan barbarian helmet/head piece. medium/leather tier variant E. Materials/feel: fur, hide, bone, rough iron. Color palette: rust red, bone white, dark steel. Style: crude tribal, blood-soaked, hand-painted toon shading, clean silhouette, suitable for an RTS unit at ~2m tall. Approximate size: 17 cm wide × 13 cm tall × 15 cm deep. Placement: attaches to the Bip001 Head001 bone (rests on the skull, fits over hair). Single mesh, T-pose neutral, no skeleton, baked diffuse texture only.","photoreal, hyperreal, realistic skin pores, no humans, no faces in armor, no text, no logos, no watermarks, no excess geometry, no PBR maps"
Barbarian,BRB_head_G,Head,G,heavy/plate tier,,Bip001 Head001,19×14×16 cm (W×H×D),"A low-poly stylized 3D model: savage frost-clan barbarian helmet/head piece. heavy/plate tier variant G. Materials/feel: fur, hide, bone, rough iron. Color palette: rust red, bone white, dark steel. Style: crude tribal, blood-soaked, hand-painted toon shading, clean silhouette, suitable for an RTS unit at ~2m tall. Approximate size: 19 cm wide × 14 cm tall × 16 cm deep. Placement: attaches to the Bip001 Head001 bone (rests on the skull, fits over hair). Single mesh, T-pose neutral, no skeleton, baked diffuse texture only.","photoreal, hyperreal, realistic skin pores, no humans, no faces in armor, no text, no logos, no watermarks, no excess geometry, no PBR maps"
Barbarian,BRB_body_C,Body,C,medium/leather tier,,Bip001 Spine001,43×14×42 cm (W×H×D),"A low-poly stylized 3D model: savage frost-clan barbarian chest armor (cuirass / tunic / robe top). medium/leather tier variant C. Materials/feel: fur, hide, bone, rough iron. Color palette: rust red, bone white, dark steel. Style: crude tribal, blood-soaked, hand-painted toon shading, clean silhouette, suitable for an RTS unit at ~2m tall. Approximate size: 43 cm wide × 14 cm tall × 42 cm deep. Placement: attaches to the Bip001 Spine001 bone (covers shoulders down to waist). Single mesh, T-pose neutral, no skeleton, baked diffuse texture only.","photoreal, hyperreal, realistic skin pores, no humans, no faces in armor, no text, no logos, no watermarks, no excess geometry, no PBR maps"
Barbarian,BRB_body_H,Body,H,heavy/plate tier,,Bip001 Spine001,43×16×42 cm (W×H×D),"A low-poly stylized 3D model: savage frost-clan barbarian chest armor (cuirass / tunic / robe top). heavy/plate tier variant H. Materials/feel: fur, hide, bone, rough iron. Color palette: rust red, bone white, dark steel. Style: crude tribal, blood-soaked, hand-painted toon shading, clean silhouette, suitable for an RTS unit at ~2m tall. Approximate size: 43 cm wide × 16 cm tall × 42 cm deep. Placement: attaches to the Bip001 Spine001 bone (covers shoulders down to waist). Single mesh, T-pose neutral, no skeleton, baked diffuse texture only.","photoreal, hyperreal, realistic skin pores, no humans, no faces in armor, no text, no logos, no watermarks, no excess geometry, no PBR maps"
Barbarian,BRB_arms_A,Arms,A,light/cloth tier,,Bip001 R Hand001,60×8×16 cm (W×H×D),"A low-poly stylized 3D model: savage frost-clan barbarian arm guards / bracers / sleeves. light/cloth tier variant A. Materials/feel: fur, hide, bone, rough iron. Color palette: rust red, bone white, dark steel. Style: crude tribal, blood-soaked, hand-painted toon shading, clean silhouette, suitable for an RTS unit at ~2m tall. Approximate size: 60 cm wide × 8 cm tall × 16 cm deep. Placement: attaches to the Bip001 R Hand001 bone (wrist to elbow on both arms). Single mesh, T-pose neutral, no skeleton, baked diffuse texture only.","photoreal, hyperreal, realistic skin pores, no humans, no faces in armor, no text, no logos, no watermarks, no excess geometry, no PBR maps"
Barbarian,BRB_legs_A,Legs,A,light/cloth tier,,Bip001 R Foot001,20×16×14 cm (W×H×D),"A low-poly stylized 3D model: savage frost-clan barbarian greaves / leg armor / leggings. light/cloth tier variant A. Materials/feel: fur, hide, bone, rough iron. Color palette: rust red, bone white, dark steel. Style: crude tribal, blood-soaked, hand-painted toon shading, clean silhouette, suitable for an RTS unit at ~2m tall. Approximate size: 20 cm wide × 16 cm tall × 14 cm deep. Placement: attaches to the Bip001 R Foot001 bone (hip to ankle). Single mesh, T-pose neutral, no skeleton, baked diffuse texture only.","photoreal, hyperreal, realistic skin pores, no humans, no faces in armor, no text, no logos, no watermarks, no excess geometry, no PBR maps"
Barbarian,BRB_arms_B,Arms,B,light/cloth tier,,Bip001 R Hand001,60×8×16 cm (W×H×D),"A low-poly stylized 3D model: savage frost-clan barbarian arm guards / bracers / sleeves. light/cloth tier variant B. Materials/feel: fur, hide, bone, rough iron. Color palette: rust red, bone white, dark steel. Style: crude tribal, blood-soaked, hand-painted toon shading, clean silhouette, suitable for an RTS unit at ~2m tall. Approximate size: 60 cm wide × 8 cm tall × 16 cm deep. Placement: attaches to the Bip001 R Hand001 bone (wrist to elbow on both arms). Single mesh, T-pose neutral, no skeleton, baked diffuse texture only.","photoreal, hyperreal, realistic skin pores, no humans, no faces in armor, no text, no logos, no watermarks, no excess geometry, no PBR maps"
Barbarian,BRB_legs_B,Legs,B,light/cloth tier,,Bip001 R Foot001,20×16×14 cm (W×H×D),"A low-poly stylized 3D model: savage frost-clan barbarian greaves / leg armor / leggings. light/cloth tier variant B. Materials/feel: fur, hide, bone, rough iron. Color palette: rust red, bone white, dark steel. Style: crude tribal, blood-soaked, hand-painted toon shading, clean silhouette, suitable for an RTS unit at ~2m tall. Approximate size: 20 cm wide × 16 cm tall × 14 cm deep. Placement: attaches to the Bip001 R Foot001 bone (hip to ankle). Single mesh, T-pose neutral, no skeleton, baked diffuse texture only.","photoreal, hyperreal, realistic skin pores, no humans, no faces in armor, no text, no logos, no watermarks, no excess geometry, no PBR maps"
Barbarian,BRB_arms_C,Arms,C,medium/leather tier,,Bip001 R Forearm001,60×10×18 cm (W×H×D),"A low-poly stylized 3D model: savage frost-clan barbarian arm guards / bracers / sleeves. medium/leather tier variant C. Materials/feel: fur, hide, bone, rough iron. Color palette: rust red, bone white, dark steel. Style: crude tribal, blood-soaked, hand-painted toon shading, clean silhouette, suitable for an RTS unit at ~2m tall. Approximate size: 60 cm wide × 10 cm tall × 18 cm deep. Placement: attaches to the Bip001 R Forearm001 bone (wrist to elbow on both arms). Single mesh, T-pose neutral, no skeleton, baked diffuse texture only.","photoreal, hyperreal, realistic skin pores, no humans, no faces in armor, no text, no logos, no watermarks, no excess geometry, no PBR maps"
Barbarian,BRB_legs_C,Legs,C,medium/leather tier,,Bip001 R Foot001,20×16×14 cm (W×H×D),"A low-poly stylized 3D model: savage frost-clan barbarian greaves / leg armor / leggings. medium/leather tier variant C. Materials/feel: fur, hide, bone, rough iron. Color palette: rust red, bone white, dark steel. Style: crude tribal, blood-soaked, hand-painted toon shading, clean silhouette, suitable for an RTS unit at ~2m tall. Approximate size: 20 cm wide × 16 cm tall × 14 cm deep. Placement: attaches to the Bip001 R Foot001 bone (hip to ankle). Single mesh, T-pose neutral, no skeleton, baked diffuse texture only.","photoreal, hyperreal, realistic skin pores, no humans, no faces in armor, no text, no logos, no watermarks, no excess geometry, no PBR maps"
Barbarian,BRB_weapon_staff_A,Staff,A,light/cloth tier,right,,69×7×9 cm (W×H×D),"A low-poly stylized 3D model: savage frost-clan barbarian magic staff with crystal/orb finial. light/cloth tier variant A. Materials/feel: fur, hide, bone, rough iron. Color palette: rust red, bone white, dark steel. Style: crude tribal, blood-soaked, hand-painted toon shading, clean silhouette, suitable for an RTS unit at ~2m tall. Approximate size: 69 cm wide × 7 cm tall × 9 cm deep. Placement: right hand, vertical. Single mesh, T-pose neutral, no skeleton, baked diffuse texture only.","photoreal, hyperreal, realistic skin pores, no humans, no faces in armor, no text, no logos, no watermarks, no excess geometry, no PBR maps"
Barbarian,BRB_weapon_Bow,Bow,,,left,,54×3×12 cm (W×H×D),"A low-poly stylized 3D model: savage frost-clan barbarian recurve bow. Materials/feel: fur, hide, bone, rough iron. Color palette: rust red, bone white, dark steel. Style: crude tribal, blood-soaked, hand-painted toon shading, clean silhouette, suitable for an RTS unit at ~2m tall. Approximate size: 54 cm wide × 3 cm tall × 12 cm deep. Placement: left hand grip. Single mesh, T-pose neutral, no skeleton, baked diffuse texture only.","photoreal, hyperreal, realistic skin pores, no humans, no faces in armor, no text, no logos, no watermarks, no excess geometry, no PBR maps"
Barbarian,BRB_weapon_staff_C,Staff,C,medium/leather tier,right,,71×12×17 cm (W×H×D),"A low-poly stylized 3D model: savage frost-clan barbarian magic staff with crystal/orb finial. medium/leather tier variant C. Materials/feel: fur, hide, bone, rough iron. Color palette: rust red, bone white, dark steel. Style: crude tribal, blood-soaked, hand-painted toon shading, clean silhouette, suitable for an RTS unit at ~2m tall. Approximate size: 71 cm wide × 12 cm tall × 17 cm deep. Placement: right hand, vertical. Single mesh, T-pose neutral, no skeleton, baked diffuse texture only.","photoreal, hyperreal, realistic skin pores, no humans, no faces in armor, no text, no logos, no watermarks, no excess geometry, no PBR maps"
Barbarian,BRB_weapon_staff_B,Staff,B,light/cloth tier,right,,72×8×15 cm (W×H×D),"A low-poly stylized 3D model: savage frost-clan barbarian magic staff with crystal/orb finial. light/cloth tier variant B. Materials/feel: fur, hide, bone, rough iron. Color palette: rust red, bone white, dark steel. Style: crude tribal, blood-soaked, hand-painted toon shading, clean silhouette, suitable for an RTS unit at ~2m tall. Approximate size: 72 cm wide × 8 cm tall × 15 cm deep. Placement: right hand, vertical. Single mesh, T-pose neutral, no skeleton, baked diffuse texture only.","photoreal, hyperreal, realistic skin pores, no humans, no faces in armor, no text, no logos, no watermarks, no excess geometry, no PBR maps"
Barbarian,BRB_Shield_A,Shield,A,light/cloth tier,left,,5×21×21 cm (W×H×D),"A low-poly stylized 3D model: savage frost-clan barbarian kite/round shield. light/cloth tier variant A. Materials/feel: fur, hide, bone, rough iron. Color palette: rust red, bone white, dark steel. Style: crude tribal, blood-soaked, hand-painted toon shading, clean silhouette, suitable for an RTS unit at ~2m tall. Approximate size: 5 cm wide × 21 cm tall × 21 cm deep. Placement: left forearm strap. Single mesh, T-pose neutral, no skeleton, baked diffuse texture only.","photoreal, hyperreal, realistic skin pores, no humans, no faces in armor, no text, no logos, no watermarks, no excess geometry, no PBR maps"
Barbarian,BRB_Shield_C,Shield,C,medium/leather tier,left,,5×35×20 cm (W×H×D),"A low-poly stylized 3D model: savage frost-clan barbarian kite/round shield. medium/leather tier variant C. Materials/feel: fur, hide, bone, rough iron. Color palette: rust red, bone white, dark steel. Style: crude tribal, blood-soaked, hand-painted toon shading, clean silhouette, suitable for an RTS unit at ~2m tall. Approximate size: 5 cm wide × 35 cm tall × 20 cm deep. Placement: left forearm strap. Single mesh, T-pose neutral, no skeleton, baked diffuse texture only.","photoreal, hyperreal, realistic skin pores, no humans, no faces in armor, no text, no logos, no watermarks, no excess geometry, no PBR maps"
Barbarian,BRB_Shield_D,Shield,D,medium/leather tier,left,,5×28×27 cm (W×H×D),"A low-poly stylized 3D model: savage frost-clan barbarian kite/round shield. medium/leather tier variant D. Materials/feel: fur, hide, bone, rough iron. Color palette: rust red, bone white, dark steel. Style: crude tribal, blood-soaked, hand-painted toon shading, clean silhouette, suitable for an RTS unit at ~2m tall. Approximate size: 5 cm wide × 28 cm tall × 27 cm deep. Placement: left forearm strap. Single mesh, T-pose neutral, no skeleton, baked diffuse texture only.","photoreal, hyperreal, realistic skin pores, no humans, no faces in armor, no text, no logos, no watermarks, no excess geometry, no PBR maps"
Barbarian,BRB_Shield_B,Shield,B,light/cloth tier,left,,5×28×27 cm (W×H×D),"A low-poly stylized 3D model: savage frost-clan barbarian kite/round shield. light/cloth tier variant B. Materials/feel: fur, hide, bone, rough iron. Color palette: rust red, bone white, dark steel. Style: crude tribal, blood-soaked, hand-painted toon shading, clean silhouette, suitable for an RTS unit at ~2m tall. Approximate size: 5 cm wide × 28 cm tall × 27 cm deep. Placement: left forearm strap. Single mesh, T-pose neutral, no skeleton, baked diffuse texture only.","photoreal, hyperreal, realistic skin pores, no humans, no faces in armor, no text, no logos, no watermarks, no excess geometry, no PBR maps"
Barbarian,BRB_weapon_sword_A,Sword,A,light/cloth tier,right,,45×4×10 cm (W×H×D),"A low-poly stylized 3D model: savage frost-clan barbarian one-handed sword. light/cloth tier variant A. Materials/feel: fur, hide, bone, rough iron. Color palette: rust red, bone white, dark steel. Style: crude tribal, blood-soaked, hand-painted toon shading, clean silhouette, suitable for an RTS unit at ~2m tall. Approximate size: 45 cm wide × 4 cm tall × 10 cm deep. Placement: right hand grip, blade pointing up. Single mesh, T-pose neutral, no skeleton, baked diffuse texture only.","photoreal, hyperreal, realistic skin pores, no humans, no faces in armor, no text, no logos, no watermarks, no excess geometry, no PBR maps"
Barbarian,BRB_weapon_spear,Spear,,,right,,77×3×7 cm (W×H×D),"A low-poly stylized 3D model: savage frost-clan barbarian long spear. Materials/feel: fur, hide, bone, rough iron. Color palette: rust red, bone white, dark steel. Style: crude tribal, blood-soaked, hand-painted toon shading, clean silhouette, suitable for an RTS unit at ~2m tall. Approximate size: 77 cm wide × 3 cm tall × 7 cm deep. Placement: right hand grip, vertical. Single mesh, T-pose neutral, no skeleton, baked diffuse texture only.","photoreal, hyperreal, realistic skin pores, no humans, no faces in armor, no text, no logos, no watermarks, no excess geometry, no PBR maps"
Barbarian,BRB_weapon_axe_A,Axe,A,light/cloth tier,right,,33×3×13 cm (W×H×D),"A low-poly stylized 3D model: savage frost-clan barbarian one-handed war axe. light/cloth tier variant A. Materials/feel: fur, hide, bone, rough iron. Color palette: rust red, bone white, dark steel. Style: crude tribal, blood-soaked, hand-painted toon shading, clean silhouette, suitable for an RTS unit at ~2m tall. Approximate size: 33 cm wide × 3 cm tall × 13 cm deep. Placement: right hand grip. Single mesh, T-pose neutral, no skeleton, baked diffuse texture only.","photoreal, hyperreal, realistic skin pores, no humans, no faces in armor, no text, no logos, no watermarks, no excess geometry, no PBR maps"
Barbarian,BRB_weapon_sword_B,Sword,B,light/cloth tier,right,,46×4×11 cm (W×H×D),"A low-poly stylized 3D model: savage frost-clan barbarian one-handed sword. light/cloth tier variant B. Materials/feel: fur, hide, bone, rough iron. Color palette: rust red, bone white, dark steel. Style: crude tribal, blood-soaked, hand-painted toon shading, clean silhouette, suitable for an RTS unit at ~2m tall. Approximate size: 46 cm wide × 4 cm tall × 11 cm deep. Placement: right hand grip, blade pointing up. Single mesh, T-pose neutral, no skeleton, baked diffuse texture only.","photoreal, hyperreal, realistic skin pores, no humans, no faces in armor, no text, no logos, no watermarks, no excess geometry, no PBR maps"
Barbarian,BRB_weapon_hammer_A,Hammer,A,light/cloth tier,right,,29×5×13 cm (W×H×D),"A low-poly stylized 3D model: savage frost-clan barbarian two-handed war hammer. light/cloth tier variant A. Materials/feel: fur, hide, bone, rough iron. Color palette: rust red, bone white, dark steel. Style: crude tribal, blood-soaked, hand-painted toon shading, clean silhouette, suitable for an RTS unit at ~2m tall. Approximate size: 29 cm wide × 5 cm tall × 13 cm deep. Placement: right hand grip. Single mesh, T-pose neutral, no skeleton, baked diffuse texture only.","photoreal, hyperreal, realistic skin pores, no humans, no faces in armor, no text, no logos, no watermarks, no excess geometry, no PBR maps"
Barbarian,BRB_weapon_Dagger,Dagger,,,right,,33×3×6 cm (W×H×D),"A low-poly stylized 3D model: savage frost-clan barbarian dagger / short blade. Materials/feel: fur, hide, bone, rough iron. Color palette: rust red, bone white, dark steel. Style: crude tribal, blood-soaked, hand-painted toon shading, clean silhouette, suitable for an RTS unit at ~2m tall. Approximate size: 33 cm wide × 3 cm tall × 6 cm deep. Placement: right hand reverse-grip. Single mesh, T-pose neutral, no skeleton, baked diffuse texture only.","photoreal, hyperreal, realistic skin pores, no humans, no faces in armor, no text, no logos, no watermarks, no excess geometry, no PBR maps"
Barbarian,BRB_weapon_axe_B,Axe,B,light/cloth tier,right,,43×4×20 cm (W×H×D),"A low-poly stylized 3D model: savage frost-clan barbarian one-handed war axe. light/cloth tier variant B. Materials/feel: fur, hide, bone, rough iron. Color palette: rust red, bone white, dark steel. Style: crude tribal, blood-soaked, hand-painted toon shading, clean silhouette, suitable for an RTS unit at ~2m tall. Approximate size: 43 cm wide × 4 cm tall × 20 cm deep. Placement: right hand grip. Single mesh, T-pose neutral, no skeleton, baked diffuse texture only.","photoreal, hyperreal, realistic skin pores, no humans, no faces in armor, no text, no logos, no watermarks, no excess geometry, no PBR maps"
Barbarian,BRB_weapon_hammer_B,Hammer,B,light/cloth tier,right,,38×7×14 cm (W×H×D),"A low-poly stylized 3D model: savage frost-clan barbarian two-handed war hammer. light/cloth tier variant B. Materials/feel: fur, hide, bone, rough iron. Color palette: rust red, bone white, dark steel. Style: crude tribal, blood-soaked, hand-painted toon shading, clean silhouette, suitable for an RTS unit at ~2m tall. Approximate size: 38 cm wide × 7 cm tall × 14 cm deep. Placement: right hand grip. Single mesh, T-pose neutral, no skeleton, baked diffuse texture only.","photoreal, hyperreal, realistic skin pores, no humans, no faces in armor, no text, no logos, no watermarks, no excess geometry, no PBR maps"
Barbarian,BRB_weapon_axe_C,Axe,C,medium/leather tier,right,,36×4×20 cm (W×H×D),"A low-poly stylized 3D model: savage frost-clan barbarian one-handed war axe. medium/leather tier variant C. Materials/feel: fur, hide, bone, rough iron. Color palette: rust red, bone white, dark steel. Style: crude tribal, blood-soaked, hand-painted toon shading, clean silhouette, suitable for an RTS unit at ~2m tall. Approximate size: 36 cm wide × 4 cm tall × 20 cm deep. Placement: right hand grip. Single mesh, T-pose neutral, no skeleton, baked diffuse texture only.","photoreal, hyperreal, realistic skin pores, no humans, no faces in armor, no text, no logos, no watermarks, no excess geometry, no PBR maps"
Barbarian,BRB_Xtra_wood,Lumber,,,,,34×30×18 cm (W×H×D),"A low-poly stylized 3D model: savage frost-clan barbarian log of carry-wood. Materials/feel: fur, hide, bone, rough iron. Color palette: rust red, bone white, dark steel. Style: crude tribal, blood-soaked, hand-painted toon shading, clean silhouette, suitable for an RTS unit at ~2m tall. Approximate size: 34 cm wide × 30 cm tall × 18 cm deep. Placement: shouldered or back-strap. Single mesh, T-pose neutral, no skeleton, baked diffuse texture only.","photoreal, hyperreal, realistic skin pores, no humans, no faces in armor, no text, no logos, no watermarks, no excess geometry, no PBR maps"
Barbarian,BRB_Xtra_bag,Belt Bag,,,,,21×32×24 cm (W×H×D),"A low-poly stylized 3D model: savage frost-clan barbarian belt-pouch / satchel. Materials/feel: fur, hide, bone, rough iron. Color palette: rust red, bone white, dark steel. Style: crude tribal, blood-soaked, hand-painted toon shading, clean silhouette, suitable for an RTS unit at ~2m tall. Approximate size: 21 cm wide × 32 cm tall × 24 cm deep. Placement: hangs from waist belt. Single mesh, T-pose neutral, no skeleton, baked diffuse texture only.","photoreal, hyperreal, realistic skin pores, no humans, no faces in armor, no text, no logos, no watermarks, no excess geometry, no PBR maps"
Barbarian,BRB_Xtra_quiver,Quiver,,,,,11×7×37 cm (W×H×D),"A low-poly stylized 3D model: savage frost-clan barbarian arrow quiver. Materials/feel: fur, hide, bone, rough iron. Color palette: rust red, bone white, dark steel. Style: crude tribal, blood-soaked, hand-painted toon shading, clean silhouette, suitable for an RTS unit at ~2m tall. Approximate size: 11 cm wide × 7 cm tall × 37 cm deep. Placement: strapped to back, over shoulder. Single mesh, T-pose neutral, no skeleton, baked diffuse texture only.","photoreal, hyperreal, realistic skin pores, no humans, no faces in armor, no text, no logos, no watermarks, no excess geometry, no PBR maps"
Barbarian,BRB_body_F,Body,F,heavy/plate tier,,Bip001 Spine,40×19×54 cm (W×H×D),"A low-poly stylized 3D model: savage frost-clan barbarian chest armor (cuirass / tunic / robe top). heavy/plate tier variant F. Materials/feel: fur, hide, bone, rough iron. Color palette: rust red, bone white, dark steel. Style: crude tribal, blood-soaked, hand-painted toon shading, clean silhouette, suitable for an RTS unit at ~2m tall. Approximate size: 40 cm wide × 19 cm tall × 54 cm deep. Placement: attaches to the Bip001 Spine bone (covers shoulders down to waist). Single mesh, T-pose neutral, no skeleton, baked diffuse texture only.","photoreal, hyperreal, realistic skin pores, no humans, no faces in armor, no text, no logos, no watermarks, no excess geometry, no PBR maps"
Barbarian,BRB_head_I,Head,I,heavy/plate tier,,Bip001 Head,10×18×18 cm (W×H×D),"A low-poly stylized 3D model: savage frost-clan barbarian helmet/head piece. heavy/plate tier variant I. Materials/feel: fur, hide, bone, rough iron. Color palette: rust red, bone white, dark steel. Style: crude tribal, blood-soaked, hand-painted toon shading, clean silhouette, suitable for an RTS unit at ~2m tall. Approximate size: 10 cm wide × 18 cm tall × 18 cm deep. Placement: attaches to the Bip001 Head bone (rests on the skull, fits over hair). Single mesh, T-pose neutral, no skeleton, baked diffuse texture only.","photoreal, hyperreal, realistic skin pores, no humans, no faces in armor, no text, no logos, no watermarks, no excess geometry, no PBR maps"
Barbarian,BRB_head_J,Head,J,heavy/plate tier,,Bip001 Head,10×14×18 cm (W×H×D),"A low-poly stylized 3D model: savage frost-clan barbarian helmet/head piece. heavy/plate tier variant J. Materials/feel: fur, hide, bone, rough iron. Color palette: rust red, bone white, dark steel. Style: crude tribal, blood-soaked, hand-painted toon shading, clean silhouette, suitable for an RTS unit at ~2m tall. Approximate size: 10 cm wide × 14 cm tall × 18 cm deep. Placement: attaches to the Bip001 Head bone (rests on the skull, fits over hair). Single mesh, T-pose neutral, no skeleton, baked diffuse texture only.","photoreal, hyperreal, realistic skin pores, no humans, no faces in armor, no text, no logos, no watermarks, no excess geometry, no PBR maps"
Barbarian,BRB_head_C,Head,C,medium/leather tier,,Bip001 Head,10×14×15 cm (W×H×D),"A low-poly stylized 3D model: savage frost-clan barbarian helmet/head piece. medium/leather tier variant C. Materials/feel: fur, hide, bone, rough iron. Color palette: rust red, bone white, dark steel. Style: crude tribal, blood-soaked, hand-painted toon shading, clean silhouette, suitable for an RTS unit at ~2m tall. Approximate size: 10 cm wide × 14 cm tall × 15 cm deep. Placement: attaches to the Bip001 Head bone (rests on the skull, fits over hair). Single mesh, T-pose neutral, no skeleton, baked diffuse texture only.","photoreal, hyperreal, realistic skin pores, no humans, no faces in armor, no text, no logos, no watermarks, no excess geometry, no PBR maps"
Barbarian,BRB_body_A,Body,A,light/cloth tier,,Bip001 Spine,43×15×42 cm (W×H×D),"A low-poly stylized 3D model: savage frost-clan barbarian chest armor (cuirass / tunic / robe top). light/cloth tier variant A. Materials/feel: fur, hide, bone, rough iron. Color palette: rust red, bone white, dark steel. Style: crude tribal, blood-soaked, hand-painted toon shading, clean silhouette, suitable for an RTS unit at ~2m tall. Approximate size: 43 cm wide × 15 cm tall × 42 cm deep. Placement: attaches to the Bip001 Spine bone (covers shoulders down to waist). Single mesh, T-pose neutral, no skeleton, baked diffuse texture only.","photoreal, hyperreal, realistic skin pores, no humans, no faces in armor, no text, no logos, no watermarks, no excess geometry, no PBR maps"
Barbarian,BRB_body_B,Body,B,light/cloth tier,,Bip001 Spine,43×15×42 cm (W×H×D),"A low-poly stylized 3D model: savage frost-clan barbarian chest armor (cuirass / tunic / robe top). light/cloth tier variant B. Materials/feel: fur, hide, bone, rough iron. Color palette: rust red, bone white, dark steel. Style: crude tribal, blood-soaked, hand-painted toon shading, clean silhouette, suitable for an RTS unit at ~2m tall. Approximate size: 43 cm wide × 15 cm tall × 42 cm deep. Placement: attaches to the Bip001 Spine bone (covers shoulders down to waist). Single mesh, T-pose neutral, no skeleton, baked diffuse texture only.","photoreal, hyperreal, realistic skin pores, no humans, no faces in armor, no text, no logos, no watermarks, no excess geometry, no PBR maps"
Barbarian,BRB_body_E,Body,E,medium/leather tier,,Bip001 Spine,43×16×42 cm (W×H×D),"A low-poly stylized 3D model: savage frost-clan barbarian chest armor (cuirass / tunic / robe top). medium/leather tier variant E. Materials/feel: fur, hide, bone, rough iron. Color palette: rust red, bone white, dark steel. Style: crude tribal, blood-soaked, hand-painted toon shading, clean silhouette, suitable for an RTS unit at ~2m tall. Approximate size: 43 cm wide × 16 cm tall × 42 cm deep. Placement: attaches to the Bip001 Spine bone (covers shoulders down to waist). Single mesh, T-pose neutral, no skeleton, baked diffuse texture only.","photoreal, hyperreal, realistic skin pores, no humans, no faces in armor, no text, no logos, no watermarks, no excess geometry, no PBR maps"
Barbarian,BRB_head_B,Head,B,light/cloth tier,,Bip001 Head,7×18×16 cm (W×H×D),"A low-poly stylized 3D model: savage frost-clan barbarian helmet/head piece. light/cloth tier variant B. Materials/feel: fur, hide, bone, rough iron. Color palette: rust red, bone white, dark steel. Style: crude tribal, blood-soaked, hand-painted toon shading, clean silhouette, suitable for an RTS unit at ~2m tall. Approximate size: 7 cm wide × 18 cm tall × 16 cm deep. Placement: attaches to the Bip001 Head bone (rests on the skull, fits over hair). Single mesh, T-pose neutral, no skeleton, baked diffuse texture only.","photoreal, hyperreal, realistic skin pores, no humans, no faces in armor, no text, no logos, no watermarks, no excess geometry, no PBR maps"
Barbarian,BRB_body_D,Body,D,medium/leather tier,,Bip001 Spine,43×14×42 cm (W×H×D),"A low-poly stylized 3D model: savage frost-clan barbarian chest armor (cuirass / tunic / robe top). medium/leather tier variant D. Materials/feel: fur, hide, bone, rough iron. Color palette: rust red, bone white, dark steel. Style: crude tribal, blood-soaked, hand-painted toon shading, clean silhouette, suitable for an RTS unit at ~2m tall. Approximate size: 43 cm wide × 14 cm tall × 42 cm deep. Placement: attaches to the Bip001 Spine bone (covers shoulders down to waist). Single mesh, T-pose neutral, no skeleton, baked diffuse texture only.","photoreal, hyperreal, realistic skin pores, no humans, no faces in armor, no text, no logos, no watermarks, no excess geometry, no PBR maps"
Barbarian,BRB_head_A,Head,A,light/cloth tier,,Bip001 Head,7×11×12 cm (W×H×D),"A low-poly stylized 3D model: savage frost-clan barbarian helmet/head piece. light/cloth tier variant A. Materials/feel: fur, hide, bone, rough iron. Color palette: rust red, bone white, dark steel. Style: crude tribal, blood-soaked, hand-painted toon shading, clean silhouette, suitable for an RTS unit at ~2m tall. Approximate size: 7 cm wide × 11 cm tall × 12 cm deep. Placement: attaches to the Bip001 Head bone (rests on the skull, fits over hair). Single mesh, T-pose neutral, no skeleton, baked diffuse texture only.","photoreal, hyperreal, realistic skin pores, no humans, no faces in armor, no text, no logos, no watermarks, no excess geometry, no PBR maps"
Barbarian,BRB_shoulderpads_B,Shoulders,B,light/cloth tier,,Bip001 R Clavicle,29×18×11 cm (W×H×D),"A low-poly stylized 3D model: savage frost-clan barbarian pauldron / shoulder pad pair. light/cloth tier variant B. Materials/feel: fur, hide, bone, rough iron. Color palette: rust red, bone white, dark steel. Style: crude tribal, blood-soaked, hand-painted toon shading, clean silhouette, suitable for an RTS unit at ~2m tall. Approximate size: 29 cm wide × 18 cm tall × 11 cm deep. Placement: attaches to the Bip001 R Clavicle bone (sits on top of the shoulders). Single mesh, T-pose neutral, no skeleton, baked diffuse texture only.","photoreal, hyperreal, realistic skin pores, no humans, no faces in armor, no text, no logos, no watermarks, no excess geometry, no PBR maps"
Barbarian,BRB_body_G,Body,G,heavy/plate tier,,Bip001 Spine,43×16×42 cm (W×H×D),"A low-poly stylized 3D model: savage frost-clan barbarian chest armor (cuirass / tunic / robe top). heavy/plate tier variant G. Materials/feel: fur, hide, bone, rough iron. Color palette: rust red, bone white, dark steel. Style: crude tribal, blood-soaked, hand-painted toon shading, clean silhouette, suitable for an RTS unit at ~2m tall. Approximate size: 43 cm wide × 16 cm tall × 42 cm deep. Placement: attaches to the Bip001 Spine bone (covers shoulders down to waist). Single mesh, T-pose neutral, no skeleton, baked diffuse texture only.","photoreal, hyperreal, realistic skin pores, no humans, no faces in armor, no text, no logos, no watermarks, no excess geometry, no PBR maps"
Barbarian,BRB_head_D,Head,D,medium/leather tier,,Bip001 Head,8×13×14 cm (W×H×D),"A low-poly stylized 3D model: savage frost-clan barbarian helmet/head piece. medium/leather tier variant D. Materials/feel: fur, hide, bone, rough iron. Color palette: rust red, bone white, dark steel. Style: crude tribal, blood-soaked, hand-painted toon shading, clean silhouette, suitable for an RTS unit at ~2m tall. Approximate size: 8 cm wide × 13 cm tall × 14 cm deep. Placement: attaches to the Bip001 Head bone (rests on the skull, fits over hair). Single mesh, T-pose neutral, no skeleton, baked diffuse texture only.","photoreal, hyperreal, realistic skin pores, no humans, no faces in armor, no text, no logos, no watermarks, no excess geometry, no PBR maps"
Barbarian,BRB_head_F,Head,F,heavy/plate tier,,Bip001 Head,13×13×16 cm (W×H×D),"A low-poly stylized 3D model: savage frost-clan barbarian helmet/head piece. heavy/plate tier variant F. Materials/feel: fur, hide, bone, rough iron. Color palette: rust red, bone white, dark steel. Style: crude tribal, blood-soaked, hand-painted toon shading, clean silhouette, suitable for an RTS unit at ~2m tall. Approximate size: 13 cm wide × 13 cm tall × 16 cm deep. Placement: attaches to the Bip001 Head bone (rests on the skull, fits over hair). Single mesh, T-pose neutral, no skeleton, baked diffuse texture only.","photoreal, hyperreal, realistic skin pores, no humans, no faces in armor, no text, no logos, no watermarks, no excess geometry, no PBR maps"
Barbarian,BRB_head_H,Head,H,heavy/plate tier,,Bip001 Head,17×18×19 cm (W×H×D),"A low-poly stylized 3D model: savage frost-clan barbarian helmet/head piece. heavy/plate tier variant H. Materials/feel: fur, hide, bone, rough iron. Color palette: rust red, bone white, dark steel. Style: crude tribal, blood-soaked, hand-painted toon shading, clean silhouette, suitable for an RTS unit at ~2m tall. Approximate size: 17 cm wide × 18 cm tall × 19 cm deep. Placement: attaches to the Bip001 Head bone (rests on the skull, fits over hair). Single mesh, T-pose neutral, no skeleton, baked diffuse texture only.","photoreal, hyperreal, realistic skin pores, no humans, no faces in armor, no text, no logos, no watermarks, no excess geometry, no PBR maps"
Barbarian,BRB_shoulderpads_C,Shoulders,C,medium/leather tier,,Bip001 R Clavicle,31×19×17 cm (W×H×D),"A low-poly stylized 3D model: savage frost-clan barbarian pauldron / shoulder pad pair. medium/leather tier variant C. Materials/feel: fur, hide, bone, rough iron. Color palette: rust red, bone white, dark steel. Style: crude tribal, blood-soaked, hand-painted toon shading, clean silhouette, suitable for an RTS unit at ~2m tall. Approximate size: 31 cm wide × 19 cm tall × 17 cm deep. Placement: attaches to the Bip001 R Clavicle bone (sits on top of the shoulders). Single mesh, T-pose neutral, no skeleton, baked diffuse texture only.","photoreal, hyperreal, realistic skin pores, no humans, no faces in armor, no text, no logos, no watermarks, no excess geometry, no PBR maps"
Barbarian,BRB_shoulderpads_A,Shoulders,A,light/cloth tier,,Bip001 L Clavicle,16×19×15 cm (W×H×D),"A low-poly stylized 3D model: savage frost-clan barbarian pauldron / shoulder pad pair. light/cloth tier variant A. Materials/feel: fur, hide, bone, rough iron. Color palette: rust red, bone white, dark steel. Style: crude tribal, blood-soaked, hand-painted toon shading, clean silhouette, suitable for an RTS unit at ~2m tall. Approximate size: 16 cm wide × 19 cm tall × 15 cm deep. Placement: attaches to the Bip001 L Clavicle bone (sits on top of the shoulders). Single mesh, T-pose neutral, no skeleton, baked diffuse texture only.","photoreal, hyperreal, realistic skin pores, no humans, no faces in armor, no text, no logos, no watermarks, no excess geometry, no PBR maps"
Barbarian,BRB_head_E,Head,E,medium/leather tier,,Bip001 Head,17×13×15 cm (W×H×D),"A low-poly stylized 3D model: savage frost-clan barbarian helmet/head piece. medium/leather tier variant E. Materials/feel: fur, hide, bone, rough iron. Color palette: rust red, bone white, dark steel. Style: crude tribal, blood-soaked, hand-painted toon shading, clean silhouette, suitable for an RTS unit at ~2m tall. Approximate size: 17 cm wide × 13 cm tall × 15 cm deep. Placement: attaches to the Bip001 Head bone (rests on the skull, fits over hair). Single mesh, T-pose neutral, no skeleton, baked diffuse texture only.","photoreal, hyperreal, realistic skin pores, no humans, no faces in armor, no text, no logos, no watermarks, no excess geometry, no PBR maps"
Barbarian,BRB_head_G,Head,G,heavy/plate tier,,Bip001 Head,19×14×16 cm (W×H×D),"A low-poly stylized 3D model: savage frost-clan barbarian helmet/head piece. heavy/plate tier variant G. Materials/feel: fur, hide, bone, rough iron. Color palette: rust red, bone white, dark steel. Style: crude tribal, blood-soaked, hand-painted toon shading, clean silhouette, suitable for an RTS unit at ~2m tall. Approximate size: 19 cm wide × 14 cm tall × 16 cm deep. Placement: attaches to the Bip001 Head bone (rests on the skull, fits over hair). Single mesh, T-pose neutral, no skeleton, baked diffuse texture only.","photoreal, hyperreal, realistic skin pores, no humans, no faces in armor, no text, no logos, no watermarks, no excess geometry, no PBR maps"
Barbarian,BRB_body_C,Body,C,medium/leather tier,,Bip001 Spine,43×14×42 cm (W×H×D),"A low-poly stylized 3D model: savage frost-clan barbarian chest armor (cuirass / tunic / robe top). medium/leather tier variant C. Materials/feel: fur, hide, bone, rough iron. Color palette: rust red, bone white, dark steel. Style: crude tribal, blood-soaked, hand-painted toon shading, clean silhouette, suitable for an RTS unit at ~2m tall. Approximate size: 43 cm wide × 14 cm tall × 42 cm deep. Placement: attaches to the Bip001 Spine bone (covers shoulders down to waist). Single mesh, T-pose neutral, no skeleton, baked diffuse texture only.","photoreal, hyperreal, realistic skin pores, no humans, no faces in armor, no text, no logos, no watermarks, no excess geometry, no PBR maps"
Barbarian,BRB_body_H,Body,H,heavy/plate tier,,Bip001 Spine,43×16×42 cm (W×H×D),"A low-poly stylized 3D model: savage frost-clan barbarian chest armor (cuirass / tunic / robe top). heavy/plate tier variant H. Materials/feel: fur, hide, bone, rough iron. Color palette: rust red, bone white, dark steel. Style: crude tribal, blood-soaked, hand-painted toon shading, clean silhouette, suitable for an RTS unit at ~2m tall. Approximate size: 43 cm wide × 16 cm tall × 42 cm deep. Placement: attaches to the Bip001 Spine bone (covers shoulders down to waist). Single mesh, T-pose neutral, no skeleton, baked diffuse texture only.","photoreal, hyperreal, realistic skin pores, no humans, no faces in armor, no text, no logos, no watermarks, no excess geometry, no PBR maps"
Barbarian,BRB_arms_A,Arms,A,light/cloth tier,,Bip001 R Hand,60×8×16 cm (W×H×D),"A low-poly stylized 3D model: savage frost-clan barbarian arm guards / bracers / sleeves. light/cloth tier variant A. Materials/feel: fur, hide, bone, rough iron. Color palette: rust red, bone white, dark steel. Style: crude tribal, blood-soaked, hand-painted toon shading, clean silhouette, suitable for an RTS unit at ~2m tall. Approximate size: 60 cm wide × 8 cm tall × 16 cm deep. Placement: attaches to the Bip001 R Hand bone (wrist to elbow on both arms). Single mesh, T-pose neutral, no skeleton, baked diffuse texture only.","photoreal, hyperreal, realistic skin pores, no humans, no faces in armor, no text, no logos, no watermarks, no excess geometry, no PBR maps"
Barbarian,BRB_legs_A,Legs,A,light/cloth tier,,Bip001 R Foot,20×16×14 cm (W×H×D),"A low-poly stylized 3D model: savage frost-clan barbarian greaves / leg armor / leggings. light/cloth tier variant A. Materials/feel: fur, hide, bone, rough iron. Color palette: rust red, bone white, dark steel. Style: crude tribal, blood-soaked, hand-painted toon shading, clean silhouette, suitable for an RTS unit at ~2m tall. Approximate size: 20 cm wide × 16 cm tall × 14 cm deep. Placement: attaches to the Bip001 R Foot bone (hip to ankle). Single mesh, T-pose neutral, no skeleton, baked diffuse texture only.","photoreal, hyperreal, realistic skin pores, no humans, no faces in armor, no text, no logos, no watermarks, no excess geometry, no PBR maps"
Barbarian,BRB_arms_B,Arms,B,light/cloth tier,,Bip001 R Hand,60×8×16 cm (W×H×D),"A low-poly stylized 3D model: savage frost-clan barbarian arm guards / bracers / sleeves. light/cloth tier variant B. Materials/feel: fur, hide, bone, rough iron. Color palette: rust red, bone white, dark steel. Style: crude tribal, blood-soaked, hand-painted toon shading, clean silhouette, suitable for an RTS unit at ~2m tall. Approximate size: 60 cm wide × 8 cm tall × 16 cm deep. Placement: attaches to the Bip001 R Hand bone (wrist to elbow on both arms). Single mesh, T-pose neutral, no skeleton, baked diffuse texture only.","photoreal, hyperreal, realistic skin pores, no humans, no faces in armor, no text, no logos, no watermarks, no excess geometry, no PBR maps"
Barbarian,BRB_legs_B,Legs,B,light/cloth tier,,Bip001 R Foot,20×16×14 cm (W×H×D),"A low-poly stylized 3D model: savage frost-clan barbarian greaves / leg armor / leggings. light/cloth tier variant B. Materials/feel: fur, hide, bone, rough iron. Color palette: rust red, bone white, dark steel. Style: crude tribal, blood-soaked, hand-painted toon shading, clean silhouette, suitable for an RTS unit at ~2m tall. Approximate size: 20 cm wide × 16 cm tall × 14 cm deep. Placement: attaches to the Bip001 R Foot bone (hip to ankle). Single mesh, T-pose neutral, no skeleton, baked diffuse texture only.","photoreal, hyperreal, realistic skin pores, no humans, no faces in armor, no text, no logos, no watermarks, no excess geometry, no PBR maps"
Barbarian,BRB_arms_C,Arms,C,medium/leather tier,,Bip001 R Forearm,60×10×18 cm (W×H×D),"A low-poly stylized 3D model: savage frost-clan barbarian arm guards / bracers / sleeves. medium/leather tier variant C. Materials/feel: fur, hide, bone, rough iron. Color palette: rust red, bone white, dark steel. Style: crude tribal, blood-soaked, hand-painted toon shading, clean silhouette, suitable for an RTS unit at ~2m tall. Approximate size: 60 cm wide × 10 cm tall × 18 cm deep. Placement: attaches to the Bip001 R Forearm bone (wrist to elbow on both arms). Single mesh, T-pose neutral, no skeleton, baked diffuse texture only.","photoreal, hyperreal, realistic skin pores, no humans, no faces in armor, no text, no logos, no watermarks, no excess geometry, no PBR maps"
Barbarian,BRB_legs_C,Legs,C,medium/leather tier,,Bip001 R Foot,20×16×14 cm (W×H×D),"A low-poly stylized 3D model: savage frost-clan barbarian greaves / leg armor / leggings. medium/leather tier variant C. Materials/feel: fur, hide, bone, rough iron. Color palette: rust red, bone white, dark steel. Style: crude tribal, blood-soaked, hand-painted toon shading, clean silhouette, suitable for an RTS unit at ~2m tall. Approximate size: 20 cm wide × 16 cm tall × 14 cm deep. Placement: attaches to the Bip001 R Foot bone (hip to ankle). Single mesh, T-pose neutral, no skeleton, baked diffuse texture only.","photoreal, hyperreal, realistic skin pores, no humans, no faces in armor, no text, no logos, no watermarks, no excess geometry, no PBR maps"
Barbarian,WK_Xtra_bag,Belt Bag,,,,,21×30×16 cm (W×H×D),"A low-poly stylized 3D model: savage frost-clan barbarian belt-pouch / satchel. Materials/feel: fur, hide, bone, rough iron. Color palette: rust red, bone white, dark steel. Style: crude tribal, blood-soaked, hand-painted toon shading, clean silhouette, suitable for an RTS unit at ~2m tall. Approximate size: 21 cm wide × 30 cm tall × 16 cm deep. Placement: hangs from waist belt. Single mesh, T-pose neutral, no skeleton, baked diffuse texture only.","photoreal, hyperreal, realistic skin pores, no humans, no faces in armor, no text, no logos, no watermarks, no excess geometry, no PBR maps"
Barbarian,BRB_weapon_hammer_B,Hammer,B,light/cloth tier,right,,38×7×14 cm (W×H×D),"A low-poly stylized 3D model: savage frost-clan barbarian two-handed war hammer. light/cloth tier variant B. Materials/feel: fur, hide, bone, rough iron. Color palette: rust red, bone white, dark steel. Style: crude tribal, blood-soaked, hand-painted toon shading, clean silhouette, suitable for an RTS unit at ~2m tall. Approximate size: 38 cm wide × 7 cm tall × 14 cm deep. Placement: right hand grip. Single mesh, T-pose neutral, no skeleton, baked diffuse texture only.","photoreal, hyperreal, realistic skin pores, no humans, no faces in armor, no text, no logos, no watermarks, no excess geometry, no PBR maps"
Barbarian,BRB_weapon_spear,Spear,,,right,,77×3×7 cm (W×H×D),"A low-poly stylized 3D model: savage frost-clan barbarian long spear. Materials/feel: fur, hide, bone, rough iron. Color palette: rust red, bone white, dark steel. Style: crude tribal, blood-soaked, hand-painted toon shading, clean silhouette, suitable for an RTS unit at ~2m tall. Approximate size: 77 cm wide × 3 cm tall × 7 cm deep. Placement: right hand grip, vertical. Single mesh, T-pose neutral, no skeleton, baked diffuse texture only.","photoreal, hyperreal, realistic skin pores, no humans, no faces in armor, no text, no logos, no watermarks, no excess geometry, no PBR maps"
Barbarian,BRB_weapon_staff_B,Staff,B,light/cloth tier,right,,72×8×15 cm (W×H×D),"A low-poly stylized 3D model: savage frost-clan barbarian magic staff with crystal/orb finial. light/cloth tier variant B. Materials/feel: fur, hide, bone, rough iron. Color palette: rust red, bone white, dark steel. Style: crude tribal, blood-soaked, hand-painted toon shading, clean silhouette, suitable for an RTS unit at ~2m tall. Approximate size: 72 cm wide × 8 cm tall × 15 cm deep. Placement: right hand, vertical. Single mesh, T-pose neutral, no skeleton, baked diffuse texture only.","photoreal, hyperreal, realistic skin pores, no humans, no faces in armor, no text, no logos, no watermarks, no excess geometry, no PBR maps"
Barbarian,BRB_weapon_sword_B,Sword,B,light/cloth tier,right,,46×4×11 cm (W×H×D),"A low-poly stylized 3D model: savage frost-clan barbarian one-handed sword. light/cloth tier variant B. Materials/feel: fur, hide, bone, rough iron. Color palette: rust red, bone white, dark steel. Style: crude tribal, blood-soaked, hand-painted toon shading, clean silhouette, suitable for an RTS unit at ~2m tall. Approximate size: 46 cm wide × 4 cm tall × 11 cm deep. Placement: right hand grip, blade pointing up. Single mesh, T-pose neutral, no skeleton, baked diffuse texture only.","photoreal, hyperreal, realistic skin pores, no humans, no faces in armor, no text, no logos, no watermarks, no excess geometry, no PBR maps"
Dwarf,DWF_Weapon_bow,Bow,,,left,,49×4×14 cm (W×H×D),"A low-poly stylized 3D model: mountain-dwarven recurve bow. Materials/feel: forged steel, riveted plate, gold filigree, hammered bronze. Color palette: gold, brushed silver, dark iron. Style: stout, ornate, runic engraving, hand-painted toon shading, clean silhouette, suitable for an RTS unit at ~2m tall. Approximate size: 49 cm wide × 4 cm tall × 14 cm deep. Placement: left hand grip. Single mesh, T-pose neutral, no skeleton, baked diffuse texture only.","photoreal, hyperreal, realistic skin pores, no humans, no faces in armor, no text, no logos, no watermarks, no excess geometry, no PBR maps"
Dwarf,DWF_Weapon_staff_B,Staff,B,light/cloth tier,right,,61×16×6 cm (W×H×D),"A low-poly stylized 3D model: mountain-dwarven magic staff with crystal/orb finial. light/cloth tier variant B. Materials/feel: forged steel, riveted plate, gold filigree, hammered bronze. Color palette: gold, brushed silver, dark iron. Style: stout, ornate, runic engraving, hand-painted toon shading, clean silhouette, suitable for an RTS unit at ~2m tall. Approximate size: 61 cm wide × 16 cm tall × 6 cm deep. Placement: right hand, vertical. Single mesh, T-pose neutral, no skeleton, baked diffuse texture only.","photoreal, hyperreal, realistic skin pores, no humans, no faces in armor, no text, no logos, no watermarks, no excess geometry, no PBR maps"
Dwarf,DWF_Weapon_staff_A,Staff,A,light/cloth tier,right,,60×5×5 cm (W×H×D),"A low-poly stylized 3D model: mountain-dwarven magic staff with crystal/orb finial. light/cloth tier variant A. Materials/feel: forged steel, riveted plate, gold filigree, hammered bronze. Color palette: gold, brushed silver, dark iron. Style: stout, ornate, runic engraving, hand-painted toon shading, clean silhouette, suitable for an RTS unit at ~2m tall. Approximate size: 60 cm wide × 5 cm tall × 5 cm deep. Placement: right hand, vertical. Single mesh, T-pose neutral, no skeleton, baked diffuse texture only.","photoreal, hyperreal, realistic skin pores, no humans, no faces in armor, no text, no logos, no watermarks, no excess geometry, no PBR maps"
Dwarf,DWF_Shield_B,Shield,B,light/cloth tier,left,,6×28×27 cm (W×H×D),"A low-poly stylized 3D model: mountain-dwarven kite/round shield. light/cloth tier variant B. Materials/feel: forged steel, riveted plate, gold filigree, hammered bronze. Color palette: gold, brushed silver, dark iron. Style: stout, ornate, runic engraving, hand-painted toon shading, clean silhouette, suitable for an RTS unit at ~2m tall. Approximate size: 6 cm wide × 28 cm tall × 27 cm deep. Placement: left forearm strap. Single mesh, T-pose neutral, no skeleton, baked diffuse texture only.","photoreal, hyperreal, realistic skin pores, no humans, no faces in armor, no text, no logos, no watermarks, no excess geometry, no PBR maps"
Dwarf,DWF_Shield_A,Shield,A,light/cloth tier,left,,7×24×24 cm (W×H×D),"A low-poly stylized 3D model: mountain-dwarven kite/round shield. light/cloth tier variant A. Materials/feel: forged steel, riveted plate, gold filigree, hammered bronze. Color palette: gold, brushed silver, dark iron. Style: stout, ornate, runic engraving, hand-painted toon shading, clean silhouette, suitable for an RTS unit at ~2m tall. Approximate size: 7 cm wide × 24 cm tall × 24 cm deep. Placement: left forearm strap. Single mesh, T-pose neutral, no skeleton, baked diffuse texture only.","photoreal, hyperreal, realistic skin pores, no humans, no faces in armor, no text, no logos, no watermarks, no excess geometry, no PBR maps"
Dwarf,DWF_Shield_C,Shield,C,medium/leather tier,left,,7×36×22 cm (W×H×D),"A low-poly stylized 3D model: mountain-dwarven kite/round shield. medium/leather tier variant C. Materials/feel: forged steel, riveted plate, gold filigree, hammered bronze. Color palette: gold, brushed silver, dark iron. Style: stout, ornate, runic engraving, hand-painted toon shading, clean silhouette, suitable for an RTS unit at ~2m tall. Approximate size: 7 cm wide × 36 cm tall × 22 cm deep. Placement: left forearm strap. Single mesh, T-pose neutral, no skeleton, baked diffuse texture only.","photoreal, hyperreal, realistic skin pores, no humans, no faces in armor, no text, no logos, no watermarks, no excess geometry, no PBR maps"
Dwarf,DWF_Shield_D,Shield,D,medium/leather tier,left,,6×32×32 cm (W×H×D),"A low-poly stylized 3D model: mountain-dwarven kite/round shield. medium/leather tier variant D. Materials/feel: forged steel, riveted plate, gold filigree, hammered bronze. Color palette: gold, brushed silver, dark iron. Style: stout, ornate, runic engraving, hand-painted toon shading, clean silhouette, suitable for an RTS unit at ~2m tall. Approximate size: 6 cm wide × 32 cm tall × 32 cm deep. Placement: left forearm strap. Single mesh, T-pose neutral, no skeleton, baked diffuse texture only.","photoreal, hyperreal, realistic skin pores, no humans, no faces in armor, no text, no logos, no watermarks, no excess geometry, no PBR maps"
Dwarf,DWF_Weapon_dagger,Dagger,,,right,,28×4×8 cm (W×H×D),"A low-poly stylized 3D model: mountain-dwarven dagger / short blade. Materials/feel: forged steel, riveted plate, gold filigree, hammered bronze. Color palette: gold, brushed silver, dark iron. Style: stout, ornate, runic engraving, hand-painted toon shading, clean silhouette, suitable for an RTS unit at ~2m tall. Approximate size: 28 cm wide × 4 cm tall × 8 cm deep. Placement: right hand reverse-grip. Single mesh, T-pose neutral, no skeleton, baked diffuse texture only.","photoreal, hyperreal, realistic skin pores, no humans, no faces in armor, no text, no logos, no watermarks, no excess geometry, no PBR maps"
Dwarf,DWF_Weapon_spear,Spear,,,right,,62×4×8 cm (W×H×D),"A low-poly stylized 3D model: mountain-dwarven long spear. Materials/feel: forged steel, riveted plate, gold filigree, hammered bronze. Color palette: gold, brushed silver, dark iron. Style: stout, ornate, runic engraving, hand-painted toon shading, clean silhouette, suitable for an RTS unit at ~2m tall. Approximate size: 62 cm wide × 4 cm tall × 8 cm deep. Placement: right hand grip, vertical. Single mesh, T-pose neutral, no skeleton, baked diffuse texture only.","photoreal, hyperreal, realistic skin pores, no humans, no faces in armor, no text, no logos, no watermarks, no excess geometry, no PBR maps"
Dwarf,DWF_Weapon_axe_B,Axe,B,light/cloth tier,right,,39×4×15 cm (W×H×D),"A low-poly stylized 3D model: mountain-dwarven one-handed war axe. light/cloth tier variant B. Materials/feel: forged steel, riveted plate, gold filigree, hammered bronze. Color palette: gold, brushed silver, dark iron. Style: stout, ornate, runic engraving, hand-painted toon shading, clean silhouette, suitable for an RTS unit at ~2m tall. Approximate size: 39 cm wide × 4 cm tall × 15 cm deep. Placement: right hand grip. Single mesh, T-pose neutral, no skeleton, baked diffuse texture only.","photoreal, hyperreal, realistic skin pores, no humans, no faces in armor, no text, no logos, no watermarks, no excess geometry, no PBR maps"
Dwarf,DWF_Weapon_pick,Pick,,,right,,32×5×28 cm (W×H×D),"A low-poly stylized 3D model: mountain-dwarven mining pick / pickaxe. Materials/feel: forged steel, riveted plate, gold filigree, hammered bronze. Color palette: gold, brushed silver, dark iron. Style: stout, ornate, runic engraving, hand-painted toon shading, clean silhouette, suitable for an RTS unit at ~2m tall. Approximate size: 32 cm wide × 5 cm tall × 28 cm deep. Placement: right hand grip. Single mesh, T-pose neutral, no skeleton, baked diffuse texture only.","photoreal, hyperreal, realistic skin pores, no humans, no faces in armor, no text, no logos, no watermarks, no excess geometry, no PBR maps"
Dwarf,DWF_Weapon_axe_A,Axe,A,light/cloth tier,right,,34×5×15 cm (W×H×D),"A low-poly stylized 3D model: mountain-dwarven one-handed war axe. light/cloth tier variant A. Materials/feel: forged steel, riveted plate, gold filigree, hammered bronze. Color palette: gold, brushed silver, dark iron. Style: stout, ornate, runic engraving, hand-painted toon shading, clean silhouette, suitable for an RTS unit at ~2m tall. Approximate size: 34 cm wide × 5 cm tall × 15 cm deep. Placement: right hand grip. Single mesh, T-pose neutral, no skeleton, baked diffuse texture only.","photoreal, hyperreal, realistic skin pores, no humans, no faces in armor, no text, no logos, no watermarks, no excess geometry, no PBR maps"
Dwarf,DWF_Weapon_axe_C,Axe,C,medium/leather tier,right,,45×5×22 cm (W×H×D),"A low-poly stylized 3D model: mountain-dwarven one-handed war axe. medium/leather tier variant C. Materials/feel: forged steel, riveted plate, gold filigree, hammered bronze. Color palette: gold, brushed silver, dark iron. Style: stout, ornate, runic engraving, hand-painted toon shading, clean silhouette, suitable for an RTS unit at ~2m tall. Approximate size: 45 cm wide × 5 cm tall × 22 cm deep. Placement: right hand grip. Single mesh, T-pose neutral, no skeleton, baked diffuse texture only.","photoreal, hyperreal, realistic skin pores, no humans, no faces in armor, no text, no logos, no watermarks, no excess geometry, no PBR maps"
Dwarf,DWF_Weapon_sword_B,Sword,B,light/cloth tier,right,,45×4×10 cm (W×H×D),"A low-poly stylized 3D model: mountain-dwarven one-handed sword. light/cloth tier variant B. Materials/feel: forged steel, riveted plate, gold filigree, hammered bronze. Color palette: gold, brushed silver, dark iron. Style: stout, ornate, runic engraving, hand-painted toon shading, clean silhouette, suitable for an RTS unit at ~2m tall. Approximate size: 45 cm wide × 4 cm tall × 10 cm deep. Placement: right hand grip, blade pointing up. Single mesh, T-pose neutral, no skeleton, baked diffuse texture only.","photoreal, hyperreal, realistic skin pores, no humans, no faces in armor, no text, no logos, no watermarks, no excess geometry, no PBR maps"
Dwarf,DWF_Weapon_hammer_B,Hammer,B,light/cloth tier,right,,45×8×14 cm (W×H×D),"A low-poly stylized 3D model: mountain-dwarven two-handed war hammer. light/cloth tier variant B. Materials/feel: forged steel, riveted plate, gold filigree, hammered bronze. Color palette: gold, brushed silver, dark iron. Style: stout, ornate, runic engraving, hand-painted toon shading, clean silhouette, suitable for an RTS unit at ~2m tall. Approximate size: 45 cm wide × 8 cm tall × 14 cm deep. Placement: right hand grip. Single mesh, T-pose neutral, no skeleton, baked diffuse texture only.","photoreal, hyperreal, realistic skin pores, no humans, no faces in armor, no text, no logos, no watermarks, no excess geometry, no PBR maps"
Dwarf,DWF_Weapon_hammer_A,Hammer,A,light/cloth tier,right,,29×6×11 cm (W×H×D),"A low-poly stylized 3D model: mountain-dwarven two-handed war hammer. light/cloth tier variant A. Materials/feel: forged steel, riveted plate, gold filigree, hammered bronze. Color palette: gold, brushed silver, dark iron. Style: stout, ornate, runic engraving, hand-painted toon shading, clean silhouette, suitable for an RTS unit at ~2m tall. Approximate size: 29 cm wide × 6 cm tall × 11 cm deep. Placement: right hand grip. Single mesh, T-pose neutral, no skeleton, baked diffuse texture only.","photoreal, hyperreal, realistic skin pores, no humans, no faces in armor, no text, no logos, no watermarks, no excess geometry, no PBR maps"
Dwarf,DWF_Weapon_sword_A,Sword,A,light/cloth tier,right,,40×4×7 cm (W×H×D),"A low-poly stylized 3D model: mountain-dwarven one-handed sword. light/cloth tier variant A. Materials/feel: forged steel, riveted plate, gold filigree, hammered bronze. Color palette: gold, brushed silver, dark iron. Style: stout, ornate, runic engraving, hand-painted toon shading, clean silhouette, suitable for an RTS unit at ~2m tall. Approximate size: 40 cm wide × 4 cm tall × 7 cm deep. Placement: right hand grip, blade pointing up. Single mesh, T-pose neutral, no skeleton, baked diffuse texture only.","photoreal, hyperreal, realistic skin pores, no humans, no faces in armor, no text, no logos, no watermarks, no excess geometry, no PBR maps"
Dwarf,DWF_Xtra_quiver,Quiver,,,,,10×5×32 cm (W×H×D),"A low-poly stylized 3D model: mountain-dwarven arrow quiver. Materials/feel: forged steel, riveted plate, gold filigree, hammered bronze. Color palette: gold, brushed silver, dark iron. Style: stout, ornate, runic engraving, hand-painted toon shading, clean silhouette, suitable for an RTS unit at ~2m tall. Approximate size: 10 cm wide × 5 cm tall × 32 cm deep. Placement: strapped to back, over shoulder. Single mesh, T-pose neutral, no skeleton, baked diffuse texture only.","photoreal, hyperreal, realistic skin pores, no humans, no faces in armor, no text, no logos, no watermarks, no excess geometry, no PBR maps"
Dwarf,DWF_Mount_Ram,Creature,,,,Bip001 Head,32×71×56 cm (W×H×D),"A low-poly stylized 3D model: mountain-dwarven mount creature (full body). Materials/feel: forged steel, riveted plate, gold filigree, hammered bronze. Color palette: gold, brushed silver, dark iron. Style: stout, ornate, runic engraving, hand-painted toon shading, clean silhouette, suitable for an RTS unit at ~2m tall. Approximate size: 32 cm wide × 71 cm tall × 56 cm deep. Placement: attaches to the Bip001 Head bone (ground anchor). Single mesh, T-pose neutral, no skeleton, baked diffuse texture only.","photoreal, hyperreal, realistic skin pores, no humans, no faces in armor, no text, no logos, no watermarks, no excess geometry, no PBR maps"
Dwarf,DWF_Units_Body_A,Body,A,light/cloth tier,,Bip001 Spine001,37×17×34 cm (W×H×D),"A low-poly stylized 3D model: mountain-dwarven chest armor (cuirass / tunic / robe top). light/cloth tier variant A. Materials/feel: forged steel, riveted plate, gold filigree, hammered bronze. Color palette: gold, brushed silver, dark iron. Style: stout, ornate, runic engraving, hand-painted toon shading, clean silhouette, suitable for an RTS unit at ~2m tall. Approximate size: 37 cm wide × 17 cm tall × 34 cm deep. Placement: attaches to the Bip001 Spine001 bone (covers shoulders down to waist). Single mesh, T-pose neutral, no skeleton, baked diffuse texture only.","photoreal, hyperreal, realistic skin pores, no humans, no faces in armor, no text, no logos, no watermarks, no excess geometry, no PBR maps"
Dwarf,DWF_Units_Head_A,Head,A,light/cloth tier,,Bip001 Head001,13×16×23 cm (W×H×D),"A low-poly stylized 3D model: mountain-dwarven helmet/head piece. light/cloth tier variant A. Materials/feel: forged steel, riveted plate, gold filigree, hammered bronze. Color palette: gold, brushed silver, dark iron. Style: stout, ornate, runic engraving, hand-painted toon shading, clean silhouette, suitable for an RTS unit at ~2m tall. Approximate size: 13 cm wide × 16 cm tall × 23 cm deep. Placement: attaches to the Bip001 Head001 bone (rests on the skull, fits over hair). Single mesh, T-pose neutral, no skeleton, baked diffuse texture only.","photoreal, hyperreal, realistic skin pores, no humans, no faces in armor, no text, no logos, no watermarks, no excess geometry, no PBR maps"
Dwarf,DWF_Units_Body_E,Body,E,medium/leather tier,,Bip001 Spine001,37×20×42 cm (W×H×D),"A low-poly stylized 3D model: mountain-dwarven chest armor (cuirass / tunic / robe top). medium/leather tier variant E. Materials/feel: forged steel, riveted plate, gold filigree, hammered bronze. Color palette: gold, brushed silver, dark iron. Style: stout, ornate, runic engraving, hand-painted toon shading, clean silhouette, suitable for an RTS unit at ~2m tall. Approximate size: 37 cm wide × 20 cm tall × 42 cm deep. Placement: attaches to the Bip001 Spine001 bone (covers shoulders down to waist). Single mesh, T-pose neutral, no skeleton, baked diffuse texture only.","photoreal, hyperreal, realistic skin pores, no humans, no faces in armor, no text, no logos, no watermarks, no excess geometry, no PBR maps"
Dwarf,DWF_Units_Body_B,Body,B,light/cloth tier,,Bip001 Spine001,37×17×34 cm (W×H×D),"A low-poly stylized 3D model: mountain-dwarven chest armor (cuirass / tunic / robe top). light/cloth tier variant B. Materials/feel: forged steel, riveted plate, gold filigree, hammered bronze. Color palette: gold, brushed silver, dark iron. Style: stout, ornate, runic engraving, hand-painted toon shading, clean silhouette, suitable for an RTS unit at ~2m tall. Approximate size: 37 cm wide × 17 cm tall × 34 cm deep. Placement: attaches to the Bip001 Spine001 bone (covers shoulders down to waist). Single mesh, T-pose neutral, no skeleton, baked diffuse texture only.","photoreal, hyperreal, realistic skin pores, no humans, no faces in armor, no text, no logos, no watermarks, no excess geometry, no PBR maps"
Dwarf,DWF_Units_Body_C,Body,C,medium/leather tier,,Bip001 Spine001,37×17×34 cm (W×H×D),"A low-poly stylized 3D model: mountain-dwarven chest armor (cuirass / tunic / robe top). medium/leather tier variant C. Materials/feel: forged steel, riveted plate, gold filigree, hammered bronze. Color palette: gold, brushed silver, dark iron. Style: stout, ornate, runic engraving, hand-painted toon shading, clean silhouette, suitable for an RTS unit at ~2m tall. Approximate size: 37 cm wide × 17 cm tall × 34 cm deep. Placement: attaches to the Bip001 Spine001 bone (covers shoulders down to waist). Single mesh, T-pose neutral, no skeleton, baked diffuse texture only.","photoreal, hyperreal, realistic skin pores, no humans, no faces in armor, no text, no logos, no watermarks, no excess geometry, no PBR maps"
Dwarf,DWF_Units_Body_D,Body,D,medium/leather tier,,Bip001 Spine001,37×17×34 cm (W×H×D),"A low-poly stylized 3D model: mountain-dwarven chest armor (cuirass / tunic / robe top). medium/leather tier variant D. Materials/feel: forged steel, riveted plate, gold filigree, hammered bronze. Color palette: gold, brushed silver, dark iron. Style: stout, ornate, runic engraving, hand-painted toon shading, clean silhouette, suitable for an RTS unit at ~2m tall. Approximate size: 37 cm wide × 17 cm tall × 34 cm deep. Placement: attaches to the Bip001 Spine001 bone (covers shoulders down to waist). Single mesh, T-pose neutral, no skeleton, baked diffuse texture only.","photoreal, hyperreal, realistic skin pores, no humans, no faces in armor, no text, no logos, no watermarks, no excess geometry, no PBR maps"
Dwarf,DWF_Units_Shoulderpads_A,Shoulders,A,light/cloth tier,,Bip001 L Clavicle001,28×18×11 cm (W×H×D),"A low-poly stylized 3D model: mountain-dwarven pauldron / shoulder pad pair. light/cloth tier variant A. Materials/feel: forged steel, riveted plate, gold filigree, hammered bronze. Color palette: gold, brushed silver, dark iron. Style: stout, ornate, runic engraving, hand-painted toon shading, clean silhouette, suitable for an RTS unit at ~2m tall. Approximate size: 28 cm wide × 18 cm tall × 11 cm deep. Placement: attaches to the Bip001 L Clavicle001 bone (sits on top of the shoulders). Single mesh, T-pose neutral, no skeleton, baked diffuse texture only.","photoreal, hyperreal, realistic skin pores, no humans, no faces in armor, no text, no logos, no watermarks, no excess geometry, no PBR maps"
Dwarf,DWF_Units_Shoulderpads_B,Shoulders,B,light/cloth tier,,Bip001 L Clavicle001,27×16×11 cm (W×H×D),"A low-poly stylized 3D model: mountain-dwarven pauldron / shoulder pad pair. light/cloth tier variant B. Materials/feel: forged steel, riveted plate, gold filigree, hammered bronze. Color palette: gold, brushed silver, dark iron. Style: stout, ornate, runic engraving, hand-painted toon shading, clean silhouette, suitable for an RTS unit at ~2m tall. Approximate size: 27 cm wide × 16 cm tall × 11 cm deep. Placement: attaches to the Bip001 L Clavicle001 bone (sits on top of the shoulders). Single mesh, T-pose neutral, no skeleton, baked diffuse texture only.","photoreal, hyperreal, realistic skin pores, no humans, no faces in armor, no text, no logos, no watermarks, no excess geometry, no PBR maps"
Dwarf,DWF_Units_Shoulderpads_C,Shoulders,C,medium/leather tier,,Bip001 L Clavicle001,33×18×12 cm (W×H×D),"A low-poly stylized 3D model: mountain-dwarven pauldron / shoulder pad pair. medium/leather tier variant C. Materials/feel: forged steel, riveted plate, gold filigree, hammered bronze. Color palette: gold, brushed silver, dark iron. Style: stout, ornate, runic engraving, hand-painted toon shading, clean silhouette, suitable for an RTS unit at ~2m tall. Approximate size: 33 cm wide × 18 cm tall × 12 cm deep. Placement: attaches to the Bip001 L Clavicle001 bone (sits on top of the shoulders). Single mesh, T-pose neutral, no skeleton, baked diffuse texture only.","photoreal, hyperreal, realistic skin pores, no humans, no faces in armor, no text, no logos, no watermarks, no excess geometry, no PBR maps"
Dwarf,DWF_Units_Head_M,Head,M,heavy/plate tier,,Bip001 Head001,13×18×25 cm (W×H×D),"A low-poly stylized 3D model: mountain-dwarven helmet/head piece. heavy/plate tier variant M. Materials/feel: forged steel, riveted plate, gold filigree, hammered bronze. Color palette: gold, brushed silver, dark iron. Style: stout, ornate, runic engraving, hand-painted toon shading, clean silhouette, suitable for an RTS unit at ~2m tall. Approximate size: 13 cm wide × 18 cm tall × 25 cm deep. Placement: attaches to the Bip001 Head001 bone (rests on the skull, fits over hair). Single mesh, T-pose neutral, no skeleton, baked diffuse texture only.","photoreal, hyperreal, realistic skin pores, no humans, no faces in armor, no text, no logos, no watermarks, no excess geometry, no PBR maps"
Dwarf,DWF_Units_Head_N,Head,N,heavy/plate tier,,Bip001 Head001,13×18×25 cm (W×H×D),"A low-poly stylized 3D model: mountain-dwarven helmet/head piece. heavy/plate tier variant N. Materials/feel: forged steel, riveted plate, gold filigree, hammered bronze. Color palette: gold, brushed silver, dark iron. Style: stout, ornate, runic engraving, hand-painted toon shading, clean silhouette, suitable for an RTS unit at ~2m tall. Approximate size: 13 cm wide × 18 cm tall × 25 cm deep. Placement: attaches to the Bip001 Head001 bone (rests on the skull, fits over hair). Single mesh, T-pose neutral, no skeleton, baked diffuse texture only.","photoreal, hyperreal, realistic skin pores, no humans, no faces in armor, no text, no logos, no watermarks, no excess geometry, no PBR maps"
Dwarf,DWF_Units_Arms_A,Arms,A,light/cloth tier,,Bip001 R Forearm001,56×11×15 cm (W×H×D),"A low-poly stylized 3D model: mountain-dwarven arm guards / bracers / sleeves. light/cloth tier variant A. Materials/feel: forged steel, riveted plate, gold filigree, hammered bronze. Color palette: gold, brushed silver, dark iron. Style: stout, ornate, runic engraving, hand-painted toon shading, clean silhouette, suitable for an RTS unit at ~2m tall. Approximate size: 56 cm wide × 11 cm tall × 15 cm deep. Placement: attaches to the Bip001 R Forearm001 bone (wrist to elbow on both arms). Single mesh, T-pose neutral, no skeleton, baked diffuse texture only.","photoreal, hyperreal, realistic skin pores, no humans, no faces in armor, no text, no logos, no watermarks, no excess geometry, no PBR maps"
Dwarf,DWF_Units_Legs_A,Legs,A,light/cloth tier,,Bip001 R Foot001,20×16×11 cm (W×H×D),"A low-poly stylized 3D model: mountain-dwarven greaves / leg armor / leggings. light/cloth tier variant A. Materials/feel: forged steel, riveted plate, gold filigree, hammered bronze. Color palette: gold, brushed silver, dark iron. Style: stout, ornate, runic engraving, hand-painted toon shading, clean silhouette, suitable for an RTS unit at ~2m tall. Approximate size: 20 cm wide × 16 cm tall × 11 cm deep. Placement: attaches to the Bip001 R Foot001 bone (hip to ankle). Single mesh, T-pose neutral, no skeleton, baked diffuse texture only.","photoreal, hyperreal, realistic skin pores, no humans, no faces in armor, no text, no logos, no watermarks, no excess geometry, no PBR maps"
Dwarf,DWF_Units_Legs_B,Legs,B,light/cloth tier,,Bip001 R Foot001,20×16×11 cm (W×H×D),"A low-poly stylized 3D model: mountain-dwarven greaves / leg armor / leggings. light/cloth tier variant B. Materials/feel: forged steel, riveted plate, gold filigree, hammered bronze. Color palette: gold, brushed silver, dark iron. Style: stout, ornate, runic engraving, hand-painted toon shading, clean silhouette, suitable for an RTS unit at ~2m tall. Approximate size: 20 cm wide × 16 cm tall × 11 cm deep. Placement: attaches to the Bip001 R Foot001 bone (hip to ankle). Single mesh, T-pose neutral, no skeleton, baked diffuse texture only.","photoreal, hyperreal, realistic skin pores, no humans, no faces in armor, no text, no logos, no watermarks, no excess geometry, no PBR maps"
Dwarf,DWF_Units_Arms_B,Arms,B,light/cloth tier,,Bip001 R Forearm001,56×11×15 cm (W×H×D),"A low-poly stylized 3D model: mountain-dwarven arm guards / bracers / sleeves. light/cloth tier variant B. Materials/feel: forged steel, riveted plate, gold filigree, hammered bronze. Color palette: gold, brushed silver, dark iron. Style: stout, ornate, runic engraving, hand-painted toon shading, clean silhouette, suitable for an RTS unit at ~2m tall. Approximate size: 56 cm wide × 11 cm tall × 15 cm deep. Placement: attaches to the Bip001 R Forearm001 bone (wrist to elbow on both arms). Single mesh, T-pose neutral, no skeleton, baked diffuse texture only.","photoreal, hyperreal, realistic skin pores, no humans, no faces in armor, no text, no logos, no watermarks, no excess geometry, no PBR maps"
Dwarf,DWF_Units_Legs_C,Legs,C,medium/leather tier,,Bip001 R Foot001,20×16×11 cm (W×H×D),"A low-poly stylized 3D model: mountain-dwarven greaves / leg armor / leggings. medium/leather tier variant C. Materials/feel: forged steel, riveted plate, gold filigree, hammered bronze. Color palette: gold, brushed silver, dark iron. Style: stout, ornate, runic engraving, hand-painted toon shading, clean silhouette, suitable for an RTS unit at ~2m tall. Approximate size: 20 cm wide × 16 cm tall × 11 cm deep. Placement: attaches to the Bip001 R Foot001 bone (hip to ankle). Single mesh, T-pose neutral, no skeleton, baked diffuse texture only.","photoreal, hyperreal, realistic skin pores, no humans, no faces in armor, no text, no logos, no watermarks, no excess geometry, no PBR maps"
Dwarf,DWF_Units_Arms_C,Arms,C,medium/leather tier,,Bip001 R Forearm001,56×11×15 cm (W×H×D),"A low-poly stylized 3D model: mountain-dwarven arm guards / bracers / sleeves. medium/leather tier variant C. Materials/feel: forged steel, riveted plate, gold filigree, hammered bronze. Color palette: gold, brushed silver, dark iron. Style: stout, ornate, runic engraving, hand-painted toon shading, clean silhouette, suitable for an RTS unit at ~2m tall. Approximate size: 56 cm wide × 11 cm tall × 15 cm deep. Placement: attaches to the Bip001 R Forearm001 bone (wrist to elbow on both arms). Single mesh, T-pose neutral, no skeleton, baked diffuse texture only.","photoreal, hyperreal, realistic skin pores, no humans, no faces in armor, no text, no logos, no watermarks, no excess geometry, no PBR maps"
Dwarf,DWF_Units_Head_B,Head,B,light/cloth tier,,Bip001 Head001,13×16×25 cm (W×H×D),"A low-poly stylized 3D model: mountain-dwarven helmet/head piece. light/cloth tier variant B. Materials/feel: forged steel, riveted plate, gold filigree, hammered bronze. Color palette: gold, brushed silver, dark iron. Style: stout, ornate, runic engraving, hand-painted toon shading, clean silhouette, suitable for an RTS unit at ~2m tall. Approximate size: 13 cm wide × 16 cm tall × 25 cm deep. Placement: attaches to the Bip001 Head001 bone (rests on the skull, fits over hair). Single mesh, T-pose neutral, no skeleton, baked diffuse texture only.","photoreal, hyperreal, realistic skin pores, no humans, no faces in armor, no text, no logos, no watermarks, no excess geometry, no PBR maps"
Dwarf,DWF_Units_Head_C,Head,C,medium/leather tier,,Bip001 Head001,15×16×27 cm (W×H×D),"A low-poly stylized 3D model: mountain-dwarven helmet/head piece. medium/leather tier variant C. Materials/feel: forged steel, riveted plate, gold filigree, hammered bronze. Color palette: gold, brushed silver, dark iron. Style: stout, ornate, runic engraving, hand-painted toon shading, clean silhouette, suitable for an RTS unit at ~2m tall. Approximate size: 15 cm wide × 16 cm tall × 27 cm deep. Placement: attaches to the Bip001 Head001 bone (rests on the skull, fits over hair). Single mesh, T-pose neutral, no skeleton, baked diffuse texture only.","photoreal, hyperreal, realistic skin pores, no humans, no faces in armor, no text, no logos, no watermarks, no excess geometry, no PBR maps"
Dwarf,DWF_Units_Head_D,Head,D,medium/leather tier,,Bip001 Head001,13×17×25 cm (W×H×D),"A low-poly stylized 3D model: mountain-dwarven helmet/head piece. medium/leather tier variant D. Materials/feel: forged steel, riveted plate, gold filigree, hammered bronze. Color palette: gold, brushed silver, dark iron. Style: stout, ornate, runic engraving, hand-painted toon shading, clean silhouette, suitable for an RTS unit at ~2m tall. Approximate size: 13 cm wide × 17 cm tall × 25 cm deep. Placement: attaches to the Bip001 Head001 bone (rests on the skull, fits over hair). Single mesh, T-pose neutral, no skeleton, baked diffuse texture only.","photoreal, hyperreal, realistic skin pores, no humans, no faces in armor, no text, no logos, no watermarks, no excess geometry, no PBR maps"
Dwarf,DWF_Units_Head_E,Head,E,medium/leather tier,,Bip001 Head001,13×16×26 cm (W×H×D),"A low-poly stylized 3D model: mountain-dwarven helmet/head piece. medium/leather tier variant E. Materials/feel: forged steel, riveted plate, gold filigree, hammered bronze. Color palette: gold, brushed silver, dark iron. Style: stout, ornate, runic engraving, hand-painted toon shading, clean silhouette, suitable for an RTS unit at ~2m tall. Approximate size: 13 cm wide × 16 cm tall × 26 cm deep. Placement: attaches to the Bip001 Head001 bone (rests on the skull, fits over hair). Single mesh, T-pose neutral, no skeleton, baked diffuse texture only.","photoreal, hyperreal, realistic skin pores, no humans, no faces in armor, no text, no logos, no watermarks, no excess geometry, no PBR maps"
Dwarf,DWF_Units_Head_F,Head,F,heavy/plate tier,,Bip001 Head001,17×16×27 cm (W×H×D),"A low-poly stylized 3D model: mountain-dwarven helmet/head piece. heavy/plate tier variant F. Materials/feel: forged steel, riveted plate, gold filigree, hammered bronze. Color palette: gold, brushed silver, dark iron. Style: stout, ornate, runic engraving, hand-painted toon shading, clean silhouette, suitable for an RTS unit at ~2m tall. Approximate size: 17 cm wide × 16 cm tall × 27 cm deep. Placement: attaches to the Bip001 Head001 bone (rests on the skull, fits over hair). Single mesh, T-pose neutral, no skeleton, baked diffuse texture only.","photoreal, hyperreal, realistic skin pores, no humans, no faces in armor, no text, no logos, no watermarks, no excess geometry, no PBR maps"
Dwarf,DWF_Units_Head_G,Head,G,heavy/plate tier,,Bip001 Head001,13×17×25 cm (W×H×D),"A low-poly stylized 3D model: mountain-dwarven helmet/head piece. heavy/plate tier variant G. Materials/feel: forged steel, riveted plate, gold filigree, hammered bronze. Color palette: gold, brushed silver, dark iron. Style: stout, ornate, runic engraving, hand-painted toon shading, clean silhouette, suitable for an RTS unit at ~2m tall. Approximate size: 13 cm wide × 17 cm tall × 25 cm deep. Placement: attaches to the Bip001 Head001 bone (rests on the skull, fits over hair). Single mesh, T-pose neutral, no skeleton, baked diffuse texture only.","photoreal, hyperreal, realistic skin pores, no humans, no faces in armor, no text, no logos, no watermarks, no excess geometry, no PBR maps"
Dwarf,DWF_Units_Head_H,Head,H,heavy/plate tier,,Bip001 Head001,17×17×30 cm (W×H×D),"A low-poly stylized 3D model: mountain-dwarven helmet/head piece. heavy/plate tier variant H. Materials/feel: forged steel, riveted plate, gold filigree, hammered bronze. Color palette: gold, brushed silver, dark iron. Style: stout, ornate, runic engraving, hand-painted toon shading, clean silhouette, suitable for an RTS unit at ~2m tall. Approximate size: 17 cm wide × 17 cm tall × 30 cm deep. Placement: attaches to the Bip001 Head001 bone (rests on the skull, fits over hair). Single mesh, T-pose neutral, no skeleton, baked diffuse texture only.","photoreal, hyperreal, realistic skin pores, no humans, no faces in armor, no text, no logos, no watermarks, no excess geometry, no PBR maps"
Dwarf,DWF_Units_Head_I,Head,I,heavy/plate tier,,Bip001 Head001,29×17×25 cm (W×H×D),"A low-poly stylized 3D model: mountain-dwarven helmet/head piece. heavy/plate tier variant I. Materials/feel: forged steel, riveted plate, gold filigree, hammered bronze. Color palette: gold, brushed silver, dark iron. Style: stout, ornate, runic engraving, hand-painted toon shading, clean silhouette, suitable for an RTS unit at ~2m tall. Approximate size: 29 cm wide × 17 cm tall × 25 cm deep. Placement: attaches to the Bip001 Head001 bone (rests on the skull, fits over hair). Single mesh, T-pose neutral, no skeleton, baked diffuse texture only.","photoreal, hyperreal, realistic skin pores, no humans, no faces in armor, no text, no logos, no watermarks, no excess geometry, no PBR maps"
Dwarf,DWF_Units_Head_J,Head,J,heavy/plate tier,,Bip001 Head001,13×18×27 cm (W×H×D),"A low-poly stylized 3D model: mountain-dwarven helmet/head piece. heavy/plate tier variant J. Materials/feel: forged steel, riveted plate, gold filigree, hammered bronze. Color palette: gold, brushed silver, dark iron. Style: stout, ornate, runic engraving, hand-painted toon shading, clean silhouette, suitable for an RTS unit at ~2m tall. Approximate size: 13 cm wide × 18 cm tall × 27 cm deep. Placement: attaches to the Bip001 Head001 bone (rests on the skull, fits over hair). Single mesh, T-pose neutral, no skeleton, baked diffuse texture only.","photoreal, hyperreal, realistic skin pores, no humans, no faces in armor, no text, no logos, no watermarks, no excess geometry, no PBR maps"
Dwarf,DWF_Units_Head_K,Head,K,heavy/plate tier,,Bip001 Head001,22×18×28 cm (W×H×D),"A low-poly stylized 3D model: mountain-dwarven helmet/head piece. heavy/plate tier variant K. Materials/feel: forged steel, riveted plate, gold filigree, hammered bronze. Color palette: gold, brushed silver, dark iron. Style: stout, ornate, runic engraving, hand-painted toon shading, clean silhouette, suitable for an RTS unit at ~2m tall. Approximate size: 22 cm wide × 18 cm tall × 28 cm deep. Placement: attaches to the Bip001 Head001 bone (rests on the skull, fits over hair). Single mesh, T-pose neutral, no skeleton, baked diffuse texture only.","photoreal, hyperreal, realistic skin pores, no humans, no faces in armor, no text, no logos, no watermarks, no excess geometry, no PBR maps"
Dwarf,DWF_Units_Head_L,Head,L,heavy/plate tier,,Bip001 Head001,21×17×26 cm (W×H×D),"A low-poly stylized 3D model: mountain-dwarven helmet/head piece. heavy/plate tier variant L. Materials/feel: forged steel, riveted plate, gold filigree, hammered bronze. Color palette: gold, brushed silver, dark iron. Style: stout, ornate, runic engraving, hand-painted toon shading, clean silhouette, suitable for an RTS unit at ~2m tall. Approximate size: 21 cm wide × 17 cm tall × 26 cm deep. Placement: attaches to the Bip001 Head001 bone (rests on the skull, fits over hair). Single mesh, T-pose neutral, no skeleton, baked diffuse texture only.","photoreal, hyperreal, realistic skin pores, no humans, no faces in armor, no text, no logos, no watermarks, no excess geometry, no PBR maps"
Dwarf,DWF_Weapon_bow,Bow,,,left,,49×4×14 cm (W×H×D),"A low-poly stylized 3D model: mountain-dwarven recurve bow. Materials/feel: forged steel, riveted plate, gold filigree, hammered bronze. Color palette: gold, brushed silver, dark iron. Style: stout, ornate, runic engraving, hand-painted toon shading, clean silhouette, suitable for an RTS unit at ~2m tall. Approximate size: 49 cm wide × 4 cm tall × 14 cm deep. Placement: left hand grip. Single mesh, T-pose neutral, no skeleton, baked diffuse texture only.","photoreal, hyperreal, realistic skin pores, no humans, no faces in armor, no text, no logos, no watermarks, no excess geometry, no PBR maps"
Dwarf,DWF_Weapon_staff_B,Staff,B,light/cloth tier,right,,61×16×6 cm (W×H×D),"A low-poly stylized 3D model: mountain-dwarven magic staff with crystal/orb finial. light/cloth tier variant B. Materials/feel: forged steel, riveted plate, gold filigree, hammered bronze. Color palette: gold, brushed silver, dark iron. Style: stout, ornate, runic engraving, hand-painted toon shading, clean silhouette, suitable for an RTS unit at ~2m tall. Approximate size: 61 cm wide × 16 cm tall × 6 cm deep. Placement: right hand, vertical. Single mesh, T-pose neutral, no skeleton, baked diffuse texture only.","photoreal, hyperreal, realistic skin pores, no humans, no faces in armor, no text, no logos, no watermarks, no excess geometry, no PBR maps"
Dwarf,DWF_Weapon_staff_A,Staff,A,light/cloth tier,right,,60×5×5 cm (W×H×D),"A low-poly stylized 3D model: mountain-dwarven magic staff with crystal/orb finial. light/cloth tier variant A. Materials/feel: forged steel, riveted plate, gold filigree, hammered bronze. Color palette: gold, brushed silver, dark iron. Style: stout, ornate, runic engraving, hand-painted toon shading, clean silhouette, suitable for an RTS unit at ~2m tall. Approximate size: 60 cm wide × 5 cm tall × 5 cm deep. Placement: right hand, vertical. Single mesh, T-pose neutral, no skeleton, baked diffuse texture only.","photoreal, hyperreal, realistic skin pores, no humans, no faces in armor, no text, no logos, no watermarks, no excess geometry, no PBR maps"
Dwarf,DWF_Shield_B,Shield,B,light/cloth tier,left,,6×28×27 cm (W×H×D),"A low-poly stylized 3D model: mountain-dwarven kite/round shield. light/cloth tier variant B. Materials/feel: forged steel, riveted plate, gold filigree, hammered bronze. Color palette: gold, brushed silver, dark iron. Style: stout, ornate, runic engraving, hand-painted toon shading, clean silhouette, suitable for an RTS unit at ~2m tall. Approximate size: 6 cm wide × 28 cm tall × 27 cm deep. Placement: left forearm strap. Single mesh, T-pose neutral, no skeleton, baked diffuse texture only.","photoreal, hyperreal, realistic skin pores, no humans, no faces in armor, no text, no logos, no watermarks, no excess geometry, no PBR maps"
Dwarf,DWF_Shield_A,Shield,A,light/cloth tier,left,,7×24×24 cm (W×H×D),"A low-poly stylized 3D model: mountain-dwarven kite/round shield. light/cloth tier variant A. Materials/feel: forged steel, riveted plate, gold filigree, hammered bronze. Color palette: gold, brushed silver, dark iron. Style: stout, ornate, runic engraving, hand-painted toon shading, clean silhouette, suitable for an RTS unit at ~2m tall. Approximate size: 7 cm wide × 24 cm tall × 24 cm deep. Placement: left forearm strap. Single mesh, T-pose neutral, no skeleton, baked diffuse texture only.","photoreal, hyperreal, realistic skin pores, no humans, no faces in armor, no text, no logos, no watermarks, no excess geometry, no PBR maps"
Dwarf,DWF_Shield_C,Shield,C,medium/leather tier,left,,7×36×22 cm (W×H×D),"A low-poly stylized 3D model: mountain-dwarven kite/round shield. medium/leather tier variant C. Materials/feel: forged steel, riveted plate, gold filigree, hammered bronze. Color palette: gold, brushed silver, dark iron. Style: stout, ornate, runic engraving, hand-painted toon shading, clean silhouette, suitable for an RTS unit at ~2m tall. Approximate size: 7 cm wide × 36 cm tall × 22 cm deep. Placement: left forearm strap. Single mesh, T-pose neutral, no skeleton, baked diffuse texture only.","photoreal, hyperreal, realistic skin pores, no humans, no faces in armor, no text, no logos, no watermarks, no excess geometry, no PBR maps"
Dwarf,DWF_Shield_D,Shield,D,medium/leather tier,left,,6×32×32 cm (W×H×D),"A low-poly stylized 3D model: mountain-dwarven kite/round shield. medium/leather tier variant D. Materials/feel: forged steel, riveted plate, gold filigree, hammered bronze. Color palette: gold, brushed silver, dark iron. Style: stout, ornate, runic engraving, hand-painted toon shading, clean silhouette, suitable for an RTS unit at ~2m tall. Approximate size: 6 cm wide × 32 cm tall × 32 cm deep. Placement: left forearm strap. Single mesh, T-pose neutral, no skeleton, baked diffuse texture only.","photoreal, hyperreal, realistic skin pores, no humans, no faces in armor, no text, no logos, no watermarks, no excess geometry, no PBR maps"
Dwarf,DWF_Weapon_dagger,Dagger,,,right,,28×4×8 cm (W×H×D),"A low-poly stylized 3D model: mountain-dwarven dagger / short blade. Materials/feel: forged steel, riveted plate, gold filigree, hammered bronze. Color palette: gold, brushed silver, dark iron. Style: stout, ornate, runic engraving, hand-painted toon shading, clean silhouette, suitable for an RTS unit at ~2m tall. Approximate size: 28 cm wide × 4 cm tall × 8 cm deep. Placement: right hand reverse-grip. Single mesh, T-pose neutral, no skeleton, baked diffuse texture only.","photoreal, hyperreal, realistic skin pores, no humans, no faces in armor, no text, no logos, no watermarks, no excess geometry, no PBR maps"
Dwarf,DWF_Weapon_spear,Spear,,,right,,62×4×8 cm (W×H×D),"A low-poly stylized 3D model: mountain-dwarven long spear. Materials/feel: forged steel, riveted plate, gold filigree, hammered bronze. Color palette: gold, brushed silver, dark iron. Style: stout, ornate, runic engraving, hand-painted toon shading, clean silhouette, suitable for an RTS unit at ~2m tall. Approximate size: 62 cm wide × 4 cm tall × 8 cm deep. Placement: right hand grip, vertical. Single mesh, T-pose neutral, no skeleton, baked diffuse texture only.","photoreal, hyperreal, realistic skin pores, no humans, no faces in armor, no text, no logos, no watermarks, no excess geometry, no PBR maps"
Dwarf,DWF_Weapon_axe_B,Axe,B,light/cloth tier,right,,39×4×15 cm (W×H×D),"A low-poly stylized 3D model: mountain-dwarven one-handed war axe. light/cloth tier variant B. Materials/feel: forged steel, riveted plate, gold filigree, hammered bronze. Color palette: gold, brushed silver, dark iron. Style: stout, ornate, runic engraving, hand-painted toon shading, clean silhouette, suitable for an RTS unit at ~2m tall. Approximate size: 39 cm wide × 4 cm tall × 15 cm deep. Placement: right hand grip. Single mesh, T-pose neutral, no skeleton, baked diffuse texture only.","photoreal, hyperreal, realistic skin pores, no humans, no faces in armor, no text, no logos, no watermarks, no excess geometry, no PBR maps"
Dwarf,DWF_Weapon_pick,Pick,,,right,,32×5×28 cm (W×H×D),"A low-poly stylized 3D model: mountain-dwarven mining pick / pickaxe. Materials/feel: forged steel, riveted plate, gold filigree, hammered bronze. Color palette: gold, brushed silver, dark iron. Style: stout, ornate, runic engraving, hand-painted toon shading, clean silhouette, suitable for an RTS unit at ~2m tall. Approximate size: 32 cm wide × 5 cm tall × 28 cm deep. Placement: right hand grip. Single mesh, T-pose neutral, no skeleton, baked diffuse texture only.","photoreal, hyperreal, realistic skin pores, no humans, no faces in armor, no text, no logos, no watermarks, no excess geometry, no PBR maps"
Dwarf,DWF_Weapon_axe_A,Axe,A,light/cloth tier,right,,34×5×15 cm (W×H×D),"A low-poly stylized 3D model: mountain-dwarven one-handed war axe. light/cloth tier variant A. Materials/feel: forged steel, riveted plate, gold filigree, hammered bronze. Color palette: gold, brushed silver, dark iron. Style: stout, ornate, runic engraving, hand-painted toon shading, clean silhouette, suitable for an RTS unit at ~2m tall. Approximate size: 34 cm wide × 5 cm tall × 15 cm deep. Placement: right hand grip. Single mesh, T-pose neutral, no skeleton, baked diffuse texture only.","photoreal, hyperreal, realistic skin pores, no humans, no faces in armor, no text, no logos, no watermarks, no excess geometry, no PBR maps"
Dwarf,DWF_Weapon_axe_C,Axe,C,medium/leather tier,right,,45×5×22 cm (W×H×D),"A low-poly stylized 3D model: mountain-dwarven one-handed war axe. medium/leather tier variant C. Materials/feel: forged steel, riveted plate, gold filigree, hammered bronze. Color palette: gold, brushed silver, dark iron. Style: stout, ornate, runic engraving, hand-painted toon shading, clean silhouette, suitable for an RTS unit at ~2m tall. Approximate size: 45 cm wide × 5 cm tall × 22 cm deep. Placement: right hand grip. Single mesh, T-pose neutral, no skeleton, baked diffuse texture only.","photoreal, hyperreal, realistic skin pores, no humans, no faces in armor, no text, no logos, no watermarks, no excess geometry, no PBR maps"
Dwarf,DWF_Weapon_sword_B,Sword,B,light/cloth tier,right,,45×4×10 cm (W×H×D),"A low-poly stylized 3D model: mountain-dwarven one-handed sword. light/cloth tier variant B. Materials/feel: forged steel, riveted plate, gold filigree, hammered bronze. Color palette: gold, brushed silver, dark iron. Style: stout, ornate, runic engraving, hand-painted toon shading, clean silhouette, suitable for an RTS unit at ~2m tall. Approximate size: 45 cm wide × 4 cm tall × 10 cm deep. Placement: right hand grip, blade pointing up. Single mesh, T-pose neutral, no skeleton, baked diffuse texture only.","photoreal, hyperreal, realistic skin pores, no humans, no faces in armor, no text, no logos, no watermarks, no excess geometry, no PBR maps"
Dwarf,DWF_Weapon_hammer_B,Hammer,B,light/cloth tier,right,,45×8×14 cm (W×H×D),"A low-poly stylized 3D model: mountain-dwarven two-handed war hammer. light/cloth tier variant B. Materials/feel: forged steel, riveted plate, gold filigree, hammered bronze. Color palette: gold, brushed silver, dark iron. Style: stout, ornate, runic engraving, hand-painted toon shading, clean silhouette, suitable for an RTS unit at ~2m tall. Approximate size: 45 cm wide × 8 cm tall × 14 cm deep. Placement: right hand grip. Single mesh, T-pose neutral, no skeleton, baked diffuse texture only.","photoreal, hyperreal, realistic skin pores, no humans, no faces in armor, no text, no logos, no watermarks, no excess geometry, no PBR maps"
Dwarf,DWF_Weapon_hammer_A,Hammer,A,light/cloth tier,right,,29×6×11 cm (W×H×D),"A low-poly stylized 3D model: mountain-dwarven two-handed war hammer. light/cloth tier variant A. Materials/feel: forged steel, riveted plate, gold filigree, hammered bronze. Color palette: gold, brushed silver, dark iron. Style: stout, ornate, runic engraving, hand-painted toon shading, clean silhouette, suitable for an RTS unit at ~2m tall. Approximate size: 29 cm wide × 6 cm tall × 11 cm deep. Placement: right hand grip. Single mesh, T-pose neutral, no skeleton, baked diffuse texture only.","photoreal, hyperreal, realistic skin pores, no humans, no faces in armor, no text, no logos, no watermarks, no excess geometry, no PBR maps"
Dwarf,DWF_Weapon_sword_A,Sword,A,light/cloth tier,right,,40×4×7 cm (W×H×D),"A low-poly stylized 3D model: mountain-dwarven one-handed sword. light/cloth tier variant A. Materials/feel: forged steel, riveted plate, gold filigree, hammered bronze. Color palette: gold, brushed silver, dark iron. Style: stout, ornate, runic engraving, hand-painted toon shading, clean silhouette, suitable for an RTS unit at ~2m tall. Approximate size: 40 cm wide × 4 cm tall × 7 cm deep. Placement: right hand grip, blade pointing up. Single mesh, T-pose neutral, no skeleton, baked diffuse texture only.","photoreal, hyperreal, realistic skin pores, no humans, no faces in armor, no text, no logos, no watermarks, no excess geometry, no PBR maps"
Dwarf,DWF_Xtra_wood,Lumber,,,,,34×30×18 cm (W×H×D),"A low-poly stylized 3D model: mountain-dwarven log of carry-wood. Materials/feel: forged steel, riveted plate, gold filigree, hammered bronze. Color palette: gold, brushed silver, dark iron. Style: stout, ornate, runic engraving, hand-painted toon shading, clean silhouette, suitable for an RTS unit at ~2m tall. Approximate size: 34 cm wide × 30 cm tall × 18 cm deep. Placement: shouldered or back-strap. Single mesh, T-pose neutral, no skeleton, baked diffuse texture only.","photoreal, hyperreal, realistic skin pores, no humans, no faces in armor, no text, no logos, no watermarks, no excess geometry, no PBR maps"
Dwarf,DWF_Xtra_bag,Belt Bag,,,,,21×32×24 cm (W×H×D),"A low-poly stylized 3D model: mountain-dwarven belt-pouch / satchel. Materials/feel: forged steel, riveted plate, gold filigree, hammered bronze. Color palette: gold, brushed silver, dark iron. Style: stout, ornate, runic engraving, hand-painted toon shading, clean silhouette, suitable for an RTS unit at ~2m tall. Approximate size: 21 cm wide × 32 cm tall × 24 cm deep. Placement: hangs from waist belt. Single mesh, T-pose neutral, no skeleton, baked diffuse texture only.","photoreal, hyperreal, realistic skin pores, no humans, no faces in armor, no text, no logos, no watermarks, no excess geometry, no PBR maps"
Dwarf,DWF_Xtra_quiver,Quiver,,,,,10×5×32 cm (W×H×D),"A low-poly stylized 3D model: mountain-dwarven arrow quiver. Materials/feel: forged steel, riveted plate, gold filigree, hammered bronze. Color palette: gold, brushed silver, dark iron. Style: stout, ornate, runic engraving, hand-painted toon shading, clean silhouette, suitable for an RTS unit at ~2m tall. Approximate size: 10 cm wide × 5 cm tall × 32 cm deep. Placement: strapped to back, over shoulder. Single mesh, T-pose neutral, no skeleton, baked diffuse texture only.","photoreal, hyperreal, realistic skin pores, no humans, no faces in armor, no text, no logos, no watermarks, no excess geometry, no PBR maps"
Dwarf,DWF_Units_Body_A,Body,A,light/cloth tier,,Bip001 Spine,37×17×34 cm (W×H×D),"A low-poly stylized 3D model: mountain-dwarven chest armor (cuirass / tunic / robe top). light/cloth tier variant A. Materials/feel: forged steel, riveted plate, gold filigree, hammered bronze. Color palette: gold, brushed silver, dark iron. Style: stout, ornate, runic engraving, hand-painted toon shading, clean silhouette, suitable for an RTS unit at ~2m tall. Approximate size: 37 cm wide × 17 cm tall × 34 cm deep. Placement: attaches to the Bip001 Spine bone (covers shoulders down to waist). Single mesh, T-pose neutral, no skeleton, baked diffuse texture only.","photoreal, hyperreal, realistic skin pores, no humans, no faces in armor, no text, no logos, no watermarks, no excess geometry, no PBR maps"
Dwarf,DWF_Units_Head_A,Head,A,light/cloth tier,,Bip001 Head,13×16×23 cm (W×H×D),"A low-poly stylized 3D model: mountain-dwarven helmet/head piece. light/cloth tier variant A. Materials/feel: forged steel, riveted plate, gold filigree, hammered bronze. Color palette: gold, brushed silver, dark iron. Style: stout, ornate, runic engraving, hand-painted toon shading, clean silhouette, suitable for an RTS unit at ~2m tall. Approximate size: 13 cm wide × 16 cm tall × 23 cm deep. Placement: attaches to the Bip001 Head bone (rests on the skull, fits over hair). Single mesh, T-pose neutral, no skeleton, baked diffuse texture only.","photoreal, hyperreal, realistic skin pores, no humans, no faces in armor, no text, no logos, no watermarks, no excess geometry, no PBR maps"
Dwarf,DWF_Units_Body_E,Body,E,medium/leather tier,,Bip001 Spine,37×20×42 cm (W×H×D),"A low-poly stylized 3D model: mountain-dwarven chest armor (cuirass / tunic / robe top). medium/leather tier variant E. Materials/feel: forged steel, riveted plate, gold filigree, hammered bronze. Color palette: gold, brushed silver, dark iron. Style: stout, ornate, runic engraving, hand-painted toon shading, clean silhouette, suitable for an RTS unit at ~2m tall. Approximate size: 37 cm wide × 20 cm tall × 42 cm deep. Placement: attaches to the Bip001 Spine bone (covers shoulders down to waist). Single mesh, T-pose neutral, no skeleton, baked diffuse texture only.","photoreal, hyperreal, realistic skin pores, no humans, no faces in armor, no text, no logos, no watermarks, no excess geometry, no PBR maps"
Dwarf,DWF_Units_Body_B,Body,B,light/cloth tier,,Bip001 Spine,37×17×34 cm (W×H×D),"A low-poly stylized 3D model: mountain-dwarven chest armor (cuirass / tunic / robe top). light/cloth tier variant B. Materials/feel: forged steel, riveted plate, gold filigree, hammered bronze. Color palette: gold, brushed silver, dark iron. Style: stout, ornate, runic engraving, hand-painted toon shading, clean silhouette, suitable for an RTS unit at ~2m tall. Approximate size: 37 cm wide × 17 cm tall × 34 cm deep. Placement: attaches to the Bip001 Spine bone (covers shoulders down to waist). Single mesh, T-pose neutral, no skeleton, baked diffuse texture only.","photoreal, hyperreal, realistic skin pores, no humans, no faces in armor, no text, no logos, no watermarks, no excess geometry, no PBR maps"
Dwarf,DWF_Units_Body_C,Body,C,medium/leather tier,,Bip001 Spine,37×17×34 cm (W×H×D),"A low-poly stylized 3D model: mountain-dwarven chest armor (cuirass / tunic / robe top). medium/leather tier variant C. Materials/feel: forged steel, riveted plate, gold filigree, hammered bronze. Color palette: gold, brushed silver, dark iron. Style: stout, ornate, runic engraving, hand-painted toon shading, clean silhouette, suitable for an RTS unit at ~2m tall. Approximate size: 37 cm wide × 17 cm tall × 34 cm deep. Placement: attaches to the Bip001 Spine bone (covers shoulders down to waist). Single mesh, T-pose neutral, no skeleton, baked diffuse texture only.","photoreal, hyperreal, realistic skin pores, no humans, no faces in armor, no text, no logos, no watermarks, no excess geometry, no PBR maps"
Dwarf,DWF_Units_Body_D,Body,D,medium/leather tier,,Bip001 Spine,37×17×34 cm (W×H×D),"A low-poly stylized 3D model: mountain-dwarven chest armor (cuirass / tunic / robe top). medium/leather tier variant D. Materials/feel: forged steel, riveted plate, gold filigree, hammered bronze. Color palette: gold, brushed silver, dark iron. Style: stout, ornate, runic engraving, hand-painted toon shading, clean silhouette, suitable for an RTS unit at ~2m tall. Approximate size: 37 cm wide × 17 cm tall × 34 cm deep. Placement: attaches to the Bip001 Spine bone (covers shoulders down to waist). Single mesh, T-pose neutral, no skeleton, baked diffuse texture only.","photoreal, hyperreal, realistic skin pores, no humans, no faces in armor, no text, no logos, no watermarks, no excess geometry, no PBR maps"
Dwarf,DWF_Units_Shoulderpads_A,Shoulders,A,light/cloth tier,,Bip001 L Clavicle,28×18×11 cm (W×H×D),"A low-poly stylized 3D model: mountain-dwarven pauldron / shoulder pad pair. light/cloth tier variant A. Materials/feel: forged steel, riveted plate, gold filigree, hammered bronze. Color palette: gold, brushed silver, dark iron. Style: stout, ornate, runic engraving, hand-painted toon shading, clean silhouette, suitable for an RTS unit at ~2m tall. Approximate size: 28 cm wide × 18 cm tall × 11 cm deep. Placement: attaches to the Bip001 L Clavicle bone (sits on top of the shoulders). Single mesh, T-pose neutral, no skeleton, baked diffuse texture only.","photoreal, hyperreal, realistic skin pores, no humans, no faces in armor, no text, no logos, no watermarks, no excess geometry, no PBR maps"
Dwarf,DWF_Units_Shoulderpads_B,Shoulders,B,light/cloth tier,,Bip001 L Clavicle,27×16×11 cm (W×H×D),"A low-poly stylized 3D model: mountain-dwarven pauldron / shoulder pad pair. light/cloth tier variant B. Materials/feel: forged steel, riveted plate, gold filigree, hammered bronze. Color palette: gold, brushed silver, dark iron. Style: stout, ornate, runic engraving, hand-painted toon shading, clean silhouette, suitable for an RTS unit at ~2m tall. Approximate size: 27 cm wide × 16 cm tall × 11 cm deep. Placement: attaches to the Bip001 L Clavicle bone (sits on top of the shoulders). Single mesh, T-pose neutral, no skeleton, baked diffuse texture only.","photoreal, hyperreal, realistic skin pores, no humans, no faces in armor, no text, no logos, no watermarks, no excess geometry, no PBR maps"
Dwarf,DWF_Units_Shoulderpads_C,Shoulders,C,medium/leather tier,,Bip001 L Clavicle,33×18×12 cm (W×H×D),"A low-poly stylized 3D model: mountain-dwarven pauldron / shoulder pad pair. medium/leather tier variant C. Materials/feel: forged steel, riveted plate, gold filigree, hammered bronze. Color palette: gold, brushed silver, dark iron. Style: stout, ornate, runic engraving, hand-painted toon shading, clean silhouette, suitable for an RTS unit at ~2m tall. Approximate size: 33 cm wide × 18 cm tall × 12 cm deep. Placement: attaches to the Bip001 L Clavicle bone (sits on top of the shoulders). Single mesh, T-pose neutral, no skeleton, baked diffuse texture only.","photoreal, hyperreal, realistic skin pores, no humans, no faces in armor, no text, no logos, no watermarks, no excess geometry, no PBR maps"
Dwarf,DWF_Units_Head_M,Head,M,heavy/plate tier,,Bip001 Head,13×18×25 cm (W×H×D),"A low-poly stylized 3D model: mountain-dwarven helmet/head piece. heavy/plate tier variant M. Materials/feel: forged steel, riveted plate, gold filigree, hammered bronze. Color palette: gold, brushed silver, dark iron. Style: stout, ornate, runic engraving, hand-painted toon shading, clean silhouette, suitable for an RTS unit at ~2m tall. Approximate size: 13 cm wide × 18 cm tall × 25 cm deep. Placement: attaches to the Bip001 Head bone (rests on the skull, fits over hair). Single mesh, T-pose neutral, no skeleton, baked diffuse texture only.","photoreal, hyperreal, realistic skin pores, no humans, no faces in armor, no text, no logos, no watermarks, no excess geometry, no PBR maps"
Dwarf,DWF_Units_Head_N,Head,N,heavy/plate tier,,Bip001 Head,13×18×25 cm (W×H×D),"A low-poly stylized 3D model: mountain-dwarven helmet/head piece. heavy/plate tier variant N. Materials/feel: forged steel, riveted plate, gold filigree, hammered bronze. Color palette: gold, brushed silver, dark iron. Style: stout, ornate, runic engraving, hand-painted toon shading, clean silhouette, suitable for an RTS unit at ~2m tall. Approximate size: 13 cm wide × 18 cm tall × 25 cm deep. Placement: attaches to the Bip001 Head bone (rests on the skull, fits over hair). Single mesh, T-pose neutral, no skeleton, baked diffuse texture only.","photoreal, hyperreal, realistic skin pores, no humans, no faces in armor, no text, no logos, no watermarks, no excess geometry, no PBR maps"
Dwarf,DWF_Units_Arms_A,Arms,A,light/cloth tier,,Bip001 R Forearm,56×11×15 cm (W×H×D),"A low-poly stylized 3D model: mountain-dwarven arm guards / bracers / sleeves. light/cloth tier variant A. Materials/feel: forged steel, riveted plate, gold filigree, hammered bronze. Color palette: gold, brushed silver, dark iron. Style: stout, ornate, runic engraving, hand-painted toon shading, clean silhouette, suitable for an RTS unit at ~2m tall. Approximate size: 56 cm wide × 11 cm tall × 15 cm deep. Placement: attaches to the Bip001 R Forearm bone (wrist to elbow on both arms). Single mesh, T-pose neutral, no skeleton, baked diffuse texture only.","photoreal, hyperreal, realistic skin pores, no humans, no faces in armor, no text, no logos, no watermarks, no excess geometry, no PBR maps"
Dwarf,DWF_Units_Legs_A,Legs,A,light/cloth tier,,Bip001 R Foot,20×16×11 cm (W×H×D),"A low-poly stylized 3D model: mountain-dwarven greaves / leg armor / leggings. light/cloth tier variant A. Materials/feel: forged steel, riveted plate, gold filigree, hammered bronze. Color palette: gold, brushed silver, dark iron. Style: stout, ornate, runic engraving, hand-painted toon shading, clean silhouette, suitable for an RTS unit at ~2m tall. Approximate size: 20 cm wide × 16 cm tall × 11 cm deep. Placement: attaches to the Bip001 R Foot bone (hip to ankle). Single mesh, T-pose neutral, no skeleton, baked diffuse texture only.","photoreal, hyperreal, realistic skin pores, no humans, no faces in armor, no text, no logos, no watermarks, no excess geometry, no PBR maps"
Dwarf,DWF_Units_Legs_B,Legs,B,light/cloth tier,,Bip001 R Foot,20×16×11 cm (W×H×D),"A low-poly stylized 3D model: mountain-dwarven greaves / leg armor / leggings. light/cloth tier variant B. Materials/feel: forged steel, riveted plate, gold filigree, hammered bronze. Color palette: gold, brushed silver, dark iron. Style: stout, ornate, runic engraving, hand-painted toon shading, clean silhouette, suitable for an RTS unit at ~2m tall. Approximate size: 20 cm wide × 16 cm tall × 11 cm deep. Placement: attaches to the Bip001 R Foot bone (hip to ankle). Single mesh, T-pose neutral, no skeleton, baked diffuse texture only.","photoreal, hyperreal, realistic skin pores, no humans, no faces in armor, no text, no logos, no watermarks, no excess geometry, no PBR maps"
Dwarf,DWF_Units_Arms_B,Arms,B,light/cloth tier,,Bip001 R Forearm,56×11×15 cm (W×H×D),"A low-poly stylized 3D model: mountain-dwarven arm guards / bracers / sleeves. light/cloth tier variant B. Materials/feel: forged steel, riveted plate, gold filigree, hammered bronze. Color palette: gold, brushed silver, dark iron. Style: stout, ornate, runic engraving, hand-painted toon shading, clean silhouette, suitable for an RTS unit at ~2m tall. Approximate size: 56 cm wide × 11 cm tall × 15 cm deep. Placement: attaches to the Bip001 R Forearm bone (wrist to elbow on both arms). Single mesh, T-pose neutral, no skeleton, baked diffuse texture only.","photoreal, hyperreal, realistic skin pores, no humans, no faces in armor, no text, no logos, no watermarks, no excess geometry, no PBR maps"
Dwarf,DWF_Units_Legs_C,Legs,C,medium/leather tier,,Bip001 R Foot,20×16×11 cm (W×H×D),"A low-poly stylized 3D model: mountain-dwarven greaves / leg armor / leggings. medium/leather tier variant C. Materials/feel: forged steel, riveted plate, gold filigree, hammered bronze. Color palette: gold, brushed silver, dark iron. Style: stout, ornate, runic engraving, hand-painted toon shading, clean silhouette, suitable for an RTS unit at ~2m tall. Approximate size: 20 cm wide × 16 cm tall × 11 cm deep. Placement: attaches to the Bip001 R Foot bone (hip to ankle). Single mesh, T-pose neutral, no skeleton, baked diffuse texture only.","photoreal, hyperreal, realistic skin pores, no humans, no faces in armor, no text, no logos, no watermarks, no excess geometry, no PBR maps"
Dwarf,DWF_Units_Arms_C,Arms,C,medium/leather tier,,Bip001 R Forearm,56×11×15 cm (W×H×D),"A low-poly stylized 3D model: mountain-dwarven arm guards / bracers / sleeves. medium/leather tier variant C. Materials/feel: forged steel, riveted plate, gold filigree, hammered bronze. Color palette: gold, brushed silver, dark iron. Style: stout, ornate, runic engraving, hand-painted toon shading, clean silhouette, suitable for an RTS unit at ~2m tall. Approximate size: 56 cm wide × 11 cm tall × 15 cm deep. Placement: attaches to the Bip001 R Forearm bone (wrist to elbow on both arms). Single mesh, T-pose neutral, no skeleton, baked diffuse texture only.","photoreal, hyperreal, realistic skin pores, no humans, no faces in armor, no text, no logos, no watermarks, no excess geometry, no PBR maps"
Dwarf,DWF_Units_Head_B,Head,B,light/cloth tier,,Bip001 Head,13×16×25 cm (W×H×D),"A low-poly stylized 3D model: mountain-dwarven helmet/head piece. light/cloth tier variant B. Materials/feel: forged steel, riveted plate, gold filigree, hammered bronze. Color palette: gold, brushed silver, dark iron. Style: stout, ornate, runic engraving, hand-painted toon shading, clean silhouette, suitable for an RTS unit at ~2m tall. Approximate size: 13 cm wide × 16 cm tall × 25 cm deep. Placement: attaches to the Bip001 Head bone (rests on the skull, fits over hair). Single mesh, T-pose neutral, no skeleton, baked diffuse texture only.","photoreal, hyperreal, realistic skin pores, no humans, no faces in armor, no text, no logos, no watermarks, no excess geometry, no PBR maps"
Dwarf,DWF_Units_Head_C,Head,C,medium/leather tier,,Bip001 Head,15×16×27 cm (W×H×D),"A low-poly stylized 3D model: mountain-dwarven helmet/head piece. medium/leather tier variant C. Materials/feel: forged steel, riveted plate, gold filigree, hammered bronze. Color palette: gold, brushed silver, dark iron. Style: stout, ornate, runic engraving, hand-painted toon shading, clean silhouette, suitable for an RTS unit at ~2m tall. Approximate size: 15 cm wide × 16 cm tall × 27 cm deep. Placement: attaches to the Bip001 Head bone (rests on the skull, fits over hair). Single mesh, T-pose neutral, no skeleton, baked diffuse texture only.","photoreal, hyperreal, realistic skin pores, no humans, no faces in armor, no text, no logos, no watermarks, no excess geometry, no PBR maps"
Dwarf,DWF_Units_Head_D,Head,D,medium/leather tier,,Bip001 Head,13×17×25 cm (W×H×D),"A low-poly stylized 3D model: mountain-dwarven helmet/head piece. medium/leather tier variant D. Materials/feel: forged steel, riveted plate, gold filigree, hammered bronze. Color palette: gold, brushed silver, dark iron. Style: stout, ornate, runic engraving, hand-painted toon shading, clean silhouette, suitable for an RTS unit at ~2m tall. Approximate size: 13 cm wide × 17 cm tall × 25 cm deep. Placement: attaches to the Bip001 Head bone (rests on the skull, fits over hair). Single mesh, T-pose neutral, no skeleton, baked diffuse texture only.","photoreal, hyperreal, realistic skin pores, no humans, no faces in armor, no text, no logos, no watermarks, no excess geometry, no PBR maps"
Dwarf,DWF_Units_Head_E,Head,E,medium/leather tier,,Bip001 Head,13×16×26 cm (W×H×D),"A low-poly stylized 3D model: mountain-dwarven helmet/head piece. medium/leather tier variant E. Materials/feel: forged steel, riveted plate, gold filigree, hammered bronze. Color palette: gold, brushed silver, dark iron. Style: stout, ornate, runic engraving, hand-painted toon shading, clean silhouette, suitable for an RTS unit at ~2m tall. Approximate size: 13 cm wide × 16 cm tall × 26 cm deep. Placement: attaches to the Bip001 Head bone (rests on the skull, fits over hair). Single mesh, T-pose neutral, no skeleton, baked diffuse texture only.","photoreal, hyperreal, realistic skin pores, no humans, no faces in armor, no text, no logos, no watermarks, no excess geometry, no PBR maps"
Dwarf,DWF_Units_Head_F,Head,F,heavy/plate tier,,Bip001 Head,17×16×27 cm (W×H×D),"A low-poly stylized 3D model: mountain-dwarven helmet/head piece. heavy/plate tier variant F. Materials/feel: forged steel, riveted plate, gold filigree, hammered bronze. Color palette: gold, brushed silver, dark iron. Style: stout, ornate, runic engraving, hand-painted toon shading, clean silhouette, suitable for an RTS unit at ~2m tall. Approximate size: 17 cm wide × 16 cm tall × 27 cm deep. Placement: attaches to the Bip001 Head bone (rests on the skull, fits over hair). Single mesh, T-pose neutral, no skeleton, baked diffuse texture only.","photoreal, hyperreal, realistic skin pores, no humans, no faces in armor, no text, no logos, no watermarks, no excess geometry, no PBR maps"
Dwarf,DWF_Units_Head_G,Head,G,heavy/plate tier,,Bip001 Head,13×17×25 cm (W×H×D),"A low-poly stylized 3D model: mountain-dwarven helmet/head piece. heavy/plate tier variant G. Materials/feel: forged steel, riveted plate, gold filigree, hammered bronze. Color palette: gold, brushed silver, dark iron. Style: stout, ornate, runic engraving, hand-painted toon shading, clean silhouette, suitable for an RTS unit at ~2m tall. Approximate size: 13 cm wide × 17 cm tall × 25 cm deep. Placement: attaches to the Bip001 Head bone (rests on the skull, fits over hair). Single mesh, T-pose neutral, no skeleton, baked diffuse texture only.","photoreal, hyperreal, realistic skin pores, no humans, no faces in armor, no text, no logos, no watermarks, no excess geometry, no PBR maps"
Dwarf,DWF_Units_Head_H,Head,H,heavy/plate tier,,Bip001 Head,17×17×30 cm (W×H×D),"A low-poly stylized 3D model: mountain-dwarven helmet/head piece. heavy/plate tier variant H. Materials/feel: forged steel, riveted plate, gold filigree, hammered bronze. Color palette: gold, brushed silver, dark iron. Style: stout, ornate, runic engraving, hand-painted toon shading, clean silhouette, suitable for an RTS unit at ~2m tall. Approximate size: 17 cm wide × 17 cm tall × 30 cm deep. Placement: attaches to the Bip001 Head bone (rests on the skull, fits over hair). Single mesh, T-pose neutral, no skeleton, baked diffuse texture only.","photoreal, hyperreal, realistic skin pores, no humans, no faces in armor, no text, no logos, no watermarks, no excess geometry, no PBR maps"
Dwarf,DWF_Units_Head_I,Head,I,heavy/plate tier,,Bip001 Head,29×17×25 cm (W×H×D),"A low-poly stylized 3D model: mountain-dwarven helmet/head piece. heavy/plate tier variant I. Materials/feel: forged steel, riveted plate, gold filigree, hammered bronze. Color palette: gold, brushed silver, dark iron. Style: stout, ornate, runic engraving, hand-painted toon shading, clean silhouette, suitable for an RTS unit at ~2m tall. Approximate size: 29 cm wide × 17 cm tall × 25 cm deep. Placement: attaches to the Bip001 Head bone (rests on the skull, fits over hair). Single mesh, T-pose neutral, no skeleton, baked diffuse texture only.","photoreal, hyperreal, realistic skin pores, no humans, no faces in armor, no text, no logos, no watermarks, no excess geometry, no PBR maps"
Dwarf,DWF_Units_Head_J,Head,J,heavy/plate tier,,Bip001 Head,13×18×27 cm (W×H×D),"A low-poly stylized 3D model: mountain-dwarven helmet/head piece. heavy/plate tier variant J. Materials/feel: forged steel, riveted plate, gold filigree, hammered bronze. Color palette: gold, brushed silver, dark iron. Style: stout, ornate, runic engraving, hand-painted toon shading, clean silhouette, suitable for an RTS unit at ~2m tall. Approximate size: 13 cm wide × 18 cm tall × 27 cm deep. Placement: attaches to the Bip001 Head bone (rests on the skull, fits over hair). Single mesh, T-pose neutral, no skeleton, baked diffuse texture only.","photoreal, hyperreal, realistic skin pores, no humans, no faces in armor, no text, no logos, no watermarks, no excess geometry, no PBR maps"
Dwarf,DWF_Units_Head_K,Head,K,heavy/plate tier,,Bip001 Head,22×18×28 cm (W×H×D),"A low-poly stylized 3D model: mountain-dwarven helmet/head piece. heavy/plate tier variant K. Materials/feel: forged steel, riveted plate, gold filigree, hammered bronze. Color palette: gold, brushed silver, dark iron. Style: stout, ornate, runic engraving, hand-painted toon shading, clean silhouette, suitable for an RTS unit at ~2m tall. Approximate size: 22 cm wide × 18 cm tall × 28 cm deep. Placement: attaches to the Bip001 Head bone (rests on the skull, fits over hair). Single mesh, T-pose neutral, no skeleton, baked diffuse texture only.","photoreal, hyperreal, realistic skin pores, no humans, no faces in armor, no text, no logos, no watermarks, no excess geometry, no PBR maps"
Dwarf,DWF_Units_Head_L,Head,L,heavy/plate tier,,Bip001 Head,21×17×26 cm (W×H×D),"A low-poly stylized 3D model: mountain-dwarven helmet/head piece. heavy/plate tier variant L. Materials/feel: forged steel, riveted plate, gold filigree, hammered bronze. Color palette: gold, brushed silver, dark iron. Style: stout, ornate, runic engraving, hand-painted toon shading, clean silhouette, suitable for an RTS unit at ~2m tall. Approximate size: 21 cm wide × 17 cm tall × 26 cm deep. Placement: attaches to the Bip001 Head bone (rests on the skull, fits over hair). Single mesh, T-pose neutral, no skeleton, baked diffuse texture only.","photoreal, hyperreal, realistic skin pores, no humans, no faces in armor, no text, no logos, no watermarks, no excess geometry, no PBR maps"
Elf,ELF_BoltThrower,Engine,,,,Bone_Bolt,112×54×137 cm (W×H×D),"A low-poly stylized 3D model: high-elven wood-keeper siege engine (full assembly). Materials/feel: enchanted living wood, mithril leaf, woven silk, polished bronze. Color palette: sage green, silver, deep teal. Style: graceful, art-nouveau curves, sylvan, hand-painted toon shading, clean silhouette, suitable for an RTS unit at ~2m tall. Approximate size: 112 cm wide × 54 cm tall × 137 cm deep. Placement: attaches to the Bone_Bolt bone (ground anchor). Single mesh, T-pose neutral, no skeleton, baked diffuse texture only.","photoreal, hyperreal, realistic skin pores, no humans, no faces in armor, no text, no logos, no watermarks, no excess geometry, no PBR maps"
Elf,ELF_Horse,Creature,,,,Bip001 Head,26×86×67 cm (W×H×D),"A low-poly stylized 3D model: high-elven wood-keeper mount creature (full body). Materials/feel: enchanted living wood, mithril leaf, woven silk, polished bronze. Color palette: sage green, silver, deep teal. Style: graceful, art-nouveau curves, sylvan, hand-painted toon shading, clean silhouette, suitable for an RTS unit at ~2m tall. Approximate size: 26 cm wide × 86 cm tall × 67 cm deep. Placement: attaches to the Bip001 Head bone (ground anchor). Single mesh, T-pose neutral, no skeleton, baked diffuse texture only.","photoreal, hyperreal, realistic skin pores, no humans, no faces in armor, no text, no logos, no watermarks, no excess geometry, no PBR maps"
Elf,ELF_weapon_bow,Bow,,,left,,61×4×13 cm (W×H×D),"A low-poly stylized 3D model: high-elven wood-keeper recurve bow. Materials/feel: enchanted living wood, mithril leaf, woven silk, polished bronze. Color palette: sage green, silver, deep teal. Style: graceful, art-nouveau curves, sylvan, hand-painted toon shading, clean silhouette, suitable for an RTS unit at ~2m tall. Approximate size: 61 cm wide × 4 cm tall × 13 cm deep. Placement: left hand grip. Single mesh, T-pose neutral, no skeleton, baked diffuse texture only.","photoreal, hyperreal, realistic skin pores, no humans, no faces in armor, no text, no logos, no watermarks, no excess geometry, no PBR maps"
Elf,ELF_weapon_staff_B,Staff,B,light/cloth tier,right,,79×17×7 cm (W×H×D),"A low-poly stylized 3D model: high-elven wood-keeper magic staff with crystal/orb finial. light/cloth tier variant B. Materials/feel: enchanted living wood, mithril leaf, woven silk, polished bronze. Color palette: sage green, silver, deep teal. Style: graceful, art-nouveau curves, sylvan, hand-painted toon shading, clean silhouette, suitable for an RTS unit at ~2m tall. Approximate size: 79 cm wide × 17 cm tall × 7 cm deep. Placement: right hand, vertical. Single mesh, T-pose neutral, no skeleton, baked diffuse texture only.","photoreal, hyperreal, realistic skin pores, no humans, no faces in armor, no text, no logos, no watermarks, no excess geometry, no PBR maps"
Elf,ELF_weapon_staff_C,Staff,C,medium/leather tier,right,,80×21×11 cm (W×H×D),"A low-poly stylized 3D model: high-elven wood-keeper magic staff with crystal/orb finial. medium/leather tier variant C. Materials/feel: enchanted living wood, mithril leaf, woven silk, polished bronze. Color palette: sage green, silver, deep teal. Style: graceful, art-nouveau curves, sylvan, hand-painted toon shading, clean silhouette, suitable for an RTS unit at ~2m tall. Approximate size: 80 cm wide × 21 cm tall × 11 cm deep. Placement: right hand, vertical. Single mesh, T-pose neutral, no skeleton, baked diffuse texture only.","photoreal, hyperreal, realistic skin pores, no humans, no faces in armor, no text, no logos, no watermarks, no excess geometry, no PBR maps"
Elf,ELF_weapon_staff_A,Staff,A,light/cloth tier,right,,79×14×5 cm (W×H×D),"A low-poly stylized 3D model: high-elven wood-keeper magic staff with crystal/orb finial. light/cloth tier variant A. Materials/feel: enchanted living wood, mithril leaf, woven silk, polished bronze. Color palette: sage green, silver, deep teal. Style: graceful, art-nouveau curves, sylvan, hand-painted toon shading, clean silhouette, suitable for an RTS unit at ~2m tall. Approximate size: 79 cm wide × 14 cm tall × 5 cm deep. Placement: right hand, vertical. Single mesh, T-pose neutral, no skeleton, baked diffuse texture only.","photoreal, hyperreal, realistic skin pores, no humans, no faces in armor, no text, no logos, no watermarks, no excess geometry, no PBR maps"
Elf,ELF_shield_C,Shield,C,medium/leather tier,left,,6×60×22 cm (W×H×D),"A low-poly stylized 3D model: high-elven wood-keeper kite/round shield. medium/leather tier variant C. Materials/feel: enchanted living wood, mithril leaf, woven silk, polished bronze. Color palette: sage green, silver, deep teal. Style: graceful, art-nouveau curves, sylvan, hand-painted toon shading, clean silhouette, suitable for an RTS unit at ~2m tall. Approximate size: 6 cm wide × 60 cm tall × 22 cm deep. Placement: left forearm strap. Single mesh, T-pose neutral, no skeleton, baked diffuse texture only.","photoreal, hyperreal, realistic skin pores, no humans, no faces in armor, no text, no logos, no watermarks, no excess geometry, no PBR maps"
Elf,ELF_shield_B,Shield,B,light/cloth tier,left,,5×44×19 cm (W×H×D),"A low-poly stylized 3D model: high-elven wood-keeper kite/round shield. light/cloth tier variant B. Materials/feel: enchanted living wood, mithril leaf, woven silk, polished bronze. Color palette: sage green, silver, deep teal. Style: graceful, art-nouveau curves, sylvan, hand-painted toon shading, clean silhouette, suitable for an RTS unit at ~2m tall. Approximate size: 5 cm wide × 44 cm tall × 19 cm deep. Placement: left forearm strap. Single mesh, T-pose neutral, no skeleton, baked diffuse texture only.","photoreal, hyperreal, realistic skin pores, no humans, no faces in armor, no text, no logos, no watermarks, no excess geometry, no PBR maps"
Elf,ELF_shield_A,Shield,A,light/cloth tier,left,,4×31×20 cm (W×H×D),"A low-poly stylized 3D model: high-elven wood-keeper kite/round shield. light/cloth tier variant A. Materials/feel: enchanted living wood, mithril leaf, woven silk, polished bronze. Color palette: sage green, silver, deep teal. Style: graceful, art-nouveau curves, sylvan, hand-painted toon shading, clean silhouette, suitable for an RTS unit at ~2m tall. Approximate size: 4 cm wide × 31 cm tall × 20 cm deep. Placement: left forearm strap. Single mesh, T-pose neutral, no skeleton, baked diffuse texture only.","photoreal, hyperreal, realistic skin pores, no humans, no faces in armor, no text, no logos, no watermarks, no excess geometry, no PBR maps"
Elf,ELF_weapon_axe,Axe,,,right,,41×4×11 cm (W×H×D),"A low-poly stylized 3D model: high-elven wood-keeper one-handed war axe. Materials/feel: enchanted living wood, mithril leaf, woven silk, polished bronze. Color palette: sage green, silver, deep teal. Style: graceful, art-nouveau curves, sylvan, hand-painted toon shading, clean silhouette, suitable for an RTS unit at ~2m tall. Approximate size: 41 cm wide × 4 cm tall × 11 cm deep. Placement: right hand grip. Single mesh, T-pose neutral, no skeleton, baked diffuse texture only.","photoreal, hyperreal, realistic skin pores, no humans, no faces in armor, no text, no logos, no watermarks, no excess geometry, no PBR maps"
Elf,ELF_weapon_hammer,Hammer,,,right,,29×5×13 cm (W×H×D),"A low-poly stylized 3D model: high-elven wood-keeper two-handed war hammer. Materials/feel: enchanted living wood, mithril leaf, woven silk, polished bronze. Color palette: sage green, silver, deep teal. Style: graceful, art-nouveau curves, sylvan, hand-painted toon shading, clean silhouette, suitable for an RTS unit at ~2m tall. Approximate size: 29 cm wide × 5 cm tall × 13 cm deep. Placement: right hand grip. Single mesh, T-pose neutral, no skeleton, baked diffuse texture only.","photoreal, hyperreal, realistic skin pores, no humans, no faces in armor, no text, no logos, no watermarks, no excess geometry, no PBR maps"
Elf,ELF_weapon_sword_B,Sword,B,light/cloth tier,right,,53×3×8 cm (W×H×D),"A low-poly stylized 3D model: high-elven wood-keeper one-handed sword. light/cloth tier variant B. Materials/feel: enchanted living wood, mithril leaf, woven silk, polished bronze. Color palette: sage green, silver, deep teal. Style: graceful, art-nouveau curves, sylvan, hand-painted toon shading, clean silhouette, suitable for an RTS unit at ~2m tall. Approximate size: 53 cm wide × 3 cm tall × 8 cm deep. Placement: right hand grip, blade pointing up. Single mesh, T-pose neutral, no skeleton, baked diffuse texture only.","photoreal, hyperreal, realistic skin pores, no humans, no faces in armor, no text, no logos, no watermarks, no excess geometry, no PBR maps"
Elf,ELF_weapon_dagger,Dagger,,,right,,33×4×7 cm (W×H×D),"A low-poly stylized 3D model: high-elven wood-keeper dagger / short blade. Materials/feel: enchanted living wood, mithril leaf, woven silk, polished bronze. Color palette: sage green, silver, deep teal. Style: graceful, art-nouveau curves, sylvan, hand-painted toon shading, clean silhouette, suitable for an RTS unit at ~2m tall. Approximate size: 33 cm wide × 4 cm tall × 7 cm deep. Placement: right hand reverse-grip. Single mesh, T-pose neutral, no skeleton, baked diffuse texture only.","photoreal, hyperreal, realistic skin pores, no humans, no faces in armor, no text, no logos, no watermarks, no excess geometry, no PBR maps"
Elf,ELF_weapon_sword_A,Sword,A,light/cloth tier,right,,52×5×8 cm (W×H×D),"A low-poly stylized 3D model: high-elven wood-keeper one-handed sword. light/cloth tier variant A. Materials/feel: enchanted living wood, mithril leaf, woven silk, polished bronze. Color palette: sage green, silver, deep teal. Style: graceful, art-nouveau curves, sylvan, hand-painted toon shading, clean silhouette, suitable for an RTS unit at ~2m tall. Approximate size: 52 cm wide × 5 cm tall × 8 cm deep. Placement: right hand grip, blade pointing up. Single mesh, T-pose neutral, no skeleton, baked diffuse texture only.","photoreal, hyperreal, realistic skin pores, no humans, no faces in armor, no text, no logos, no watermarks, no excess geometry, no PBR maps"
Elf,ELF_weapon_spear,Spear,,,right,,89×4×6 cm (W×H×D),"A low-poly stylized 3D model: high-elven wood-keeper long spear. Materials/feel: enchanted living wood, mithril leaf, woven silk, polished bronze. Color palette: sage green, silver, deep teal. Style: graceful, art-nouveau curves, sylvan, hand-painted toon shading, clean silhouette, suitable for an RTS unit at ~2m tall. Approximate size: 89 cm wide × 4 cm tall × 6 cm deep. Placement: right hand grip, vertical. Single mesh, T-pose neutral, no skeleton, baked diffuse texture only.","photoreal, hyperreal, realistic skin pores, no humans, no faces in armor, no text, no logos, no watermarks, no excess geometry, no PBR maps"
Elf,ELF_weapon_lance,Lance,,,right,,103×9×11 cm (W×H×D),"A low-poly stylized 3D model: high-elven wood-keeper cavalry lance. Materials/feel: enchanted living wood, mithril leaf, woven silk, polished bronze. Color palette: sage green, silver, deep teal. Style: graceful, art-nouveau curves, sylvan, hand-painted toon shading, clean silhouette, suitable for an RTS unit at ~2m tall. Approximate size: 103 cm wide × 9 cm tall × 11 cm deep. Placement: couched under right arm. Single mesh, T-pose neutral, no skeleton, baked diffuse texture only.","photoreal, hyperreal, realistic skin pores, no humans, no faces in armor, no text, no logos, no watermarks, no excess geometry, no PBR maps"
Elf,ELF_Xtra_quiver,Quiver,,,,,11×7×37 cm (W×H×D),"A low-poly stylized 3D model: high-elven wood-keeper arrow quiver. Materials/feel: enchanted living wood, mithril leaf, woven silk, polished bronze. Color palette: sage green, silver, deep teal. Style: graceful, art-nouveau curves, sylvan, hand-painted toon shading, clean silhouette, suitable for an RTS unit at ~2m tall. Approximate size: 11 cm wide × 7 cm tall × 37 cm deep. Placement: strapped to back, over shoulder. Single mesh, T-pose neutral, no skeleton, baked diffuse texture only.","photoreal, hyperreal, realistic skin pores, no humans, no faces in armor, no text, no logos, no watermarks, no excess geometry, no PBR maps"
Elf,ELF_horse_Seat,Saddle,,,,Bip001 Spine,24×15×21 cm (W×H×D),"A low-poly stylized 3D model: high-elven wood-keeper riding saddle. Materials/feel: enchanted living wood, mithril leaf, woven silk, polished bronze. Color palette: sage green, silver, deep teal. Style: graceful, art-nouveau curves, sylvan, hand-painted toon shading, clean silhouette, suitable for an RTS unit at ~2m tall. Approximate size: 24 cm wide × 15 cm tall × 21 cm deep. Placement: attaches to the Bip001 Spine bone (on top of mount creature). Single mesh, T-pose neutral, no skeleton, baked diffuse texture only.","photoreal, hyperreal, realistic skin pores, no humans, no faces in armor, no text, no logos, no watermarks, no excess geometry, no PBR maps"
Elf,ELF_Units_Legs_A,Legs,A,light/cloth tier,,Bip001 R Foot001,19×16×14 cm (W×H×D),"A low-poly stylized 3D model: high-elven wood-keeper greaves / leg armor / leggings. light/cloth tier variant A. Materials/feel: enchanted living wood, mithril leaf, woven silk, polished bronze. Color palette: sage green, silver, deep teal. Style: graceful, art-nouveau curves, sylvan, hand-painted toon shading, clean silhouette, suitable for an RTS unit at ~2m tall. Approximate size: 19 cm wide × 16 cm tall × 14 cm deep. Placement: attaches to the Bip001 R Foot001 bone (hip to ankle). Single mesh, T-pose neutral, no skeleton, baked diffuse texture only.","photoreal, hyperreal, realistic skin pores, no humans, no faces in armor, no text, no logos, no watermarks, no excess geometry, no PBR maps"
Elf,ELF_Units_Arms_A,Arms,A,light/cloth tier,,Bip001 R Hand001,59×10×15 cm (W×H×D),"A low-poly stylized 3D model: high-elven wood-keeper arm guards / bracers / sleeves. light/cloth tier variant A. Materials/feel: enchanted living wood, mithril leaf, woven silk, polished bronze. Color palette: sage green, silver, deep teal. Style: graceful, art-nouveau curves, sylvan, hand-painted toon shading, clean silhouette, suitable for an RTS unit at ~2m tall. Approximate size: 59 cm wide × 10 cm tall × 15 cm deep. Placement: attaches to the Bip001 R Hand001 bone (wrist to elbow on both arms). Single mesh, T-pose neutral, no skeleton, baked diffuse texture only.","photoreal, hyperreal, realistic skin pores, no humans, no faces in armor, no text, no logos, no watermarks, no excess geometry, no PBR maps"
Elf,ELF_Units_Body_F,Body,F,heavy/plate tier,,Bip001 Spine001,40×19×54 cm (W×H×D),"A low-poly stylized 3D model: high-elven wood-keeper chest armor (cuirass / tunic / robe top). heavy/plate tier variant F. Materials/feel: enchanted living wood, mithril leaf, woven silk, polished bronze. Color palette: sage green, silver, deep teal. Style: graceful, art-nouveau curves, sylvan, hand-painted toon shading, clean silhouette, suitable for an RTS unit at ~2m tall. Approximate size: 40 cm wide × 19 cm tall × 54 cm deep. Placement: attaches to the Bip001 Spine001 bone (covers shoulders down to waist). Single mesh, T-pose neutral, no skeleton, baked diffuse texture only.","photoreal, hyperreal, realistic skin pores, no humans, no faces in armor, no text, no logos, no watermarks, no excess geometry, no PBR maps"
Elf,ELF_Units_Body_A,Body,A,light/cloth tier,,Bip001 Spine001,43×14×43 cm (W×H×D),"A low-poly stylized 3D model: high-elven wood-keeper chest armor (cuirass / tunic / robe top). light/cloth tier variant A. Materials/feel: enchanted living wood, mithril leaf, woven silk, polished bronze. Color palette: sage green, silver, deep teal. Style: graceful, art-nouveau curves, sylvan, hand-painted toon shading, clean silhouette, suitable for an RTS unit at ~2m tall. Approximate size: 43 cm wide × 14 cm tall × 43 cm deep. Placement: attaches to the Bip001 Spine001 bone (covers shoulders down to waist). Single mesh, T-pose neutral, no skeleton, baked diffuse texture only.","photoreal, hyperreal, realistic skin pores, no humans, no faces in armor, no text, no logos, no watermarks, no excess geometry, no PBR maps"
Elf,ELF_Units_Head_A,Head,A,light/cloth tier,,Bip001 Head001,9×14×12 cm (W×H×D),"A low-poly stylized 3D model: high-elven wood-keeper helmet/head piece. light/cloth tier variant A. Materials/feel: enchanted living wood, mithril leaf, woven silk, polished bronze. Color palette: sage green, silver, deep teal. Style: graceful, art-nouveau curves, sylvan, hand-painted toon shading, clean silhouette, suitable for an RTS unit at ~2m tall. Approximate size: 9 cm wide × 14 cm tall × 12 cm deep. Placement: attaches to the Bip001 Head001 bone (rests on the skull, fits over hair). Single mesh, T-pose neutral, no skeleton, baked diffuse texture only.","photoreal, hyperreal, realistic skin pores, no humans, no faces in armor, no text, no logos, no watermarks, no excess geometry, no PBR maps"
Elf,ELF_Units_Body_B,Body,B,light/cloth tier,,Bip001 Spine001,43×15×44 cm (W×H×D),"A low-poly stylized 3D model: high-elven wood-keeper chest armor (cuirass / tunic / robe top). light/cloth tier variant B. Materials/feel: enchanted living wood, mithril leaf, woven silk, polished bronze. Color palette: sage green, silver, deep teal. Style: graceful, art-nouveau curves, sylvan, hand-painted toon shading, clean silhouette, suitable for an RTS unit at ~2m tall. Approximate size: 43 cm wide × 15 cm tall × 44 cm deep. Placement: attaches to the Bip001 Spine001 bone (covers shoulders down to waist). Single mesh, T-pose neutral, no skeleton, baked diffuse texture only.","photoreal, hyperreal, realistic skin pores, no humans, no faces in armor, no text, no logos, no watermarks, no excess geometry, no PBR maps"
Elf,ELF_Units_Arms_B,Arms,B,light/cloth tier,,Bip001 R Hand001,59×10×15 cm (W×H×D),"A low-poly stylized 3D model: high-elven wood-keeper arm guards / bracers / sleeves. light/cloth tier variant B. Materials/feel: enchanted living wood, mithril leaf, woven silk, polished bronze. Color palette: sage green, silver, deep teal. Style: graceful, art-nouveau curves, sylvan, hand-painted toon shading, clean silhouette, suitable for an RTS unit at ~2m tall. Approximate size: 59 cm wide × 10 cm tall × 15 cm deep. Placement: attaches to the Bip001 R Hand001 bone (wrist to elbow on both arms). Single mesh, T-pose neutral, no skeleton, baked diffuse texture only.","photoreal, hyperreal, realistic skin pores, no humans, no faces in armor, no text, no logos, no watermarks, no excess geometry, no PBR maps"
Elf,ELF_Units_Legs_B,Legs,B,light/cloth tier,,Bip001 R Foot001,19×16×15 cm (W×H×D),"A low-poly stylized 3D model: high-elven wood-keeper greaves / leg armor / leggings. light/cloth tier variant B. Materials/feel: enchanted living wood, mithril leaf, woven silk, polished bronze. Color palette: sage green, silver, deep teal. Style: graceful, art-nouveau curves, sylvan, hand-painted toon shading, clean silhouette, suitable for an RTS unit at ~2m tall. Approximate size: 19 cm wide × 16 cm tall × 15 cm deep. Placement: attaches to the Bip001 R Foot001 bone (hip to ankle). Single mesh, T-pose neutral, no skeleton, baked diffuse texture only.","photoreal, hyperreal, realistic skin pores, no humans, no faces in armor, no text, no logos, no watermarks, no excess geometry, no PBR maps"
Elf,ELF_Units_Body_E,Body,E,medium/leather tier,,Bip001 Spine001,43×15×43 cm (W×H×D),"A low-poly stylized 3D model: high-elven wood-keeper chest armor (cuirass / tunic / robe top). medium/leather tier variant E. Materials/feel: enchanted living wood, mithril leaf, woven silk, polished bronze. Color palette: sage green, silver, deep teal. Style: graceful, art-nouveau curves, sylvan, hand-painted toon shading, clean silhouette, suitable for an RTS unit at ~2m tall. Approximate size: 43 cm wide × 15 cm tall × 43 cm deep. Placement: attaches to the Bip001 Spine001 bone (covers shoulders down to waist). Single mesh, T-pose neutral, no skeleton, baked diffuse texture only.","photoreal, hyperreal, realistic skin pores, no humans, no faces in armor, no text, no logos, no watermarks, no excess geometry, no PBR maps"
Elf,ELF_Units_Arms_C,Arms,C,medium/leather tier,,Bip001 R Hand001,59×10×15 cm (W×H×D),"A low-poly stylized 3D model: high-elven wood-keeper arm guards / bracers / sleeves. medium/leather tier variant C. Materials/feel: enchanted living wood, mithril leaf, woven silk, polished bronze. Color palette: sage green, silver, deep teal. Style: graceful, art-nouveau curves, sylvan, hand-painted toon shading, clean silhouette, suitable for an RTS unit at ~2m tall. Approximate size: 59 cm wide × 10 cm tall × 15 cm deep. Placement: attaches to the Bip001 R Hand001 bone (wrist to elbow on both arms). Single mesh, T-pose neutral, no skeleton, baked diffuse texture only.","photoreal, hyperreal, realistic skin pores, no humans, no faces in armor, no text, no logos, no watermarks, no excess geometry, no PBR maps"
Elf,ELF_Units_Legs_C,Legs,C,medium/leather tier,,Bip001 R Foot001,19×16×14 cm (W×H×D),"A low-poly stylized 3D model: high-elven wood-keeper greaves / leg armor / leggings. medium/leather tier variant C. Materials/feel: enchanted living wood, mithril leaf, woven silk, polished bronze. Color palette: sage green, silver, deep teal. Style: graceful, art-nouveau curves, sylvan, hand-painted toon shading, clean silhouette, suitable for an RTS unit at ~2m tall. Approximate size: 19 cm wide × 16 cm tall × 14 cm deep. Placement: attaches to the Bip001 R Foot001 bone (hip to ankle). Single mesh, T-pose neutral, no skeleton, baked diffuse texture only.","photoreal, hyperreal, realistic skin pores, no humans, no faces in armor, no text, no logos, no watermarks, no excess geometry, no PBR maps"
Elf,ELF_Units_Head_C,Head,C,medium/leather tier,,Bip001 Head001,10×16×13 cm (W×H×D),"A low-poly stylized 3D model: high-elven wood-keeper helmet/head piece. medium/leather tier variant C. Materials/feel: enchanted living wood, mithril leaf, woven silk, polished bronze. Color palette: sage green, silver, deep teal. Style: graceful, art-nouveau curves, sylvan, hand-painted toon shading, clean silhouette, suitable for an RTS unit at ~2m tall. Approximate size: 10 cm wide × 16 cm tall × 13 cm deep. Placement: attaches to the Bip001 Head001 bone (rests on the skull, fits over hair). Single mesh, T-pose neutral, no skeleton, baked diffuse texture only.","photoreal, hyperreal, realistic skin pores, no humans, no faces in armor, no text, no logos, no watermarks, no excess geometry, no PBR maps"
Elf,ELF_Units_Body_C,Body,C,medium/leather tier,,Bip001 Spine001,43×15×43 cm (W×H×D),"A low-poly stylized 3D model: high-elven wood-keeper chest armor (cuirass / tunic / robe top). medium/leather tier variant C. Materials/feel: enchanted living wood, mithril leaf, woven silk, polished bronze. Color palette: sage green, silver, deep teal. Style: graceful, art-nouveau curves, sylvan, hand-painted toon shading, clean silhouette, suitable for an RTS unit at ~2m tall. Approximate size: 43 cm wide × 15 cm tall × 43 cm deep. Placement: attaches to the Bip001 Spine001 bone (covers shoulders down to waist). Single mesh, T-pose neutral, no skeleton, baked diffuse texture only.","photoreal, hyperreal, realistic skin pores, no humans, no faces in armor, no text, no logos, no watermarks, no excess geometry, no PBR maps"
Elf,ELF_Units_Shoulderpads_B,Shoulders,B,light/cloth tier,,Bip001 R Clavicle001,34×9×13 cm (W×H×D),"A low-poly stylized 3D model: high-elven wood-keeper pauldron / shoulder pad pair. light/cloth tier variant B. Materials/feel: enchanted living wood, mithril leaf, woven silk, polished bronze. Color palette: sage green, silver, deep teal. Style: graceful, art-nouveau curves, sylvan, hand-painted toon shading, clean silhouette, suitable for an RTS unit at ~2m tall. Approximate size: 34 cm wide × 9 cm tall × 13 cm deep. Placement: attaches to the Bip001 R Clavicle001 bone (sits on top of the shoulders). Single mesh, T-pose neutral, no skeleton, baked diffuse texture only.","photoreal, hyperreal, realistic skin pores, no humans, no faces in armor, no text, no logos, no watermarks, no excess geometry, no PBR maps"
Elf,ELF_Units_Head_E,Head,E,medium/leather tier,,Bip001 Head001,8×18×12 cm (W×H×D),"A low-poly stylized 3D model: high-elven wood-keeper helmet/head piece. medium/leather tier variant E. Materials/feel: enchanted living wood, mithril leaf, woven silk, polished bronze. Color palette: sage green, silver, deep teal. Style: graceful, art-nouveau curves, sylvan, hand-painted toon shading, clean silhouette, suitable for an RTS unit at ~2m tall. Approximate size: 8 cm wide × 18 cm tall × 12 cm deep. Placement: attaches to the Bip001 Head001 bone (rests on the skull, fits over hair). Single mesh, T-pose neutral, no skeleton, baked diffuse texture only.","photoreal, hyperreal, realistic skin pores, no humans, no faces in armor, no text, no logos, no watermarks, no excess geometry, no PBR maps"
Elf,ELF_Units_Head_B,Head,B,light/cloth tier,,Bip001 Head001,9×14×14 cm (W×H×D),"A low-poly stylized 3D model: high-elven wood-keeper helmet/head piece. light/cloth tier variant B. Materials/feel: enchanted living wood, mithril leaf, woven silk, polished bronze. Color palette: sage green, silver, deep teal. Style: graceful, art-nouveau curves, sylvan, hand-painted toon shading, clean silhouette, suitable for an RTS unit at ~2m tall. Approximate size: 9 cm wide × 14 cm tall × 14 cm deep. Placement: attaches to the Bip001 Head001 bone (rests on the skull, fits over hair). Single mesh, T-pose neutral, no skeleton, baked diffuse texture only.","photoreal, hyperreal, realistic skin pores, no humans, no faces in armor, no text, no logos, no watermarks, no excess geometry, no PBR maps"
Elf,ELF_Units_Head_D,Head,D,medium/leather tier,,Bip001 Head001,10×16×13 cm (W×H×D),"A low-poly stylized 3D model: high-elven wood-keeper helmet/head piece. medium/leather tier variant D. Materials/feel: enchanted living wood, mithril leaf, woven silk, polished bronze. Color palette: sage green, silver, deep teal. Style: graceful, art-nouveau curves, sylvan, hand-painted toon shading, clean silhouette, suitable for an RTS unit at ~2m tall. Approximate size: 10 cm wide × 16 cm tall × 13 cm deep. Placement: attaches to the Bip001 Head001 bone (rests on the skull, fits over hair). Single mesh, T-pose neutral, no skeleton, baked diffuse texture only.","photoreal, hyperreal, realistic skin pores, no humans, no faces in armor, no text, no logos, no watermarks, no excess geometry, no PBR maps"
Elf,ELF_Units_Head_G,Head,G,heavy/plate tier,,Bip001 Head001,8×16×12 cm (W×H×D),"A low-poly stylized 3D model: high-elven wood-keeper helmet/head piece. heavy/plate tier variant G. Materials/feel: enchanted living wood, mithril leaf, woven silk, polished bronze. Color palette: sage green, silver, deep teal. Style: graceful, art-nouveau curves, sylvan, hand-painted toon shading, clean silhouette, suitable for an RTS unit at ~2m tall. Approximate size: 8 cm wide × 16 cm tall × 12 cm deep. Placement: attaches to the Bip001 Head001 bone (rests on the skull, fits over hair). Single mesh, T-pose neutral, no skeleton, baked diffuse texture only.","photoreal, hyperreal, realistic skin pores, no humans, no faces in armor, no text, no logos, no watermarks, no excess geometry, no PBR maps"
Elf,ELF_Units_Head_L,Head,L,heavy/plate tier,,Bip001 Head001,8×17×13 cm (W×H×D),"A low-poly stylized 3D model: high-elven wood-keeper helmet/head piece. heavy/plate tier variant L. Materials/feel: enchanted living wood, mithril leaf, woven silk, polished bronze. Color palette: sage green, silver, deep teal. Style: graceful, art-nouveau curves, sylvan, hand-painted toon shading, clean silhouette, suitable for an RTS unit at ~2m tall. Approximate size: 8 cm wide × 17 cm tall × 13 cm deep. Placement: attaches to the Bip001 Head001 bone (rests on the skull, fits over hair). Single mesh, T-pose neutral, no skeleton, baked diffuse texture only.","photoreal, hyperreal, realistic skin pores, no humans, no faces in armor, no text, no logos, no watermarks, no excess geometry, no PBR maps"
Elf,ELF_Units_Body_D,Body,D,medium/leather tier,,Bip001 Spine001,43×15×43 cm (W×H×D),"A low-poly stylized 3D model: high-elven wood-keeper chest armor (cuirass / tunic / robe top). medium/leather tier variant D. Materials/feel: enchanted living wood, mithril leaf, woven silk, polished bronze. Color palette: sage green, silver, deep teal. Style: graceful, art-nouveau curves, sylvan, hand-painted toon shading, clean silhouette, suitable for an RTS unit at ~2m tall. Approximate size: 43 cm wide × 15 cm tall × 43 cm deep. Placement: attaches to the Bip001 Spine001 bone (covers shoulders down to waist). Single mesh, T-pose neutral, no skeleton, baked diffuse texture only.","photoreal, hyperreal, realistic skin pores, no humans, no faces in armor, no text, no logos, no watermarks, no excess geometry, no PBR maps"
Elf,ELF_Units_Shoulderpads_A,Shoulders,A,light/cloth tier,,Bip001 L Clavicle001,28×8×13 cm (W×H×D),"A low-poly stylized 3D model: high-elven wood-keeper pauldron / shoulder pad pair. light/cloth tier variant A. Materials/feel: enchanted living wood, mithril leaf, woven silk, polished bronze. Color palette: sage green, silver, deep teal. Style: graceful, art-nouveau curves, sylvan, hand-painted toon shading, clean silhouette, suitable for an RTS unit at ~2m tall. Approximate size: 28 cm wide × 8 cm tall × 13 cm deep. Placement: attaches to the Bip001 L Clavicle001 bone (sits on top of the shoulders). Single mesh, T-pose neutral, no skeleton, baked diffuse texture only.","photoreal, hyperreal, realistic skin pores, no humans, no faces in armor, no text, no logos, no watermarks, no excess geometry, no PBR maps"
Elf,ELF_Units_Shoulderpads_C,Shoulders,C,medium/leather tier,,Bip001 L Clavicle001,34×18×12 cm (W×H×D),"A low-poly stylized 3D model: high-elven wood-keeper pauldron / shoulder pad pair. medium/leather tier variant C. Materials/feel: enchanted living wood, mithril leaf, woven silk, polished bronze. Color palette: sage green, silver, deep teal. Style: graceful, art-nouveau curves, sylvan, hand-painted toon shading, clean silhouette, suitable for an RTS unit at ~2m tall. Approximate size: 34 cm wide × 18 cm tall × 12 cm deep. Placement: attaches to the Bip001 L Clavicle001 bone (sits on top of the shoulders). Single mesh, T-pose neutral, no skeleton, baked diffuse texture only.","photoreal, hyperreal, realistic skin pores, no humans, no faces in armor, no text, no logos, no watermarks, no excess geometry, no PBR maps"
Elf,ELF_Units_Head_N,Head,N,heavy/plate tier,,Bip001 Head001,9×17×13 cm (W×H×D),"A low-poly stylized 3D model: high-elven wood-keeper helmet/head piece. heavy/plate tier variant N. Materials/feel: enchanted living wood, mithril leaf, woven silk, polished bronze. Color palette: sage green, silver, deep teal. Style: graceful, art-nouveau curves, sylvan, hand-painted toon shading, clean silhouette, suitable for an RTS unit at ~2m tall. Approximate size: 9 cm wide × 17 cm tall × 13 cm deep. Placement: attaches to the Bip001 Head001 bone (rests on the skull, fits over hair). Single mesh, T-pose neutral, no skeleton, baked diffuse texture only.","photoreal, hyperreal, realistic skin pores, no humans, no faces in armor, no text, no logos, no watermarks, no excess geometry, no PBR maps"
Elf,ELF_Units_Head_F,Head,F,heavy/plate tier,,Bip001 Head001,8×17×13 cm (W×H×D),"A low-poly stylized 3D model: high-elven wood-keeper helmet/head piece. heavy/plate tier variant F. Materials/feel: enchanted living wood, mithril leaf, woven silk, polished bronze. Color palette: sage green, silver, deep teal. Style: graceful, art-nouveau curves, sylvan, hand-painted toon shading, clean silhouette, suitable for an RTS unit at ~2m tall. Approximate size: 8 cm wide × 17 cm tall × 13 cm deep. Placement: attaches to the Bip001 Head001 bone (rests on the skull, fits over hair). Single mesh, T-pose neutral, no skeleton, baked diffuse texture only.","photoreal, hyperreal, realistic skin pores, no humans, no faces in armor, no text, no logos, no watermarks, no excess geometry, no PBR maps"
Elf,ELF_Units_Head_H,Head,H,heavy/plate tier,,Bip001 Head001,8×19×12 cm (W×H×D),"A low-poly stylized 3D model: high-elven wood-keeper helmet/head piece. heavy/plate tier variant H. Materials/feel: enchanted living wood, mithril leaf, woven silk, polished bronze. Color palette: sage green, silver, deep teal. Style: graceful, art-nouveau curves, sylvan, hand-painted toon shading, clean silhouette, suitable for an RTS unit at ~2m tall. Approximate size: 8 cm wide × 19 cm tall × 12 cm deep. Placement: attaches to the Bip001 Head001 bone (rests on the skull, fits over hair). Single mesh, T-pose neutral, no skeleton, baked diffuse texture only.","photoreal, hyperreal, realistic skin pores, no humans, no faces in armor, no text, no logos, no watermarks, no excess geometry, no PBR maps"
Elf,ELF_Units_Head_I,Head,I,heavy/plate tier,,Bip001 Head001,8×19×13 cm (W×H×D),"A low-poly stylized 3D model: high-elven wood-keeper helmet/head piece. heavy/plate tier variant I. Materials/feel: enchanted living wood, mithril leaf, woven silk, polished bronze. Color palette: sage green, silver, deep teal. Style: graceful, art-nouveau curves, sylvan, hand-painted toon shading, clean silhouette, suitable for an RTS unit at ~2m tall. Approximate size: 8 cm wide × 19 cm tall × 13 cm deep. Placement: attaches to the Bip001 Head001 bone (rests on the skull, fits over hair). Single mesh, T-pose neutral, no skeleton, baked diffuse texture only.","photoreal, hyperreal, realistic skin pores, no humans, no faces in armor, no text, no logos, no watermarks, no excess geometry, no PBR maps"
Elf,ELF_Units_Head_J,Head,J,heavy/plate tier,,Bip001 Head001,12×16×12 cm (W×H×D),"A low-poly stylized 3D model: high-elven wood-keeper helmet/head piece. heavy/plate tier variant J. Materials/feel: enchanted living wood, mithril leaf, woven silk, polished bronze. Color palette: sage green, silver, deep teal. Style: graceful, art-nouveau curves, sylvan, hand-painted toon shading, clean silhouette, suitable for an RTS unit at ~2m tall. Approximate size: 12 cm wide × 16 cm tall × 12 cm deep. Placement: attaches to the Bip001 Head001 bone (rests on the skull, fits over hair). Single mesh, T-pose neutral, no skeleton, baked diffuse texture only.","photoreal, hyperreal, realistic skin pores, no humans, no faces in armor, no text, no logos, no watermarks, no excess geometry, no PBR maps"
Elf,ELF_Units_Head_M,Head,M,heavy/plate tier,,Bip001 Head001,13×19×13 cm (W×H×D),"A low-poly stylized 3D model: high-elven wood-keeper helmet/head piece. heavy/plate tier variant M. Materials/feel: enchanted living wood, mithril leaf, woven silk, polished bronze. Color palette: sage green, silver, deep teal. Style: graceful, art-nouveau curves, sylvan, hand-painted toon shading, clean silhouette, suitable for an RTS unit at ~2m tall. Approximate size: 13 cm wide × 19 cm tall × 13 cm deep. Placement: attaches to the Bip001 Head001 bone (rests on the skull, fits over hair). Single mesh, T-pose neutral, no skeleton, baked diffuse texture only.","photoreal, hyperreal, realistic skin pores, no humans, no faces in armor, no text, no logos, no watermarks, no excess geometry, no PBR maps"
Elf,ELF_Units_Head_K,Head,K,heavy/plate tier,,Bip001 Head001,13×19×13 cm (W×H×D),"A low-poly stylized 3D model: high-elven wood-keeper helmet/head piece. heavy/plate tier variant K. Materials/feel: enchanted living wood, mithril leaf, woven silk, polished bronze. Color palette: sage green, silver, deep teal. Style: graceful, art-nouveau curves, sylvan, hand-painted toon shading, clean silhouette, suitable for an RTS unit at ~2m tall. Approximate size: 13 cm wide × 19 cm tall × 13 cm deep. Placement: attaches to the Bip001 Head001 bone (rests on the skull, fits over hair). Single mesh, T-pose neutral, no skeleton, baked diffuse texture only.","photoreal, hyperreal, realistic skin pores, no humans, no faces in armor, no text, no logos, no watermarks, no excess geometry, no PBR maps"
Elf,ELF_Units_Head_O,Head,O,heavy/plate tier,,Bip001 Head001,10×20×13 cm (W×H×D),"A low-poly stylized 3D model: high-elven wood-keeper helmet/head piece. heavy/plate tier variant O. Materials/feel: enchanted living wood, mithril leaf, woven silk, polished bronze. Color palette: sage green, silver, deep teal. Style: graceful, art-nouveau curves, sylvan, hand-painted toon shading, clean silhouette, suitable for an RTS unit at ~2m tall. Approximate size: 10 cm wide × 20 cm tall × 13 cm deep. Placement: attaches to the Bip001 Head001 bone (rests on the skull, fits over hair). Single mesh, T-pose neutral, no skeleton, baked diffuse texture only.","photoreal, hyperreal, realistic skin pores, no humans, no faces in armor, no text, no logos, no watermarks, no excess geometry, no PBR maps"
Elf,ELF_Units_Head_P,Head,P,heavy/plate tier,,Bip001 Head001,10×20×13 cm (W×H×D),"A low-poly stylized 3D model: high-elven wood-keeper helmet/head piece. heavy/plate tier variant P. Materials/feel: enchanted living wood, mithril leaf, woven silk, polished bronze. Color palette: sage green, silver, deep teal. Style: graceful, art-nouveau curves, sylvan, hand-painted toon shading, clean silhouette, suitable for an RTS unit at ~2m tall. Approximate size: 10 cm wide × 20 cm tall × 13 cm deep. Placement: attaches to the Bip001 Head001 bone (rests on the skull, fits over hair). Single mesh, T-pose neutral, no skeleton, baked diffuse texture only.","photoreal, hyperreal, realistic skin pores, no humans, no faces in armor, no text, no logos, no watermarks, no excess geometry, no PBR maps"
Elf,ELF_weapon_bow,Bow,,,left,,61×4×13 cm (W×H×D),"A low-poly stylized 3D model: high-elven wood-keeper recurve bow. Materials/feel: enchanted living wood, mithril leaf, woven silk, polished bronze. Color palette: sage green, silver, deep teal. Style: graceful, art-nouveau curves, sylvan, hand-painted toon shading, clean silhouette, suitable for an RTS unit at ~2m tall. Approximate size: 61 cm wide × 4 cm tall × 13 cm deep. Placement: left hand grip. Single mesh, T-pose neutral, no skeleton, baked diffuse texture only.","photoreal, hyperreal, realistic skin pores, no humans, no faces in armor, no text, no logos, no watermarks, no excess geometry, no PBR maps"
Elf,ELF_weapon_staff_B,Staff,B,light/cloth tier,right,,79×17×7 cm (W×H×D),"A low-poly stylized 3D model: high-elven wood-keeper magic staff with crystal/orb finial. light/cloth tier variant B. Materials/feel: enchanted living wood, mithril leaf, woven silk, polished bronze. Color palette: sage green, silver, deep teal. Style: graceful, art-nouveau curves, sylvan, hand-painted toon shading, clean silhouette, suitable for an RTS unit at ~2m tall. Approximate size: 79 cm wide × 17 cm tall × 7 cm deep. Placement: right hand, vertical. Single mesh, T-pose neutral, no skeleton, baked diffuse texture only.","photoreal, hyperreal, realistic skin pores, no humans, no faces in armor, no text, no logos, no watermarks, no excess geometry, no PBR maps"
Elf,ELF_weapon_staff_C,Staff,C,medium/leather tier,right,,80×21×11 cm (W×H×D),"A low-poly stylized 3D model: high-elven wood-keeper magic staff with crystal/orb finial. medium/leather tier variant C. Materials/feel: enchanted living wood, mithril leaf, woven silk, polished bronze. Color palette: sage green, silver, deep teal. Style: graceful, art-nouveau curves, sylvan, hand-painted toon shading, clean silhouette, suitable for an RTS unit at ~2m tall. Approximate size: 80 cm wide × 21 cm tall × 11 cm deep. Placement: right hand, vertical. Single mesh, T-pose neutral, no skeleton, baked diffuse texture only.","photoreal, hyperreal, realistic skin pores, no humans, no faces in armor, no text, no logos, no watermarks, no excess geometry, no PBR maps"
Elf,ELF_weapon_staff_A,Staff,A,light/cloth tier,right,,79×14×5 cm (W×H×D),"A low-poly stylized 3D model: high-elven wood-keeper magic staff with crystal/orb finial. light/cloth tier variant A. Materials/feel: enchanted living wood, mithril leaf, woven silk, polished bronze. Color palette: sage green, silver, deep teal. Style: graceful, art-nouveau curves, sylvan, hand-painted toon shading, clean silhouette, suitable for an RTS unit at ~2m tall. Approximate size: 79 cm wide × 14 cm tall × 5 cm deep. Placement: right hand, vertical. Single mesh, T-pose neutral, no skeleton, baked diffuse texture only.","photoreal, hyperreal, realistic skin pores, no humans, no faces in armor, no text, no logos, no watermarks, no excess geometry, no PBR maps"
Elf,ELF_shield_C,Shield,C,medium/leather tier,left,,6×60×22 cm (W×H×D),"A low-poly stylized 3D model: high-elven wood-keeper kite/round shield. medium/leather tier variant C. Materials/feel: enchanted living wood, mithril leaf, woven silk, polished bronze. Color palette: sage green, silver, deep teal. Style: graceful, art-nouveau curves, sylvan, hand-painted toon shading, clean silhouette, suitable for an RTS unit at ~2m tall. Approximate size: 6 cm wide × 60 cm tall × 22 cm deep. Placement: left forearm strap. Single mesh, T-pose neutral, no skeleton, baked diffuse texture only.","photoreal, hyperreal, realistic skin pores, no humans, no faces in armor, no text, no logos, no watermarks, no excess geometry, no PBR maps"
Elf,ELF_shield_B,Shield,B,light/cloth tier,left,,5×44×19 cm (W×H×D),"A low-poly stylized 3D model: high-elven wood-keeper kite/round shield. light/cloth tier variant B. Materials/feel: enchanted living wood, mithril leaf, woven silk, polished bronze. Color palette: sage green, silver, deep teal. Style: graceful, art-nouveau curves, sylvan, hand-painted toon shading, clean silhouette, suitable for an RTS unit at ~2m tall. Approximate size: 5 cm wide × 44 cm tall × 19 cm deep. Placement: left forearm strap. Single mesh, T-pose neutral, no skeleton, baked diffuse texture only.","photoreal, hyperreal, realistic skin pores, no humans, no faces in armor, no text, no logos, no watermarks, no excess geometry, no PBR maps"
Elf,ELF_shield_A,Shield,A,light/cloth tier,left,,4×31×20 cm (W×H×D),"A low-poly stylized 3D model: high-elven wood-keeper kite/round shield. light/cloth tier variant A. Materials/feel: enchanted living wood, mithril leaf, woven silk, polished bronze. Color palette: sage green, silver, deep teal. Style: graceful, art-nouveau curves, sylvan, hand-painted toon shading, clean silhouette, suitable for an RTS unit at ~2m tall. Approximate size: 4 cm wide × 31 cm tall × 20 cm deep. Placement: left forearm strap. Single mesh, T-pose neutral, no skeleton, baked diffuse texture only.","photoreal, hyperreal, realistic skin pores, no humans, no faces in armor, no text, no logos, no watermarks, no excess geometry, no PBR maps"
Elf,ELF_weapon_axe,Axe,,,right,,41×4×11 cm (W×H×D),"A low-poly stylized 3D model: high-elven wood-keeper one-handed war axe. Materials/feel: enchanted living wood, mithril leaf, woven silk, polished bronze. Color palette: sage green, silver, deep teal. Style: graceful, art-nouveau curves, sylvan, hand-painted toon shading, clean silhouette, suitable for an RTS unit at ~2m tall. Approximate size: 41 cm wide × 4 cm tall × 11 cm deep. Placement: right hand grip. Single mesh, T-pose neutral, no skeleton, baked diffuse texture only.","photoreal, hyperreal, realistic skin pores, no humans, no faces in armor, no text, no logos, no watermarks, no excess geometry, no PBR maps"
Elf,ELF_weapon_hammer,Hammer,,,right,,29×5×13 cm (W×H×D),"A low-poly stylized 3D model: high-elven wood-keeper two-handed war hammer. Materials/feel: enchanted living wood, mithril leaf, woven silk, polished bronze. Color palette: sage green, silver, deep teal. Style: graceful, art-nouveau curves, sylvan, hand-painted toon shading, clean silhouette, suitable for an RTS unit at ~2m tall. Approximate size: 29 cm wide × 5 cm tall × 13 cm deep. Placement: right hand grip. Single mesh, T-pose neutral, no skeleton, baked diffuse texture only.","photoreal, hyperreal, realistic skin pores, no humans, no faces in armor, no text, no logos, no watermarks, no excess geometry, no PBR maps"
Elf,ELF_weapon_sword_B,Sword,B,light/cloth tier,right,,53×3×8 cm (W×H×D),"A low-poly stylized 3D model: high-elven wood-keeper one-handed sword. light/cloth tier variant B. Materials/feel: enchanted living wood, mithril leaf, woven silk, polished bronze. Color palette: sage green, silver, deep teal. Style: graceful, art-nouveau curves, sylvan, hand-painted toon shading, clean silhouette, suitable for an RTS unit at ~2m tall. Approximate size: 53 cm wide × 3 cm tall × 8 cm deep. Placement: right hand grip, blade pointing up. Single mesh, T-pose neutral, no skeleton, baked diffuse texture only.","photoreal, hyperreal, realistic skin pores, no humans, no faces in armor, no text, no logos, no watermarks, no excess geometry, no PBR maps"
Elf,ELF_weapon_dagger,Dagger,,,right,,33×4×7 cm (W×H×D),"A low-poly stylized 3D model: high-elven wood-keeper dagger / short blade. Materials/feel: enchanted living wood, mithril leaf, woven silk, polished bronze. Color palette: sage green, silver, deep teal. Style: graceful, art-nouveau curves, sylvan, hand-painted toon shading, clean silhouette, suitable for an RTS unit at ~2m tall. Approximate size: 33 cm wide × 4 cm tall × 7 cm deep. Placement: right hand reverse-grip. Single mesh, T-pose neutral, no skeleton, baked diffuse texture only.","photoreal, hyperreal, realistic skin pores, no humans, no faces in armor, no text, no logos, no watermarks, no excess geometry, no PBR maps"
Elf,ELF_weapon_sword_A,Sword,A,light/cloth tier,right,,52×5×8 cm (W×H×D),"A low-poly stylized 3D model: high-elven wood-keeper one-handed sword. light/cloth tier variant A. Materials/feel: enchanted living wood, mithril leaf, woven silk, polished bronze. Color palette: sage green, silver, deep teal. Style: graceful, art-nouveau curves, sylvan, hand-painted toon shading, clean silhouette, suitable for an RTS unit at ~2m tall. Approximate size: 52 cm wide × 5 cm tall × 8 cm deep. Placement: right hand grip, blade pointing up. Single mesh, T-pose neutral, no skeleton, baked diffuse texture only.","photoreal, hyperreal, realistic skin pores, no humans, no faces in armor, no text, no logos, no watermarks, no excess geometry, no PBR maps"
Elf,ELF_weapon_spear,Spear,,,right,,89×4×6 cm (W×H×D),"A low-poly stylized 3D model: high-elven wood-keeper long spear. Materials/feel: enchanted living wood, mithril leaf, woven silk, polished bronze. Color palette: sage green, silver, deep teal. Style: graceful, art-nouveau curves, sylvan, hand-painted toon shading, clean silhouette, suitable for an RTS unit at ~2m tall. Approximate size: 89 cm wide × 4 cm tall × 6 cm deep. Placement: right hand grip, vertical. Single mesh, T-pose neutral, no skeleton, baked diffuse texture only.","photoreal, hyperreal, realistic skin pores, no humans, no faces in armor, no text, no logos, no watermarks, no excess geometry, no PBR maps"
Elf,ELF_Xtra_wood,Lumber,,,,,34×30×18 cm (W×H×D),"A low-poly stylized 3D model: high-elven wood-keeper log of carry-wood. Materials/feel: enchanted living wood, mithril leaf, woven silk, polished bronze. Color palette: sage green, silver, deep teal. Style: graceful, art-nouveau curves, sylvan, hand-painted toon shading, clean silhouette, suitable for an RTS unit at ~2m tall. Approximate size: 34 cm wide × 30 cm tall × 18 cm deep. Placement: shouldered or back-strap. Single mesh, T-pose neutral, no skeleton, baked diffuse texture only.","photoreal, hyperreal, realistic skin pores, no humans, no faces in armor, no text, no logos, no watermarks, no excess geometry, no PBR maps"
Elf,ELF_Xtra_bag,Belt Bag,,,,,21×32×24 cm (W×H×D),"A low-poly stylized 3D model: high-elven wood-keeper belt-pouch / satchel. Materials/feel: enchanted living wood, mithril leaf, woven silk, polished bronze. Color palette: sage green, silver, deep teal. Style: graceful, art-nouveau curves, sylvan, hand-painted toon shading, clean silhouette, suitable for an RTS unit at ~2m tall. Approximate size: 21 cm wide × 32 cm tall × 24 cm deep. Placement: hangs from waist belt. Single mesh, T-pose neutral, no skeleton, baked diffuse texture only.","photoreal, hyperreal, realistic skin pores, no humans, no faces in armor, no text, no logos, no watermarks, no excess geometry, no PBR maps"
Elf,ELF_Xtra_quiver,Quiver,,,,,11×7×37 cm (W×H×D),"A low-poly stylized 3D model: high-elven wood-keeper arrow quiver. Materials/feel: enchanted living wood, mithril leaf, woven silk, polished bronze. Color palette: sage green, silver, deep teal. Style: graceful, art-nouveau curves, sylvan, hand-painted toon shading, clean silhouette, suitable for an RTS unit at ~2m tall. Approximate size: 11 cm wide × 7 cm tall × 37 cm deep. Placement: strapped to back, over shoulder. Single mesh, T-pose neutral, no skeleton, baked diffuse texture only.","photoreal, hyperreal, realistic skin pores, no humans, no faces in armor, no text, no logos, no watermarks, no excess geometry, no PBR maps"
Elf,ELF_Units_Legs_A,Legs,A,light/cloth tier,,Bip001 R Foot,19×16×14 cm (W×H×D),"A low-poly stylized 3D model: high-elven wood-keeper greaves / leg armor / leggings. light/cloth tier variant A. Materials/feel: enchanted living wood, mithril leaf, woven silk, polished bronze. Color palette: sage green, silver, deep teal. Style: graceful, art-nouveau curves, sylvan, hand-painted toon shading, clean silhouette, suitable for an RTS unit at ~2m tall. Approximate size: 19 cm wide × 16 cm tall × 14 cm deep. Placement: attaches to the Bip001 R Foot bone (hip to ankle). Single mesh, T-pose neutral, no skeleton, baked diffuse texture only.","photoreal, hyperreal, realistic skin pores, no humans, no faces in armor, no text, no logos, no watermarks, no excess geometry, no PBR maps"
Elf,ELF_Units_Arms_A,Arms,A,light/cloth tier,,Bip001 R Hand,59×10×15 cm (W×H×D),"A low-poly stylized 3D model: high-elven wood-keeper arm guards / bracers / sleeves. light/cloth tier variant A. Materials/feel: enchanted living wood, mithril leaf, woven silk, polished bronze. Color palette: sage green, silver, deep teal. Style: graceful, art-nouveau curves, sylvan, hand-painted toon shading, clean silhouette, suitable for an RTS unit at ~2m tall. Approximate size: 59 cm wide × 10 cm tall × 15 cm deep. Placement: attaches to the Bip001 R Hand bone (wrist to elbow on both arms). Single mesh, T-pose neutral, no skeleton, baked diffuse texture only.","photoreal, hyperreal, realistic skin pores, no humans, no faces in armor, no text, no logos, no watermarks, no excess geometry, no PBR maps"
Elf,ELF_Units_Body_F,Body,F,heavy/plate tier,,Bip001 Spine,40×19×54 cm (W×H×D),"A low-poly stylized 3D model: high-elven wood-keeper chest armor (cuirass / tunic / robe top). heavy/plate tier variant F. Materials/feel: enchanted living wood, mithril leaf, woven silk, polished bronze. Color palette: sage green, silver, deep teal. Style: graceful, art-nouveau curves, sylvan, hand-painted toon shading, clean silhouette, suitable for an RTS unit at ~2m tall. Approximate size: 40 cm wide × 19 cm tall × 54 cm deep. Placement: attaches to the Bip001 Spine bone (covers shoulders down to waist). Single mesh, T-pose neutral, no skeleton, baked diffuse texture only.","photoreal, hyperreal, realistic skin pores, no humans, no faces in armor, no text, no logos, no watermarks, no excess geometry, no PBR maps"
Elf,ELF_Units_Body_A,Body,A,light/cloth tier,,Bip001 Spine,43×14×43 cm (W×H×D),"A low-poly stylized 3D model: high-elven wood-keeper chest armor (cuirass / tunic / robe top). light/cloth tier variant A. Materials/feel: enchanted living wood, mithril leaf, woven silk, polished bronze. Color palette: sage green, silver, deep teal. Style: graceful, art-nouveau curves, sylvan, hand-painted toon shading, clean silhouette, suitable for an RTS unit at ~2m tall. Approximate size: 43 cm wide × 14 cm tall × 43 cm deep. Placement: attaches to the Bip001 Spine bone (covers shoulders down to waist). Single mesh, T-pose neutral, no skeleton, baked diffuse texture only.","photoreal, hyperreal, realistic skin pores, no humans, no faces in armor, no text, no logos, no watermarks, no excess geometry, no PBR maps"
Elf,ELF_Units_Head_A,Head,A,light/cloth tier,,Bip001 Head,9×14×12 cm (W×H×D),"A low-poly stylized 3D model: high-elven wood-keeper helmet/head piece. light/cloth tier variant A. Materials/feel: enchanted living wood, mithril leaf, woven silk, polished bronze. Color palette: sage green, silver, deep teal. Style: graceful, art-nouveau curves, sylvan, hand-painted toon shading, clean silhouette, suitable for an RTS unit at ~2m tall. Approximate size: 9 cm wide × 14 cm tall × 12 cm deep. Placement: attaches to the Bip001 Head bone (rests on the skull, fits over hair). Single mesh, T-pose neutral, no skeleton, baked diffuse texture only.","photoreal, hyperreal, realistic skin pores, no humans, no faces in armor, no text, no logos, no watermarks, no excess geometry, no PBR maps"
Elf,ELF_Units_Body_B,Body,B,light/cloth tier,,Bip001 Spine,43×15×44 cm (W×H×D),"A low-poly stylized 3D model: high-elven wood-keeper chest armor (cuirass / tunic / robe top). light/cloth tier variant B. Materials/feel: enchanted living wood, mithril leaf, woven silk, polished bronze. Color palette: sage green, silver, deep teal. Style: graceful, art-nouveau curves, sylvan, hand-painted toon shading, clean silhouette, suitable for an RTS unit at ~2m tall. Approximate size: 43 cm wide × 15 cm tall × 44 cm deep. Placement: attaches to the Bip001 Spine bone (covers shoulders down to waist). Single mesh, T-pose neutral, no skeleton, baked diffuse texture only.","photoreal, hyperreal, realistic skin pores, no humans, no faces in armor, no text, no logos, no watermarks, no excess geometry, no PBR maps"
Elf,ELF_Units_Arms_B,Arms,B,light/cloth tier,,Bip001 R Hand,59×10×15 cm (W×H×D),"A low-poly stylized 3D model: high-elven wood-keeper arm guards / bracers / sleeves. light/cloth tier variant B. Materials/feel: enchanted living wood, mithril leaf, woven silk, polished bronze. Color palette: sage green, silver, deep teal. Style: graceful, art-nouveau curves, sylvan, hand-painted toon shading, clean silhouette, suitable for an RTS unit at ~2m tall. Approximate size: 59 cm wide × 10 cm tall × 15 cm deep. Placement: attaches to the Bip001 R Hand bone (wrist to elbow on both arms). Single mesh, T-pose neutral, no skeleton, baked diffuse texture only.","photoreal, hyperreal, realistic skin pores, no humans, no faces in armor, no text, no logos, no watermarks, no excess geometry, no PBR maps"
Elf,ELF_Units_Legs_B,Legs,B,light/cloth tier,,Bip001 R Foot,19×16×15 cm (W×H×D),"A low-poly stylized 3D model: high-elven wood-keeper greaves / leg armor / leggings. light/cloth tier variant B. Materials/feel: enchanted living wood, mithril leaf, woven silk, polished bronze. Color palette: sage green, silver, deep teal. Style: graceful, art-nouveau curves, sylvan, hand-painted toon shading, clean silhouette, suitable for an RTS unit at ~2m tall. Approximate size: 19 cm wide × 16 cm tall × 15 cm deep. Placement: attaches to the Bip001 R Foot bone (hip to ankle). Single mesh, T-pose neutral, no skeleton, baked diffuse texture only.","photoreal, hyperreal, realistic skin pores, no humans, no faces in armor, no text, no logos, no watermarks, no excess geometry, no PBR maps"
Elf,ELF_Units_Body_E,Body,E,medium/leather tier,,Bip001 Spine,43×15×43 cm (W×H×D),"A low-poly stylized 3D model: high-elven wood-keeper chest armor (cuirass / tunic / robe top). medium/leather tier variant E. Materials/feel: enchanted living wood, mithril leaf, woven silk, polished bronze. Color palette: sage green, silver, deep teal. Style: graceful, art-nouveau curves, sylvan, hand-painted toon shading, clean silhouette, suitable for an RTS unit at ~2m tall. Approximate size: 43 cm wide × 15 cm tall × 43 cm deep. Placement: attaches to the Bip001 Spine bone (covers shoulders down to waist). Single mesh, T-pose neutral, no skeleton, baked diffuse texture only.","photoreal, hyperreal, realistic skin pores, no humans, no faces in armor, no text, no logos, no watermarks, no excess geometry, no PBR maps"
Elf,ELF_Units_Arms_C,Arms,C,medium/leather tier,,Bip001 R Hand,59×10×15 cm (W×H×D),"A low-poly stylized 3D model: high-elven wood-keeper arm guards / bracers / sleeves. medium/leather tier variant C. Materials/feel: enchanted living wood, mithril leaf, woven silk, polished bronze. Color palette: sage green, silver, deep teal. Style: graceful, art-nouveau curves, sylvan, hand-painted toon shading, clean silhouette, suitable for an RTS unit at ~2m tall. Approximate size: 59 cm wide × 10 cm tall × 15 cm deep. Placement: attaches to the Bip001 R Hand bone (wrist to elbow on both arms). Single mesh, T-pose neutral, no skeleton, baked diffuse texture only.","photoreal, hyperreal, realistic skin pores, no humans, no faces in armor, no text, no logos, no watermarks, no excess geometry, no PBR maps"
Elf,ELF_Units_Legs_C,Legs,C,medium/leather tier,,Bip001 R Foot,19×16×14 cm (W×H×D),"A low-poly stylized 3D model: high-elven wood-keeper greaves / leg armor / leggings. medium/leather tier variant C. Materials/feel: enchanted living wood, mithril leaf, woven silk, polished bronze. Color palette: sage green, silver, deep teal. Style: graceful, art-nouveau curves, sylvan, hand-painted toon shading, clean silhouette, suitable for an RTS unit at ~2m tall. Approximate size: 19 cm wide × 16 cm tall × 14 cm deep. Placement: attaches to the Bip001 R Foot bone (hip to ankle). Single mesh, T-pose neutral, no skeleton, baked diffuse texture only.","photoreal, hyperreal, realistic skin pores, no humans, no faces in armor, no text, no logos, no watermarks, no excess geometry, no PBR maps"
Elf,ELF_Units_Head_C,Head,C,medium/leather tier,,Bip001 Head,10×16×13 cm (W×H×D),"A low-poly stylized 3D model: high-elven wood-keeper helmet/head piece. medium/leather tier variant C. Materials/feel: enchanted living wood, mithril leaf, woven silk, polished bronze. Color palette: sage green, silver, deep teal. Style: graceful, art-nouveau curves, sylvan, hand-painted toon shading, clean silhouette, suitable for an RTS unit at ~2m tall. Approximate size: 10 cm wide × 16 cm tall × 13 cm deep. Placement: attaches to the Bip001 Head bone (rests on the skull, fits over hair). Single mesh, T-pose neutral, no skeleton, baked diffuse texture only.","photoreal, hyperreal, realistic skin pores, no humans, no faces in armor, no text, no logos, no watermarks, no excess geometry, no PBR maps"
Elf,ELF_Units_Body_C,Body,C,medium/leather tier,,Bip001 Spine,43×15×43 cm (W×H×D),"A low-poly stylized 3D model: high-elven wood-keeper chest armor (cuirass / tunic / robe top). medium/leather tier variant C. Materials/feel: enchanted living wood, mithril leaf, woven silk, polished bronze. Color palette: sage green, silver, deep teal. Style: graceful, art-nouveau curves, sylvan, hand-painted toon shading, clean silhouette, suitable for an RTS unit at ~2m tall. Approximate size: 43 cm wide × 15 cm tall × 43 cm deep. Placement: attaches to the Bip001 Spine bone (covers shoulders down to waist). Single mesh, T-pose neutral, no skeleton, baked diffuse texture only.","photoreal, hyperreal, realistic skin pores, no humans, no faces in armor, no text, no logos, no watermarks, no excess geometry, no PBR maps"
Elf,ELF_Units_Shoulderpads_B,Shoulders,B,light/cloth tier,,Bip001 R Clavicle,34×9×13 cm (W×H×D),"A low-poly stylized 3D model: high-elven wood-keeper pauldron / shoulder pad pair. light/cloth tier variant B. Materials/feel: enchanted living wood, mithril leaf, woven silk, polished bronze. Color palette: sage green, silver, deep teal. Style: graceful, art-nouveau curves, sylvan, hand-painted toon shading, clean silhouette, suitable for an RTS unit at ~2m tall. Approximate size: 34 cm wide × 9 cm tall × 13 cm deep. Placement: attaches to the Bip001 R Clavicle bone (sits on top of the shoulders). Single mesh, T-pose neutral, no skeleton, baked diffuse texture only.","photoreal, hyperreal, realistic skin pores, no humans, no faces in armor, no text, no logos, no watermarks, no excess geometry, no PBR maps"
Elf,ELF_Units_Head_E,Head,E,medium/leather tier,,Bip001 Head,8×18×12 cm (W×H×D),"A low-poly stylized 3D model: high-elven wood-keeper helmet/head piece. medium/leather tier variant E. Materials/feel: enchanted living wood, mithril leaf, woven silk, polished bronze. Color palette: sage green, silver, deep teal. Style: graceful, art-nouveau curves, sylvan, hand-painted toon shading, clean silhouette, suitable for an RTS unit at ~2m tall. Approximate size: 8 cm wide × 18 cm tall × 12 cm deep. Placement: attaches to the Bip001 Head bone (rests on the skull, fits over hair). Single mesh, T-pose neutral, no skeleton, baked diffuse texture only.","photoreal, hyperreal, realistic skin pores, no humans, no faces in armor, no text, no logos, no watermarks, no excess geometry, no PBR maps"
Elf,ELF_Units_Head_B,Head,B,light/cloth tier,,Bip001 Head,9×14×14 cm (W×H×D),"A low-poly stylized 3D model: high-elven wood-keeper helmet/head piece. light/cloth tier variant B. Materials/feel: enchanted living wood, mithril leaf, woven silk, polished bronze. Color palette: sage green, silver, deep teal. Style: graceful, art-nouveau curves, sylvan, hand-painted toon shading, clean silhouette, suitable for an RTS unit at ~2m tall. Approximate size: 9 cm wide × 14 cm tall × 14 cm deep. Placement: attaches to the Bip001 Head bone (rests on the skull, fits over hair). Single mesh, T-pose neutral, no skeleton, baked diffuse texture only.","photoreal, hyperreal, realistic skin pores, no humans, no faces in armor, no text, no logos, no watermarks, no excess geometry, no PBR maps"
Elf,ELF_Units_Head_D,Head,D,medium/leather tier,,Bip001 Head,10×16×13 cm (W×H×D),"A low-poly stylized 3D model: high-elven wood-keeper helmet/head piece. medium/leather tier variant D. Materials/feel: enchanted living wood, mithril leaf, woven silk, polished bronze. Color palette: sage green, silver, deep teal. Style: graceful, art-nouveau curves, sylvan, hand-painted toon shading, clean silhouette, suitable for an RTS unit at ~2m tall. Approximate size: 10 cm wide × 16 cm tall × 13 cm deep. Placement: attaches to the Bip001 Head bone (rests on the skull, fits over hair). Single mesh, T-pose neutral, no skeleton, baked diffuse texture only.","photoreal, hyperreal, realistic skin pores, no humans, no faces in armor, no text, no logos, no watermarks, no excess geometry, no PBR maps"
Elf,ELF_Units_Head_G,Head,G,heavy/plate tier,,Bip001 Head,8×16×12 cm (W×H×D),"A low-poly stylized 3D model: high-elven wood-keeper helmet/head piece. heavy/plate tier variant G. Materials/feel: enchanted living wood, mithril leaf, woven silk, polished bronze. Color palette: sage green, silver, deep teal. Style: graceful, art-nouveau curves, sylvan, hand-painted toon shading, clean silhouette, suitable for an RTS unit at ~2m tall. Approximate size: 8 cm wide × 16 cm tall × 12 cm deep. Placement: attaches to the Bip001 Head bone (rests on the skull, fits over hair). Single mesh, T-pose neutral, no skeleton, baked diffuse texture only.","photoreal, hyperreal, realistic skin pores, no humans, no faces in armor, no text, no logos, no watermarks, no excess geometry, no PBR maps"
Elf,ELF_Units_Head_L,Head,L,heavy/plate tier,,Bip001 Head,8×17×13 cm (W×H×D),"A low-poly stylized 3D model: high-elven wood-keeper helmet/head piece. heavy/plate tier variant L. Materials/feel: enchanted living wood, mithril leaf, woven silk, polished bronze. Color palette: sage green, silver, deep teal. Style: graceful, art-nouveau curves, sylvan, hand-painted toon shading, clean silhouette, suitable for an RTS unit at ~2m tall. Approximate size: 8 cm wide × 17 cm tall × 13 cm deep. Placement: attaches to the Bip001 Head bone (rests on the skull, fits over hair). Single mesh, T-pose neutral, no skeleton, baked diffuse texture only.","photoreal, hyperreal, realistic skin pores, no humans, no faces in armor, no text, no logos, no watermarks, no excess geometry, no PBR maps"
Elf,ELF_Units_Body_D,Body,D,medium/leather tier,,Bip001 Spine,43×15×43 cm (W×H×D),"A low-poly stylized 3D model: high-elven wood-keeper chest armor (cuirass / tunic / robe top). medium/leather tier variant D. Materials/feel: enchanted living wood, mithril leaf, woven silk, polished bronze. Color palette: sage green, silver, deep teal. Style: graceful, art-nouveau curves, sylvan, hand-painted toon shading, clean silhouette, suitable for an RTS unit at ~2m tall. Approximate size: 43 cm wide × 15 cm tall × 43 cm deep. Placement: attaches to the Bip001 Spine bone (covers shoulders down to waist). Single mesh, T-pose neutral, no skeleton, baked diffuse texture only.","photoreal, hyperreal, realistic skin pores, no humans, no faces in armor, no text, no logos, no watermarks, no excess geometry, no PBR maps"
Elf,ELF_Units_Shoulderpads_A,Shoulders,A,light/cloth tier,,Bip001 L Clavicle,28×8×13 cm (W×H×D),"A low-poly stylized 3D model: high-elven wood-keeper pauldron / shoulder pad pair. light/cloth tier variant A. Materials/feel: enchanted living wood, mithril leaf, woven silk, polished bronze. Color palette: sage green, silver, deep teal. Style: graceful, art-nouveau curves, sylvan, hand-painted toon shading, clean silhouette, suitable for an RTS unit at ~2m tall. Approximate size: 28 cm wide × 8 cm tall × 13 cm deep. Placement: attaches to the Bip001 L Clavicle bone (sits on top of the shoulders). Single mesh, T-pose neutral, no skeleton, baked diffuse texture only.","photoreal, hyperreal, realistic skin pores, no humans, no faces in armor, no text, no logos, no watermarks, no excess geometry, no PBR maps"
Elf,ELF_Units_Shoulderpads_C,Shoulders,C,medium/leather tier,,Bip001 L Clavicle,34×18×12 cm (W×H×D),"A low-poly stylized 3D model: high-elven wood-keeper pauldron / shoulder pad pair. medium/leather tier variant C. Materials/feel: enchanted living wood, mithril leaf, woven silk, polished bronze. Color palette: sage green, silver, deep teal. Style: graceful, art-nouveau curves, sylvan, hand-painted toon shading, clean silhouette, suitable for an RTS unit at ~2m tall. Approximate size: 34 cm wide × 18 cm tall × 12 cm deep. Placement: attaches to the Bip001 L Clavicle bone (sits on top of the shoulders). Single mesh, T-pose neutral, no skeleton, baked diffuse texture only.","photoreal, hyperreal, realistic skin pores, no humans, no faces in armor, no text, no logos, no watermarks, no excess geometry, no PBR maps"
Elf,ELF_Units_Head_N,Head,N,heavy/plate tier,,Bip001 Head,9×17×13 cm (W×H×D),"A low-poly stylized 3D model: high-elven wood-keeper helmet/head piece. heavy/plate tier variant N. Materials/feel: enchanted living wood, mithril leaf, woven silk, polished bronze. Color palette: sage green, silver, deep teal. Style: graceful, art-nouveau curves, sylvan, hand-painted toon shading, clean silhouette, suitable for an RTS unit at ~2m tall. Approximate size: 9 cm wide × 17 cm tall × 13 cm deep. Placement: attaches to the Bip001 Head bone (rests on the skull, fits over hair). Single mesh, T-pose neutral, no skeleton, baked diffuse texture only.","photoreal, hyperreal, realistic skin pores, no humans, no faces in armor, no text, no logos, no watermarks, no excess geometry, no PBR maps"
Elf,ELF_Units_Head_F,Head,F,heavy/plate tier,,Bip001 Head,8×17×13 cm (W×H×D),"A low-poly stylized 3D model: high-elven wood-keeper helmet/head piece. heavy/plate tier variant F. Materials/feel: enchanted living wood, mithril leaf, woven silk, polished bronze. Color palette: sage green, silver, deep teal. Style: graceful, art-nouveau curves, sylvan, hand-painted toon shading, clean silhouette, suitable for an RTS unit at ~2m tall. Approximate size: 8 cm wide × 17 cm tall × 13 cm deep. Placement: attaches to the Bip001 Head bone (rests on the skull, fits over hair). Single mesh, T-pose neutral, no skeleton, baked diffuse texture only.","photoreal, hyperreal, realistic skin pores, no humans, no faces in armor, no text, no logos, no watermarks, no excess geometry, no PBR maps"
Elf,ELF_Units_Head_H,Head,H,heavy/plate tier,,Bip001 Head,8×19×12 cm (W×H×D),"A low-poly stylized 3D model: high-elven wood-keeper helmet/head piece. heavy/plate tier variant H. Materials/feel: enchanted living wood, mithril leaf, woven silk, polished bronze. Color palette: sage green, silver, deep teal. Style: graceful, art-nouveau curves, sylvan, hand-painted toon shading, clean silhouette, suitable for an RTS unit at ~2m tall. Approximate size: 8 cm wide × 19 cm tall × 12 cm deep. Placement: attaches to the Bip001 Head bone (rests on the skull, fits over hair). Single mesh, T-pose neutral, no skeleton, baked diffuse texture only.","photoreal, hyperreal, realistic skin pores, no humans, no faces in armor, no text, no logos, no watermarks, no excess geometry, no PBR maps"
Elf,ELF_Units_Head_I,Head,I,heavy/plate tier,,Bip001 Head,8×19×13 cm (W×H×D),"A low-poly stylized 3D model: high-elven wood-keeper helmet/head piece. heavy/plate tier variant I. Materials/feel: enchanted living wood, mithril leaf, woven silk, polished bronze. Color palette: sage green, silver, deep teal. Style: graceful, art-nouveau curves, sylvan, hand-painted toon shading, clean silhouette, suitable for an RTS unit at ~2m tall. Approximate size: 8 cm wide × 19 cm tall × 13 cm deep. Placement: attaches to the Bip001 Head bone (rests on the skull, fits over hair). Single mesh, T-pose neutral, no skeleton, baked diffuse texture only.","photoreal, hyperreal, realistic skin pores, no humans, no faces in armor, no text, no logos, no watermarks, no excess geometry, no PBR maps"
Elf,ELF_Units_Head_J,Head,J,heavy/plate tier,,Bip001 Head,12×16×12 cm (W×H×D),"A low-poly stylized 3D model: high-elven wood-keeper helmet/head piece. heavy/plate tier variant J. Materials/feel: enchanted living wood, mithril leaf, woven silk, polished bronze. Color palette: sage green, silver, deep teal. Style: graceful, art-nouveau curves, sylvan, hand-painted toon shading, clean silhouette, suitable for an RTS unit at ~2m tall. Approximate size: 12 cm wide × 16 cm tall × 12 cm deep. Placement: attaches to the Bip001 Head bone (rests on the skull, fits over hair). Single mesh, T-pose neutral, no skeleton, baked diffuse texture only.","photoreal, hyperreal, realistic skin pores, no humans, no faces in armor, no text, no logos, no watermarks, no excess geometry, no PBR maps"
Elf,ELF_Units_Head_M,Head,M,heavy/plate tier,,Bip001 Head,13×19×13 cm (W×H×D),"A low-poly stylized 3D model: high-elven wood-keeper helmet/head piece. heavy/plate tier variant M. Materials/feel: enchanted living wood, mithril leaf, woven silk, polished bronze. Color palette: sage green, silver, deep teal. Style: graceful, art-nouveau curves, sylvan, hand-painted toon shading, clean silhouette, suitable for an RTS unit at ~2m tall. Approximate size: 13 cm wide × 19 cm tall × 13 cm deep. Placement: attaches to the Bip001 Head bone (rests on the skull, fits over hair). Single mesh, T-pose neutral, no skeleton, baked diffuse texture only.","photoreal, hyperreal, realistic skin pores, no humans, no faces in armor, no text, no logos, no watermarks, no excess geometry, no PBR maps"
Elf,ELF_Units_Head_K,Head,K,heavy/plate tier,,Bip001 Head,13×19×13 cm (W×H×D),"A low-poly stylized 3D model: high-elven wood-keeper helmet/head piece. heavy/plate tier variant K. Materials/feel: enchanted living wood, mithril leaf, woven silk, polished bronze. Color palette: sage green, silver, deep teal. Style: graceful, art-nouveau curves, sylvan, hand-painted toon shading, clean silhouette, suitable for an RTS unit at ~2m tall. Approximate size: 13 cm wide × 19 cm tall × 13 cm deep. Placement: attaches to the Bip001 Head bone (rests on the skull, fits over hair). Single mesh, T-pose neutral, no skeleton, baked diffuse texture only.","photoreal, hyperreal, realistic skin pores, no humans, no faces in armor, no text, no logos, no watermarks, no excess geometry, no PBR maps"
Elf,ELF_Units_Head_O,Head,O,heavy/plate tier,,Bip001 Head,10×20×13 cm (W×H×D),"A low-poly stylized 3D model: high-elven wood-keeper helmet/head piece. heavy/plate tier variant O. Materials/feel: enchanted living wood, mithril leaf, woven silk, polished bronze. Color palette: sage green, silver, deep teal. Style: graceful, art-nouveau curves, sylvan, hand-painted toon shading, clean silhouette, suitable for an RTS unit at ~2m tall. Approximate size: 10 cm wide × 20 cm tall × 13 cm deep. Placement: attaches to the Bip001 Head bone (rests on the skull, fits over hair). Single mesh, T-pose neutral, no skeleton, baked diffuse texture only.","photoreal, hyperreal, realistic skin pores, no humans, no faces in armor, no text, no logos, no watermarks, no excess geometry, no PBR maps"
Elf,ELF_Units_Head_P,Head,P,heavy/plate tier,,Bip001 Head,10×20×13 cm (W×H×D),"A low-poly stylized 3D model: high-elven wood-keeper helmet/head piece. heavy/plate tier variant P. Materials/feel: enchanted living wood, mithril leaf, woven silk, polished bronze. Color palette: sage green, silver, deep teal. Style: graceful, art-nouveau curves, sylvan, hand-painted toon shading, clean silhouette, suitable for an RTS unit at ~2m tall. Approximate size: 10 cm wide × 20 cm tall × 13 cm deep. Placement: attaches to the Bip001 Head bone (rests on the skull, fits over hair). Single mesh, T-pose neutral, no skeleton, baked diffuse texture only.","photoreal, hyperreal, realistic skin pores, no humans, no faces in armor, no text, no logos, no watermarks, no excess geometry, no PBR maps"
Elf,ELF_Bolt,Projectile,,,,,14×83×13 cm (W×H×D),"A low-poly stylized 3D model: high-elven wood-keeper projectile item. Materials/feel: enchanted living wood, mithril leaf, woven silk, polished bronze. Color palette: sage green, silver, deep teal. Style: graceful, art-nouveau curves, sylvan, hand-painted toon shading, clean silhouette, suitable for an RTS unit at ~2m tall. Approximate size: 14 cm wide × 83 cm tall × 13 cm deep. Placement: standard rig slot. Single mesh, T-pose neutral, no skeleton, baked diffuse texture only.","photoreal, hyperreal, realistic skin pores, no humans, no faces in armor, no text, no logos, no watermarks, no excess geometry, no PBR maps"
Elf,ELF_weapon_spear,Spear,,,right,,89×4×6 cm (W×H×D),"A low-poly stylized 3D model: high-elven wood-keeper long spear. Materials/feel: enchanted living wood, mithril leaf, woven silk, polished bronze. Color palette: sage green, silver, deep teal. Style: graceful, art-nouveau curves, sylvan, hand-painted toon shading, clean silhouette, suitable for an RTS unit at ~2m tall. Approximate size: 89 cm wide × 4 cm tall × 6 cm deep. Placement: right hand grip, vertical. Single mesh, T-pose neutral, no skeleton, baked diffuse texture only.","photoreal, hyperreal, realistic skin pores, no humans, no faces in armor, no text, no logos, no watermarks, no excess geometry, no PBR maps"
Elf,ELF_weapon_staff_C,Staff,C,medium/leather tier,right,,80×21×11 cm (W×H×D),"A low-poly stylized 3D model: high-elven wood-keeper magic staff with crystal/orb finial. medium/leather tier variant C. Materials/feel: enchanted living wood, mithril leaf, woven silk, polished bronze. Color palette: sage green, silver, deep teal. Style: graceful, art-nouveau curves, sylvan, hand-painted toon shading, clean silhouette, suitable for an RTS unit at ~2m tall. Approximate size: 80 cm wide × 21 cm tall × 11 cm deep. Placement: right hand, vertical. Single mesh, T-pose neutral, no skeleton, baked diffuse texture only.","photoreal, hyperreal, realistic skin pores, no humans, no faces in armor, no text, no logos, no watermarks, no excess geometry, no PBR maps"
Orc,Orc_Catapult_stone,Projectile,,,,,20×22×18 cm (W×H×D),"A low-poly stylized 3D model: orcish horde-warrior projectile item. Materials/feel: crude iron, jagged bone, hide straps, blackened steel. Color palette: rust, blood red, dark green leather. Style: brutal, jagged, oversized, hand-painted toon shading, clean silhouette, suitable for an RTS unit at ~2m tall. Approximate size: 20 cm wide × 22 cm tall × 18 cm deep. Placement: standard rig slot. Single mesh, T-pose neutral, no skeleton, baked diffuse texture only.","photoreal, hyperreal, realistic skin pores, no humans, no faces in armor, no text, no logos, no watermarks, no excess geometry, no PBR maps"
Orc,Orc_Catapult,Engine,,,,Bone_body_B,88×116×65 cm (W×H×D),"A low-poly stylized 3D model: orcish horde-warrior siege engine (full assembly). Materials/feel: crude iron, jagged bone, hide straps, blackened steel. Color palette: rust, blood red, dark green leather. Style: brutal, jagged, oversized, hand-painted toon shading, clean silhouette, suitable for an RTS unit at ~2m tall. Approximate size: 88 cm wide × 116 cm tall × 65 cm deep. Placement: attaches to the Bone_body_B bone (ground anchor). Single mesh, T-pose neutral, no skeleton, baked diffuse texture only.","photoreal, hyperreal, realistic skin pores, no humans, no faces in armor, no text, no logos, no watermarks, no excess geometry, no PBR maps"
Orc,ORC_Mount_Wolf,Creature,,,,Bip001 Head,27×113×51 cm (W×H×D),"A low-poly stylized 3D model: orcish horde-warrior mount creature (full body). Materials/feel: crude iron, jagged bone, hide straps, blackened steel. Color palette: rust, blood red, dark green leather. Style: brutal, jagged, oversized, hand-painted toon shading, clean silhouette, suitable for an RTS unit at ~2m tall. Approximate size: 27 cm wide × 113 cm tall × 51 cm deep. Placement: attaches to the Bip001 Head bone (ground anchor). Single mesh, T-pose neutral, no skeleton, baked diffuse texture only.","photoreal, hyperreal, realistic skin pores, no humans, no faces in armor, no text, no logos, no watermarks, no excess geometry, no PBR maps"
Orc,ORC_weapon_Bow,Bow,,,left,,60×4×13 cm (W×H×D),"A low-poly stylized 3D model: orcish horde-warrior recurve bow. Materials/feel: crude iron, jagged bone, hide straps, blackened steel. Color palette: rust, blood red, dark green leather. Style: brutal, jagged, oversized, hand-painted toon shading, clean silhouette, suitable for an RTS unit at ~2m tall. Approximate size: 60 cm wide × 4 cm tall × 13 cm deep. Placement: left hand grip. Single mesh, T-pose neutral, no skeleton, baked diffuse texture only.","photoreal, hyperreal, realistic skin pores, no humans, no faces in armor, no text, no logos, no watermarks, no excess geometry, no PBR maps"
Orc,ORC_weapon_staff_A,Staff,A,light/cloth tier,right,,69×7×9 cm (W×H×D),"A low-poly stylized 3D model: orcish horde-warrior magic staff with crystal/orb finial. light/cloth tier variant A. Materials/feel: crude iron, jagged bone, hide straps, blackened steel. Color palette: rust, blood red, dark green leather. Style: brutal, jagged, oversized, hand-painted toon shading, clean silhouette, suitable for an RTS unit at ~2m tall. Approximate size: 69 cm wide × 7 cm tall × 9 cm deep. Placement: right hand, vertical. Single mesh, T-pose neutral, no skeleton, baked diffuse texture only.","photoreal, hyperreal, realistic skin pores, no humans, no faces in armor, no text, no logos, no watermarks, no excess geometry, no PBR maps"
Orc,ORC_weapon_staff_C,Staff,C,medium/leather tier,right,,71×18×19 cm (W×H×D),"A low-poly stylized 3D model: orcish horde-warrior magic staff with crystal/orb finial. medium/leather tier variant C. Materials/feel: crude iron, jagged bone, hide straps, blackened steel. Color palette: rust, blood red, dark green leather. Style: brutal, jagged, oversized, hand-painted toon shading, clean silhouette, suitable for an RTS unit at ~2m tall. Approximate size: 71 cm wide × 18 cm tall × 19 cm deep. Placement: right hand, vertical. Single mesh, T-pose neutral, no skeleton, baked diffuse texture only.","photoreal, hyperreal, realistic skin pores, no humans, no faces in armor, no text, no logos, no watermarks, no excess geometry, no PBR maps"
Orc,ORC_weapon_staff_B,Staff,B,light/cloth tier,right,,71×11×12 cm (W×H×D),"A low-poly stylized 3D model: orcish horde-warrior magic staff with crystal/orb finial. light/cloth tier variant B. Materials/feel: crude iron, jagged bone, hide straps, blackened steel. Color palette: rust, blood red, dark green leather. Style: brutal, jagged, oversized, hand-painted toon shading, clean silhouette, suitable for an RTS unit at ~2m tall. Approximate size: 71 cm wide × 11 cm tall × 12 cm deep. Placement: right hand, vertical. Single mesh, T-pose neutral, no skeleton, baked diffuse texture only.","photoreal, hyperreal, realistic skin pores, no humans, no faces in armor, no text, no logos, no watermarks, no excess geometry, no PBR maps"
Orc,ORC_Shield_A,Shield,A,light/cloth tier,left,,6×21×21 cm (W×H×D),"A low-poly stylized 3D model: orcish horde-warrior kite/round shield. light/cloth tier variant A. Materials/feel: crude iron, jagged bone, hide straps, blackened steel. Color palette: rust, blood red, dark green leather. Style: brutal, jagged, oversized, hand-painted toon shading, clean silhouette, suitable for an RTS unit at ~2m tall. Approximate size: 6 cm wide × 21 cm tall × 21 cm deep. Placement: left forearm strap. Single mesh, T-pose neutral, no skeleton, baked diffuse texture only.","photoreal, hyperreal, realistic skin pores, no humans, no faces in armor, no text, no logos, no watermarks, no excess geometry, no PBR maps"
Orc,ORC_Shield_C,Shield,C,medium/leather tier,left,,8×30×30 cm (W×H×D),"A low-poly stylized 3D model: orcish horde-warrior kite/round shield. medium/leather tier variant C. Materials/feel: crude iron, jagged bone, hide straps, blackened steel. Color palette: rust, blood red, dark green leather. Style: brutal, jagged, oversized, hand-painted toon shading, clean silhouette, suitable for an RTS unit at ~2m tall. Approximate size: 8 cm wide × 30 cm tall × 30 cm deep. Placement: left forearm strap. Single mesh, T-pose neutral, no skeleton, baked diffuse texture only.","photoreal, hyperreal, realistic skin pores, no humans, no faces in armor, no text, no logos, no watermarks, no excess geometry, no PBR maps"
Orc,ORC_Shield_B,Shield,B,light/cloth tier,left,,5×36×23 cm (W×H×D),"A low-poly stylized 3D model: orcish horde-warrior kite/round shield. light/cloth tier variant B. Materials/feel: crude iron, jagged bone, hide straps, blackened steel. Color palette: rust, blood red, dark green leather. Style: brutal, jagged, oversized, hand-painted toon shading, clean silhouette, suitable for an RTS unit at ~2m tall. Approximate size: 5 cm wide × 36 cm tall × 23 cm deep. Placement: left forearm strap. Single mesh, T-pose neutral, no skeleton, baked diffuse texture only.","photoreal, hyperreal, realistic skin pores, no humans, no faces in armor, no text, no logos, no watermarks, no excess geometry, no PBR maps"
Orc,ORC_Shield_D,Shield,D,medium/leather tier,left,,9×48×26 cm (W×H×D),"A low-poly stylized 3D model: orcish horde-warrior kite/round shield. medium/leather tier variant D. Materials/feel: crude iron, jagged bone, hide straps, blackened steel. Color palette: rust, blood red, dark green leather. Style: brutal, jagged, oversized, hand-painted toon shading, clean silhouette, suitable for an RTS unit at ~2m tall. Approximate size: 9 cm wide × 48 cm tall × 26 cm deep. Placement: left forearm strap. Single mesh, T-pose neutral, no skeleton, baked diffuse texture only.","photoreal, hyperreal, realistic skin pores, no humans, no faces in armor, no text, no logos, no watermarks, no excess geometry, no PBR maps"
Orc,ORC_weapon_spear,Spear,,,right,,78×4×7 cm (W×H×D),"A low-poly stylized 3D model: orcish horde-warrior long spear. Materials/feel: crude iron, jagged bone, hide straps, blackened steel. Color palette: rust, blood red, dark green leather. Style: brutal, jagged, oversized, hand-painted toon shading, clean silhouette, suitable for an RTS unit at ~2m tall. Approximate size: 78 cm wide × 4 cm tall × 7 cm deep. Placement: right hand grip, vertical. Single mesh, T-pose neutral, no skeleton, baked diffuse texture only.","photoreal, hyperreal, realistic skin pores, no humans, no faces in armor, no text, no logos, no watermarks, no excess geometry, no PBR maps"
Orc,ORC_weapon_Hammer,Hammer,,,right,,32×6×13 cm (W×H×D),"A low-poly stylized 3D model: orcish horde-warrior two-handed war hammer. Materials/feel: crude iron, jagged bone, hide straps, blackened steel. Color palette: rust, blood red, dark green leather. Style: brutal, jagged, oversized, hand-painted toon shading, clean silhouette, suitable for an RTS unit at ~2m tall. Approximate size: 32 cm wide × 6 cm tall × 13 cm deep. Placement: right hand grip. Single mesh, T-pose neutral, no skeleton, baked diffuse texture only.","photoreal, hyperreal, realistic skin pores, no humans, no faces in armor, no text, no logos, no watermarks, no excess geometry, no PBR maps"
Orc,ORC_weapon_Dagger,Dagger,,,right,,40×4×7 cm (W×H×D),"A low-poly stylized 3D model: orcish horde-warrior dagger / short blade. Materials/feel: crude iron, jagged bone, hide straps, blackened steel. Color palette: rust, blood red, dark green leather. Style: brutal, jagged, oversized, hand-painted toon shading, clean silhouette, suitable for an RTS unit at ~2m tall. Approximate size: 40 cm wide × 4 cm tall × 7 cm deep. Placement: right hand reverse-grip. Single mesh, T-pose neutral, no skeleton, baked diffuse texture only.","photoreal, hyperreal, realistic skin pores, no humans, no faces in armor, no text, no logos, no watermarks, no excess geometry, no PBR maps"
Orc,ORC_weapon_Axe_C,Axe,C,medium/leather tier,right,,48×5×25 cm (W×H×D),"A low-poly stylized 3D model: orcish horde-warrior one-handed war axe. medium/leather tier variant C. Materials/feel: crude iron, jagged bone, hide straps, blackened steel. Color palette: rust, blood red, dark green leather. Style: brutal, jagged, oversized, hand-painted toon shading, clean silhouette, suitable for an RTS unit at ~2m tall. Approximate size: 48 cm wide × 5 cm tall × 25 cm deep. Placement: right hand grip. Single mesh, T-pose neutral, no skeleton, baked diffuse texture only.","photoreal, hyperreal, realistic skin pores, no humans, no faces in armor, no text, no logos, no watermarks, no excess geometry, no PBR maps"
Orc,ORC_weapon_Sword_B,Sword,B,light/cloth tier,right,,52×5×12 cm (W×H×D),"A low-poly stylized 3D model: orcish horde-warrior one-handed sword. light/cloth tier variant B. Materials/feel: crude iron, jagged bone, hide straps, blackened steel. Color palette: rust, blood red, dark green leather. Style: brutal, jagged, oversized, hand-painted toon shading, clean silhouette, suitable for an RTS unit at ~2m tall. Approximate size: 52 cm wide × 5 cm tall × 12 cm deep. Placement: right hand grip, blade pointing up. Single mesh, T-pose neutral, no skeleton, baked diffuse texture only.","photoreal, hyperreal, realistic skin pores, no humans, no faces in armor, no text, no logos, no watermarks, no excess geometry, no PBR maps"
Orc,ORC_weapon_Axe_A,Axe,A,light/cloth tier,right,,35×3×16 cm (W×H×D),"A low-poly stylized 3D model: orcish horde-warrior one-handed war axe. light/cloth tier variant A. Materials/feel: crude iron, jagged bone, hide straps, blackened steel. Color palette: rust, blood red, dark green leather. Style: brutal, jagged, oversized, hand-painted toon shading, clean silhouette, suitable for an RTS unit at ~2m tall. Approximate size: 35 cm wide × 3 cm tall × 16 cm deep. Placement: right hand grip. Single mesh, T-pose neutral, no skeleton, baked diffuse texture only.","photoreal, hyperreal, realistic skin pores, no humans, no faces in armor, no text, no logos, no watermarks, no excess geometry, no PBR maps"
Orc,ORC_weapon_Mace_A,Mace,A,light/cloth tier,right,,43×15×17 cm (W×H×D),"A low-poly stylized 3D model: orcish horde-warrior flanged mace. light/cloth tier variant A. Materials/feel: crude iron, jagged bone, hide straps, blackened steel. Color palette: rust, blood red, dark green leather. Style: brutal, jagged, oversized, hand-painted toon shading, clean silhouette, suitable for an RTS unit at ~2m tall. Approximate size: 43 cm wide × 15 cm tall × 17 cm deep. Placement: right hand grip. Single mesh, T-pose neutral, no skeleton, baked diffuse texture only.","photoreal, hyperreal, realistic skin pores, no humans, no faces in armor, no text, no logos, no watermarks, no excess geometry, no PBR maps"
Orc,ORC_weapon_Axe_B,Axe,B,light/cloth tier,right,,41×4×11 cm (W×H×D),"A low-poly stylized 3D model: orcish horde-warrior one-handed war axe. light/cloth tier variant B. Materials/feel: crude iron, jagged bone, hide straps, blackened steel. Color palette: rust, blood red, dark green leather. Style: brutal, jagged, oversized, hand-painted toon shading, clean silhouette, suitable for an RTS unit at ~2m tall. Approximate size: 41 cm wide × 4 cm tall × 11 cm deep. Placement: right hand grip. Single mesh, T-pose neutral, no skeleton, baked diffuse texture only.","photoreal, hyperreal, realistic skin pores, no humans, no faces in armor, no text, no logos, no watermarks, no excess geometry, no PBR maps"
Orc,ORC_weapon_Sword_A,Sword,A,light/cloth tier,right,,53×4×11 cm (W×H×D),"A low-poly stylized 3D model: orcish horde-warrior one-handed sword. light/cloth tier variant A. Materials/feel: crude iron, jagged bone, hide straps, blackened steel. Color palette: rust, blood red, dark green leather. Style: brutal, jagged, oversized, hand-painted toon shading, clean silhouette, suitable for an RTS unit at ~2m tall. Approximate size: 53 cm wide × 4 cm tall × 11 cm deep. Placement: right hand grip, blade pointing up. Single mesh, T-pose neutral, no skeleton, baked diffuse texture only.","photoreal, hyperreal, realistic skin pores, no humans, no faces in armor, no text, no logos, no watermarks, no excess geometry, no PBR maps"
Orc,ORC_Xtra_quiver,Quiver,,,,,11×8×37 cm (W×H×D),"A low-poly stylized 3D model: orcish horde-warrior arrow quiver. Materials/feel: crude iron, jagged bone, hide straps, blackened steel. Color palette: rust, blood red, dark green leather. Style: brutal, jagged, oversized, hand-painted toon shading, clean silhouette, suitable for an RTS unit at ~2m tall. Approximate size: 11 cm wide × 8 cm tall × 37 cm deep. Placement: strapped to back, over shoulder. Single mesh, T-pose neutral, no skeleton, baked diffuse texture only.","photoreal, hyperreal, realistic skin pores, no humans, no faces in armor, no text, no logos, no watermarks, no excess geometry, no PBR maps"
Orc,ORC_Units_Body_A,Body,A,light/cloth tier,,Bip001 Spine001,45×16×43 cm (W×H×D),"A low-poly stylized 3D model: orcish horde-warrior chest armor (cuirass / tunic / robe top). light/cloth tier variant A. Materials/feel: crude iron, jagged bone, hide straps, blackened steel. Color palette: rust, blood red, dark green leather. Style: brutal, jagged, oversized, hand-painted toon shading, clean silhouette, suitable for an RTS unit at ~2m tall. Approximate size: 45 cm wide × 16 cm tall × 43 cm deep. Placement: attaches to the Bip001 Spine001 bone (covers shoulders down to waist). Single mesh, T-pose neutral, no skeleton, baked diffuse texture only.","photoreal, hyperreal, realistic skin pores, no humans, no faces in armor, no text, no logos, no watermarks, no excess geometry, no PBR maps"
Orc,ORC_Units_Body_C,Body,C,medium/leather tier,,Bip001 Spine001,45×15×43 cm (W×H×D),"A low-poly stylized 3D model: orcish horde-warrior chest armor (cuirass / tunic / robe top). medium/leather tier variant C. Materials/feel: crude iron, jagged bone, hide straps, blackened steel. Color palette: rust, blood red, dark green leather. Style: brutal, jagged, oversized, hand-painted toon shading, clean silhouette, suitable for an RTS unit at ~2m tall. Approximate size: 45 cm wide × 15 cm tall × 43 cm deep. Placement: attaches to the Bip001 Spine001 bone (covers shoulders down to waist). Single mesh, T-pose neutral, no skeleton, baked diffuse texture only.","photoreal, hyperreal, realistic skin pores, no humans, no faces in armor, no text, no logos, no watermarks, no excess geometry, no PBR maps"
Orc,ORC_Units_Body_B,Body,B,light/cloth tier,,Bip001 Spine001,45×15×43 cm (W×H×D),"A low-poly stylized 3D model: orcish horde-warrior chest armor (cuirass / tunic / robe top). light/cloth tier variant B. Materials/feel: crude iron, jagged bone, hide straps, blackened steel. Color palette: rust, blood red, dark green leather. Style: brutal, jagged, oversized, hand-painted toon shading, clean silhouette, suitable for an RTS unit at ~2m tall. Approximate size: 45 cm wide × 15 cm tall × 43 cm deep. Placement: attaches to the Bip001 Spine001 bone (covers shoulders down to waist). Single mesh, T-pose neutral, no skeleton, baked diffuse texture only.","photoreal, hyperreal, realistic skin pores, no humans, no faces in armor, no text, no logos, no watermarks, no excess geometry, no PBR maps"
Orc,ORC_Units_Body_F,Body,F,heavy/plate tier,,Bip001 Spine001,45×18×54 cm (W×H×D),"A low-poly stylized 3D model: orcish horde-warrior chest armor (cuirass / tunic / robe top). heavy/plate tier variant F. Materials/feel: crude iron, jagged bone, hide straps, blackened steel. Color palette: rust, blood red, dark green leather. Style: brutal, jagged, oversized, hand-painted toon shading, clean silhouette, suitable for an RTS unit at ~2m tall. Approximate size: 45 cm wide × 18 cm tall × 54 cm deep. Placement: attaches to the Bip001 Spine001 bone (covers shoulders down to waist). Single mesh, T-pose neutral, no skeleton, baked diffuse texture only.","photoreal, hyperreal, realistic skin pores, no humans, no faces in armor, no text, no logos, no watermarks, no excess geometry, no PBR maps"
Orc,ORC_Units_Head_A,Head,A,light/cloth tier,,Bip001 Head001,10×12×10 cm (W×H×D),"A low-poly stylized 3D model: orcish horde-warrior helmet/head piece. light/cloth tier variant A. Materials/feel: crude iron, jagged bone, hide straps, blackened steel. Color palette: rust, blood red, dark green leather. Style: brutal, jagged, oversized, hand-painted toon shading, clean silhouette, suitable for an RTS unit at ~2m tall. Approximate size: 10 cm wide × 12 cm tall × 10 cm deep. Placement: attaches to the Bip001 Head001 bone (rests on the skull, fits over hair). Single mesh, T-pose neutral, no skeleton, baked diffuse texture only.","photoreal, hyperreal, realistic skin pores, no humans, no faces in armor, no text, no logos, no watermarks, no excess geometry, no PBR maps"
Orc,ORC_Units_Body_E,Body,E,medium/leather tier,,Bip001 Spine001,45×16×43 cm (W×H×D),"A low-poly stylized 3D model: orcish horde-warrior chest armor (cuirass / tunic / robe top). medium/leather tier variant E. Materials/feel: crude iron, jagged bone, hide straps, blackened steel. Color palette: rust, blood red, dark green leather. Style: brutal, jagged, oversized, hand-painted toon shading, clean silhouette, suitable for an RTS unit at ~2m tall. Approximate size: 45 cm wide × 16 cm tall × 43 cm deep. Placement: attaches to the Bip001 Spine001 bone (covers shoulders down to waist). Single mesh, T-pose neutral, no skeleton, baked diffuse texture only.","photoreal, hyperreal, realistic skin pores, no humans, no faces in armor, no text, no logos, no watermarks, no excess geometry, no PBR maps"
Orc,ORC_Units_Shoulderpads_C,Shoulders,C,medium/leather tier,,Bip001 L Clavicle001,33×20×14 cm (W×H×D),"A low-poly stylized 3D model: orcish horde-warrior pauldron / shoulder pad pair. medium/leather tier variant C. Materials/feel: crude iron, jagged bone, hide straps, blackened steel. Color palette: rust, blood red, dark green leather. Style: brutal, jagged, oversized, hand-painted toon shading, clean silhouette, suitable for an RTS unit at ~2m tall. Approximate size: 33 cm wide × 20 cm tall × 14 cm deep. Placement: attaches to the Bip001 L Clavicle001 bone (sits on top of the shoulders). Single mesh, T-pose neutral, no skeleton, baked diffuse texture only.","photoreal, hyperreal, realistic skin pores, no humans, no faces in armor, no text, no logos, no watermarks, no excess geometry, no PBR maps"
Orc,ORC_Units_Head_H,Head,H,heavy/plate tier,,Bip001 Head001,11×17×13 cm (W×H×D),"A low-poly stylized 3D model: orcish horde-warrior helmet/head piece. heavy/plate tier variant H. Materials/feel: crude iron, jagged bone, hide straps, blackened steel. Color palette: rust, blood red, dark green leather. Style: brutal, jagged, oversized, hand-painted toon shading, clean silhouette, suitable for an RTS unit at ~2m tall. Approximate size: 11 cm wide × 17 cm tall × 13 cm deep. Placement: attaches to the Bip001 Head001 bone (rests on the skull, fits over hair). Single mesh, T-pose neutral, no skeleton, baked diffuse texture only.","photoreal, hyperreal, realistic skin pores, no humans, no faces in armor, no text, no logos, no watermarks, no excess geometry, no PBR maps"
Orc,ORC_Units_Shoulderpads_B,Shoulders,B,light/cloth tier,,Bip001 L Clavicle001,34×19×12 cm (W×H×D),"A low-poly stylized 3D model: orcish horde-warrior pauldron / shoulder pad pair. light/cloth tier variant B. Materials/feel: crude iron, jagged bone, hide straps, blackened steel. Color palette: rust, blood red, dark green leather. Style: brutal, jagged, oversized, hand-painted toon shading, clean silhouette, suitable for an RTS unit at ~2m tall. Approximate size: 34 cm wide × 19 cm tall × 12 cm deep. Placement: attaches to the Bip001 L Clavicle001 bone (sits on top of the shoulders). Single mesh, T-pose neutral, no skeleton, baked diffuse texture only.","photoreal, hyperreal, realistic skin pores, no humans, no faces in armor, no text, no logos, no watermarks, no excess geometry, no PBR maps"
Orc,ORC_Units_Arms_C,Arms,C,medium/leather tier,,Bip001 R Hand001,63×10×17 cm (W×H×D),"A low-poly stylized 3D model: orcish horde-warrior arm guards / bracers / sleeves. medium/leather tier variant C. Materials/feel: crude iron, jagged bone, hide straps, blackened steel. Color palette: rust, blood red, dark green leather. Style: brutal, jagged, oversized, hand-painted toon shading, clean silhouette, suitable for an RTS unit at ~2m tall. Approximate size: 63 cm wide × 10 cm tall × 17 cm deep. Placement: attaches to the Bip001 R Hand001 bone (wrist to elbow on both arms). Single mesh, T-pose neutral, no skeleton, baked diffuse texture only.","photoreal, hyperreal, realistic skin pores, no humans, no faces in armor, no text, no logos, no watermarks, no excess geometry, no PBR maps"
Orc,ORC_Units_Legs_D,Legs,D,medium/leather tier,,Bip001 R Foot001,21×16×14 cm (W×H×D),"A low-poly stylized 3D model: orcish horde-warrior greaves / leg armor / leggings. medium/leather tier variant D. Materials/feel: crude iron, jagged bone, hide straps, blackened steel. Color palette: rust, blood red, dark green leather. Style: brutal, jagged, oversized, hand-painted toon shading, clean silhouette, suitable for an RTS unit at ~2m tall. Approximate size: 21 cm wide × 16 cm tall × 14 cm deep. Placement: attaches to the Bip001 R Foot001 bone (hip to ankle). Single mesh, T-pose neutral, no skeleton, baked diffuse texture only.","photoreal, hyperreal, realistic skin pores, no humans, no faces in armor, no text, no logos, no watermarks, no excess geometry, no PBR maps"
Orc,ORC_Units_Legs_B,Legs,B,light/cloth tier,,Bip001 R Foot001,21×16×14 cm (W×H×D),"A low-poly stylized 3D model: orcish horde-warrior greaves / leg armor / leggings. light/cloth tier variant B. Materials/feel: crude iron, jagged bone, hide straps, blackened steel. Color palette: rust, blood red, dark green leather. Style: brutal, jagged, oversized, hand-painted toon shading, clean silhouette, suitable for an RTS unit at ~2m tall. Approximate size: 21 cm wide × 16 cm tall × 14 cm deep. Placement: attaches to the Bip001 R Foot001 bone (hip to ankle). Single mesh, T-pose neutral, no skeleton, baked diffuse texture only.","photoreal, hyperreal, realistic skin pores, no humans, no faces in armor, no text, no logos, no watermarks, no excess geometry, no PBR maps"
Orc,ORC_Units_Arms_A,Arms,A,light/cloth tier,,Bip001 R Hand001,63×10×17 cm (W×H×D),"A low-poly stylized 3D model: orcish horde-warrior arm guards / bracers / sleeves. light/cloth tier variant A. Materials/feel: crude iron, jagged bone, hide straps, blackened steel. Color palette: rust, blood red, dark green leather. Style: brutal, jagged, oversized, hand-painted toon shading, clean silhouette, suitable for an RTS unit at ~2m tall. Approximate size: 63 cm wide × 10 cm tall × 17 cm deep. Placement: attaches to the Bip001 R Hand001 bone (wrist to elbow on both arms). Single mesh, T-pose neutral, no skeleton, baked diffuse texture only.","photoreal, hyperreal, realistic skin pores, no humans, no faces in armor, no text, no logos, no watermarks, no excess geometry, no PBR maps"
Orc,ORC_Units_Legs_C,Legs,C,medium/leather tier,,Bip001 R Foot001,21×16×14 cm (W×H×D),"A low-poly stylized 3D model: orcish horde-warrior greaves / leg armor / leggings. medium/leather tier variant C. Materials/feel: crude iron, jagged bone, hide straps, blackened steel. Color palette: rust, blood red, dark green leather. Style: brutal, jagged, oversized, hand-painted toon shading, clean silhouette, suitable for an RTS unit at ~2m tall. Approximate size: 21 cm wide × 16 cm tall × 14 cm deep. Placement: attaches to the Bip001 R Foot001 bone (hip to ankle). Single mesh, T-pose neutral, no skeleton, baked diffuse texture only.","photoreal, hyperreal, realistic skin pores, no humans, no faces in armor, no text, no logos, no watermarks, no excess geometry, no PBR maps"
Orc,ORC_Units_Arms_B,Arms,B,light/cloth tier,,Bip001 R Hand001,63×10×17 cm (W×H×D),"A low-poly stylized 3D model: orcish horde-warrior arm guards / bracers / sleeves. light/cloth tier variant B. Materials/feel: crude iron, jagged bone, hide straps, blackened steel. Color palette: rust, blood red, dark green leather. Style: brutal, jagged, oversized, hand-painted toon shading, clean silhouette, suitable for an RTS unit at ~2m tall. Approximate size: 63 cm wide × 10 cm tall × 17 cm deep. Placement: attaches to the Bip001 R Hand001 bone (wrist to elbow on both arms). Single mesh, T-pose neutral, no skeleton, baked diffuse texture only.","photoreal, hyperreal, realistic skin pores, no humans, no faces in armor, no text, no logos, no watermarks, no excess geometry, no PBR maps"
Orc,ORC_Units_Head_B,Head,B,light/cloth tier,,Bip001 Head001,10×20×17 cm (W×H×D),"A low-poly stylized 3D model: orcish horde-warrior helmet/head piece. light/cloth tier variant B. Materials/feel: crude iron, jagged bone, hide straps, blackened steel. Color palette: rust, blood red, dark green leather. Style: brutal, jagged, oversized, hand-painted toon shading, clean silhouette, suitable for an RTS unit at ~2m tall. Approximate size: 10 cm wide × 20 cm tall × 17 cm deep. Placement: attaches to the Bip001 Head001 bone (rests on the skull, fits over hair). Single mesh, T-pose neutral, no skeleton, baked diffuse texture only.","photoreal, hyperreal, realistic skin pores, no humans, no faces in armor, no text, no logos, no watermarks, no excess geometry, no PBR maps"
Orc,ORC_Units_Head_C,Head,C,medium/leather tier,,Bip001 Head001,11×13×16 cm (W×H×D),"A low-poly stylized 3D model: orcish horde-warrior helmet/head piece. medium/leather tier variant C. Materials/feel: crude iron, jagged bone, hide straps, blackened steel. Color palette: rust, blood red, dark green leather. Style: brutal, jagged, oversized, hand-painted toon shading, clean silhouette, suitable for an RTS unit at ~2m tall. Approximate size: 11 cm wide × 13 cm tall × 16 cm deep. Placement: attaches to the Bip001 Head001 bone (rests on the skull, fits over hair). Single mesh, T-pose neutral, no skeleton, baked diffuse texture only.","photoreal, hyperreal, realistic skin pores, no humans, no faces in armor, no text, no logos, no watermarks, no excess geometry, no PBR maps"
Orc,ORC_Units_Head_F,Head,F,heavy/plate tier,,Bip001 Head001,19×22×16 cm (W×H×D),"A low-poly stylized 3D model: orcish horde-warrior helmet/head piece. heavy/plate tier variant F. Materials/feel: crude iron, jagged bone, hide straps, blackened steel. Color palette: rust, blood red, dark green leather. Style: brutal, jagged, oversized, hand-painted toon shading, clean silhouette, suitable for an RTS unit at ~2m tall. Approximate size: 19 cm wide × 22 cm tall × 16 cm deep. Placement: attaches to the Bip001 Head001 bone (rests on the skull, fits over hair). Single mesh, T-pose neutral, no skeleton, baked diffuse texture only.","photoreal, hyperreal, realistic skin pores, no humans, no faces in armor, no text, no logos, no watermarks, no excess geometry, no PBR maps"
Orc,ORC_Units_Head_G,Head,G,heavy/plate tier,,Bip001 Head001,11×16×12 cm (W×H×D),"A low-poly stylized 3D model: orcish horde-warrior helmet/head piece. heavy/plate tier variant G. Materials/feel: crude iron, jagged bone, hide straps, blackened steel. Color palette: rust, blood red, dark green leather. Style: brutal, jagged, oversized, hand-painted toon shading, clean silhouette, suitable for an RTS unit at ~2m tall. Approximate size: 11 cm wide × 16 cm tall × 12 cm deep. Placement: attaches to the Bip001 Head001 bone (rests on the skull, fits over hair). Single mesh, T-pose neutral, no skeleton, baked diffuse texture only.","photoreal, hyperreal, realistic skin pores, no humans, no faces in armor, no text, no logos, no watermarks, no excess geometry, no PBR maps"
Orc,ORC_Units_Body_D,Body,D,medium/leather tier,,Bip001 Spine001,45×15×43 cm (W×H×D),"A low-poly stylized 3D model: orcish horde-warrior chest armor (cuirass / tunic / robe top). medium/leather tier variant D. Materials/feel: crude iron, jagged bone, hide straps, blackened steel. Color palette: rust, blood red, dark green leather. Style: brutal, jagged, oversized, hand-painted toon shading, clean silhouette, suitable for an RTS unit at ~2m tall. Approximate size: 45 cm wide × 15 cm tall × 43 cm deep. Placement: attaches to the Bip001 Spine001 bone (covers shoulders down to waist). Single mesh, T-pose neutral, no skeleton, baked diffuse texture only.","photoreal, hyperreal, realistic skin pores, no humans, no faces in armor, no text, no logos, no watermarks, no excess geometry, no PBR maps"
Orc,ORC_Units_Head_D,Head,D,medium/leather tier,,Bip001 Head001,15×13×12 cm (W×H×D),"A low-poly stylized 3D model: orcish horde-warrior helmet/head piece. medium/leather tier variant D. Materials/feel: crude iron, jagged bone, hide straps, blackened steel. Color palette: rust, blood red, dark green leather. Style: brutal, jagged, oversized, hand-painted toon shading, clean silhouette, suitable for an RTS unit at ~2m tall. Approximate size: 15 cm wide × 13 cm tall × 12 cm deep. Placement: attaches to the Bip001 Head001 bone (rests on the skull, fits over hair). Single mesh, T-pose neutral, no skeleton, baked diffuse texture only.","photoreal, hyperreal, realistic skin pores, no humans, no faces in armor, no text, no logos, no watermarks, no excess geometry, no PBR maps"
Orc,ORC_Units_Head_E,Head,E,medium/leather tier,,Bip001 Head001,11×17×16 cm (W×H×D),"A low-poly stylized 3D model: orcish horde-warrior helmet/head piece. medium/leather tier variant E. Materials/feel: crude iron, jagged bone, hide straps, blackened steel. Color palette: rust, blood red, dark green leather. Style: brutal, jagged, oversized, hand-painted toon shading, clean silhouette, suitable for an RTS unit at ~2m tall. Approximate size: 11 cm wide × 17 cm tall × 16 cm deep. Placement: attaches to the Bip001 Head001 bone (rests on the skull, fits over hair). Single mesh, T-pose neutral, no skeleton, baked diffuse texture only.","photoreal, hyperreal, realistic skin pores, no humans, no faces in armor, no text, no logos, no watermarks, no excess geometry, no PBR maps"
Orc,ORC_Units_Shoulderpads_F,Shoulders,F,heavy/plate tier,,Bip001 L Clavicle001,34×21×15 cm (W×H×D),"A low-poly stylized 3D model: orcish horde-warrior pauldron / shoulder pad pair. heavy/plate tier variant F. Materials/feel: crude iron, jagged bone, hide straps, blackened steel. Color palette: rust, blood red, dark green leather. Style: brutal, jagged, oversized, hand-painted toon shading, clean silhouette, suitable for an RTS unit at ~2m tall. Approximate size: 34 cm wide × 21 cm tall × 15 cm deep. Placement: attaches to the Bip001 L Clavicle001 bone (sits on top of the shoulders). Single mesh, T-pose neutral, no skeleton, baked diffuse texture only.","photoreal, hyperreal, realistic skin pores, no humans, no faces in armor, no text, no logos, no watermarks, no excess geometry, no PBR maps"
Orc,ORC_Units_Shoulderpads_E,Shoulders,E,medium/leather tier,,Bip001 L Clavicle001,34×20×16 cm (W×H×D),"A low-poly stylized 3D model: orcish horde-warrior pauldron / shoulder pad pair. medium/leather tier variant E. Materials/feel: crude iron, jagged bone, hide straps, blackened steel. Color palette: rust, blood red, dark green leather. Style: brutal, jagged, oversized, hand-painted toon shading, clean silhouette, suitable for an RTS unit at ~2m tall. Approximate size: 34 cm wide × 20 cm tall × 16 cm deep. Placement: attaches to the Bip001 L Clavicle001 bone (sits on top of the shoulders). Single mesh, T-pose neutral, no skeleton, baked diffuse texture only.","photoreal, hyperreal, realistic skin pores, no humans, no faces in armor, no text, no logos, no watermarks, no excess geometry, no PBR maps"
Orc,ORC_Units_Shoulderpads_D,Shoulders,D,medium/leather tier,,Bip001 L Clavicle001,17×22×16 cm (W×H×D),"A low-poly stylized 3D model: orcish horde-warrior pauldron / shoulder pad pair. medium/leather tier variant D. Materials/feel: crude iron, jagged bone, hide straps, blackened steel. Color palette: rust, blood red, dark green leather. Style: brutal, jagged, oversized, hand-painted toon shading, clean silhouette, suitable for an RTS unit at ~2m tall. Approximate size: 17 cm wide × 22 cm tall × 16 cm deep. Placement: attaches to the Bip001 L Clavicle001 bone (sits on top of the shoulders). Single mesh, T-pose neutral, no skeleton, baked diffuse texture only.","photoreal, hyperreal, realistic skin pores, no humans, no faces in armor, no text, no logos, no watermarks, no excess geometry, no PBR maps"
Orc,ORC_Units_Shoulderpads_A,Shoulders,A,light/cloth tier,,Bip001 L Clavicle001,13×19×12 cm (W×H×D),"A low-poly stylized 3D model: orcish horde-warrior pauldron / shoulder pad pair. light/cloth tier variant A. Materials/feel: crude iron, jagged bone, hide straps, blackened steel. Color palette: rust, blood red, dark green leather. Style: brutal, jagged, oversized, hand-painted toon shading, clean silhouette, suitable for an RTS unit at ~2m tall. Approximate size: 13 cm wide × 19 cm tall × 12 cm deep. Placement: attaches to the Bip001 L Clavicle001 bone (sits on top of the shoulders). Single mesh, T-pose neutral, no skeleton, baked diffuse texture only.","photoreal, hyperreal, realistic skin pores, no humans, no faces in armor, no text, no logos, no watermarks, no excess geometry, no PBR maps"
Orc,ORC_Units_Legs_A,Legs,A,light/cloth tier,,Bip001 R Foot001,21×16×14 cm (W×H×D),"A low-poly stylized 3D model: orcish horde-warrior greaves / leg armor / leggings. light/cloth tier variant A. Materials/feel: crude iron, jagged bone, hide straps, blackened steel. Color palette: rust, blood red, dark green leather. Style: brutal, jagged, oversized, hand-painted toon shading, clean silhouette, suitable for an RTS unit at ~2m tall. Approximate size: 21 cm wide × 16 cm tall × 14 cm deep. Placement: attaches to the Bip001 R Foot001 bone (hip to ankle). Single mesh, T-pose neutral, no skeleton, baked diffuse texture only.","photoreal, hyperreal, realistic skin pores, no humans, no faces in armor, no text, no logos, no watermarks, no excess geometry, no PBR maps"
Orc,ORC_Units_Body_G,Body,G,heavy/plate tier,,Bip001 Spine001,45×18×54 cm (W×H×D),"A low-poly stylized 3D model: orcish horde-warrior chest armor (cuirass / tunic / robe top). heavy/plate tier variant G. Materials/feel: crude iron, jagged bone, hide straps, blackened steel. Color palette: rust, blood red, dark green leather. Style: brutal, jagged, oversized, hand-painted toon shading, clean silhouette, suitable for an RTS unit at ~2m tall. Approximate size: 45 cm wide × 18 cm tall × 54 cm deep. Placement: attaches to the Bip001 Spine001 bone (covers shoulders down to waist). Single mesh, T-pose neutral, no skeleton, baked diffuse texture only.","photoreal, hyperreal, realistic skin pores, no humans, no faces in armor, no text, no logos, no watermarks, no excess geometry, no PBR maps"
Orc,ORC_weapon_Bow,Bow,,,left,,60×4×13 cm (W×H×D),"A low-poly stylized 3D model: orcish horde-warrior recurve bow. Materials/feel: crude iron, jagged bone, hide straps, blackened steel. Color palette: rust, blood red, dark green leather. Style: brutal, jagged, oversized, hand-painted toon shading, clean silhouette, suitable for an RTS unit at ~2m tall. Approximate size: 60 cm wide × 4 cm tall × 13 cm deep. Placement: left hand grip. Single mesh, T-pose neutral, no skeleton, baked diffuse texture only.","photoreal, hyperreal, realistic skin pores, no humans, no faces in armor, no text, no logos, no watermarks, no excess geometry, no PBR maps"
Orc,ORC_weapon_staff_A,Staff,A,light/cloth tier,right,,69×7×9 cm (W×H×D),"A low-poly stylized 3D model: orcish horde-warrior magic staff with crystal/orb finial. light/cloth tier variant A. Materials/feel: crude iron, jagged bone, hide straps, blackened steel. Color palette: rust, blood red, dark green leather. Style: brutal, jagged, oversized, hand-painted toon shading, clean silhouette, suitable for an RTS unit at ~2m tall. Approximate size: 69 cm wide × 7 cm tall × 9 cm deep. Placement: right hand, vertical. Single mesh, T-pose neutral, no skeleton, baked diffuse texture only.","photoreal, hyperreal, realistic skin pores, no humans, no faces in armor, no text, no logos, no watermarks, no excess geometry, no PBR maps"
Orc,ORC_weapon_staff_C,Staff,C,medium/leather tier,right,,71×18×19 cm (W×H×D),"A low-poly stylized 3D model: orcish horde-warrior magic staff with crystal/orb finial. medium/leather tier variant C. Materials/feel: crude iron, jagged bone, hide straps, blackened steel. Color palette: rust, blood red, dark green leather. Style: brutal, jagged, oversized, hand-painted toon shading, clean silhouette, suitable for an RTS unit at ~2m tall. Approximate size: 71 cm wide × 18 cm tall × 19 cm deep. Placement: right hand, vertical. Single mesh, T-pose neutral, no skeleton, baked diffuse texture only.","photoreal, hyperreal, realistic skin pores, no humans, no faces in armor, no text, no logos, no watermarks, no excess geometry, no PBR maps"
Orc,ORC_weapon_staff_B,Staff,B,light/cloth tier,right,,71×11×12 cm (W×H×D),"A low-poly stylized 3D model: orcish horde-warrior magic staff with crystal/orb finial. light/cloth tier variant B. Materials/feel: crude iron, jagged bone, hide straps, blackened steel. Color palette: rust, blood red, dark green leather. Style: brutal, jagged, oversized, hand-painted toon shading, clean silhouette, suitable for an RTS unit at ~2m tall. Approximate size: 71 cm wide × 11 cm tall × 12 cm deep. Placement: right hand, vertical. Single mesh, T-pose neutral, no skeleton, baked diffuse texture only.","photoreal, hyperreal, realistic skin pores, no humans, no faces in armor, no text, no logos, no watermarks, no excess geometry, no PBR maps"
Orc,ORC_Shield_A,Shield,A,light/cloth tier,left,,6×21×21 cm (W×H×D),"A low-poly stylized 3D model: orcish horde-warrior kite/round shield. light/cloth tier variant A. Materials/feel: crude iron, jagged bone, hide straps, blackened steel. Color palette: rust, blood red, dark green leather. Style: brutal, jagged, oversized, hand-painted toon shading, clean silhouette, suitable for an RTS unit at ~2m tall. Approximate size: 6 cm wide × 21 cm tall × 21 cm deep. Placement: left forearm strap. Single mesh, T-pose neutral, no skeleton, baked diffuse texture only.","photoreal, hyperreal, realistic skin pores, no humans, no faces in armor, no text, no logos, no watermarks, no excess geometry, no PBR maps"
Orc,ORC_Shield_C,Shield,C,medium/leather tier,left,,8×30×30 cm (W×H×D),"A low-poly stylized 3D model: orcish horde-warrior kite/round shield. medium/leather tier variant C. Materials/feel: crude iron, jagged bone, hide straps, blackened steel. Color palette: rust, blood red, dark green leather. Style: brutal, jagged, oversized, hand-painted toon shading, clean silhouette, suitable for an RTS unit at ~2m tall. Approximate size: 8 cm wide × 30 cm tall × 30 cm deep. Placement: left forearm strap. Single mesh, T-pose neutral, no skeleton, baked diffuse texture only.","photoreal, hyperreal, realistic skin pores, no humans, no faces in armor, no text, no logos, no watermarks, no excess geometry, no PBR maps"
Orc,ORC_Shield_B,Shield,B,light/cloth tier,left,,5×36×23 cm (W×H×D),"A low-poly stylized 3D model: orcish horde-warrior kite/round shield. light/cloth tier variant B. Materials/feel: crude iron, jagged bone, hide straps, blackened steel. Color palette: rust, blood red, dark green leather. Style: brutal, jagged, oversized, hand-painted toon shading, clean silhouette, suitable for an RTS unit at ~2m tall. Approximate size: 5 cm wide × 36 cm tall × 23 cm deep. Placement: left forearm strap. Single mesh, T-pose neutral, no skeleton, baked diffuse texture only.","photoreal, hyperreal, realistic skin pores, no humans, no faces in armor, no text, no logos, no watermarks, no excess geometry, no PBR maps"
Orc,ORC_Shield_D,Shield,D,medium/leather tier,left,,9×48×26 cm (W×H×D),"A low-poly stylized 3D model: orcish horde-warrior kite/round shield. medium/leather tier variant D. Materials/feel: crude iron, jagged bone, hide straps, blackened steel. Color palette: rust, blood red, dark green leather. Style: brutal, jagged, oversized, hand-painted toon shading, clean silhouette, suitable for an RTS unit at ~2m tall. Approximate size: 9 cm wide × 48 cm tall × 26 cm deep. Placement: left forearm strap. Single mesh, T-pose neutral, no skeleton, baked diffuse texture only.","photoreal, hyperreal, realistic skin pores, no humans, no faces in armor, no text, no logos, no watermarks, no excess geometry, no PBR maps"
Orc,ORC_weapon_spear,Spear,,,right,,78×4×7 cm (W×H×D),"A low-poly stylized 3D model: orcish horde-warrior long spear. Materials/feel: crude iron, jagged bone, hide straps, blackened steel. Color palette: rust, blood red, dark green leather. Style: brutal, jagged, oversized, hand-painted toon shading, clean silhouette, suitable for an RTS unit at ~2m tall. Approximate size: 78 cm wide × 4 cm tall × 7 cm deep. Placement: right hand grip, vertical. Single mesh, T-pose neutral, no skeleton, baked diffuse texture only.","photoreal, hyperreal, realistic skin pores, no humans, no faces in armor, no text, no logos, no watermarks, no excess geometry, no PBR maps"
Orc,ORC_weapon_Hammer,Hammer,,,right,,32×6×13 cm (W×H×D),"A low-poly stylized 3D model: orcish horde-warrior two-handed war hammer. Materials/feel: crude iron, jagged bone, hide straps, blackened steel. Color palette: rust, blood red, dark green leather. Style: brutal, jagged, oversized, hand-painted toon shading, clean silhouette, suitable for an RTS unit at ~2m tall. Approximate size: 32 cm wide × 6 cm tall × 13 cm deep. Placement: right hand grip. Single mesh, T-pose neutral, no skeleton, baked diffuse texture only.","photoreal, hyperreal, realistic skin pores, no humans, no faces in armor, no text, no logos, no watermarks, no excess geometry, no PBR maps"
Orc,ORC_weapon_Dagger,Dagger,,,right,,40×4×7 cm (W×H×D),"A low-poly stylized 3D model: orcish horde-warrior dagger / short blade. Materials/feel: crude iron, jagged bone, hide straps, blackened steel. Color palette: rust, blood red, dark green leather. Style: brutal, jagged, oversized, hand-painted toon shading, clean silhouette, suitable for an RTS unit at ~2m tall. Approximate size: 40 cm wide × 4 cm tall × 7 cm deep. Placement: right hand reverse-grip. Single mesh, T-pose neutral, no skeleton, baked diffuse texture only.","photoreal, hyperreal, realistic skin pores, no humans, no faces in armor, no text, no logos, no watermarks, no excess geometry, no PBR maps"
Orc,ORC_weapon_Axe_C,Axe,C,medium/leather tier,right,,48×5×25 cm (W×H×D),"A low-poly stylized 3D model: orcish horde-warrior one-handed war axe. medium/leather tier variant C. Materials/feel: crude iron, jagged bone, hide straps, blackened steel. Color palette: rust, blood red, dark green leather. Style: brutal, jagged, oversized, hand-painted toon shading, clean silhouette, suitable for an RTS unit at ~2m tall. Approximate size: 48 cm wide × 5 cm tall × 25 cm deep. Placement: right hand grip. Single mesh, T-pose neutral, no skeleton, baked diffuse texture only.","photoreal, hyperreal, realistic skin pores, no humans, no faces in armor, no text, no logos, no watermarks, no excess geometry, no PBR maps"
Orc,ORC_weapon_Sword_B,Sword,B,light/cloth tier,right,,52×5×12 cm (W×H×D),"A low-poly stylized 3D model: orcish horde-warrior one-handed sword. light/cloth tier variant B. Materials/feel: crude iron, jagged bone, hide straps, blackened steel. Color palette: rust, blood red, dark green leather. Style: brutal, jagged, oversized, hand-painted toon shading, clean silhouette, suitable for an RTS unit at ~2m tall. Approximate size: 52 cm wide × 5 cm tall × 12 cm deep. Placement: right hand grip, blade pointing up. Single mesh, T-pose neutral, no skeleton, baked diffuse texture only.","photoreal, hyperreal, realistic skin pores, no humans, no faces in armor, no text, no logos, no watermarks, no excess geometry, no PBR maps"
Orc,ORC_weapon_Axe_A,Axe,A,light/cloth tier,right,,35×3×16 cm (W×H×D),"A low-poly stylized 3D model: orcish horde-warrior one-handed war axe. light/cloth tier variant A. Materials/feel: crude iron, jagged bone, hide straps, blackened steel. Color palette: rust, blood red, dark green leather. Style: brutal, jagged, oversized, hand-painted toon shading, clean silhouette, suitable for an RTS unit at ~2m tall. Approximate size: 35 cm wide × 3 cm tall × 16 cm deep. Placement: right hand grip. Single mesh, T-pose neutral, no skeleton, baked diffuse texture only.","photoreal, hyperreal, realistic skin pores, no humans, no faces in armor, no text, no logos, no watermarks, no excess geometry, no PBR maps"
Orc,ORC_weapon_Mace_A,Mace,A,light/cloth tier,right,,43×15×17 cm (W×H×D),"A low-poly stylized 3D model: orcish horde-warrior flanged mace. light/cloth tier variant A. Materials/feel: crude iron, jagged bone, hide straps, blackened steel. Color palette: rust, blood red, dark green leather. Style: brutal, jagged, oversized, hand-painted toon shading, clean silhouette, suitable for an RTS unit at ~2m tall. Approximate size: 43 cm wide × 15 cm tall × 17 cm deep. Placement: right hand grip. Single mesh, T-pose neutral, no skeleton, baked diffuse texture only.","photoreal, hyperreal, realistic skin pores, no humans, no faces in armor, no text, no logos, no watermarks, no excess geometry, no PBR maps"
Orc,ORC_weapon_Axe_B,Axe,B,light/cloth tier,right,,41×4×11 cm (W×H×D),"A low-poly stylized 3D model: orcish horde-warrior one-handed war axe. light/cloth tier variant B. Materials/feel: crude iron, jagged bone, hide straps, blackened steel. Color palette: rust, blood red, dark green leather. Style: brutal, jagged, oversized, hand-painted toon shading, clean silhouette, suitable for an RTS unit at ~2m tall. Approximate size: 41 cm wide × 4 cm tall × 11 cm deep. Placement: right hand grip. Single mesh, T-pose neutral, no skeleton, baked diffuse texture only.","photoreal, hyperreal, realistic skin pores, no humans, no faces in armor, no text, no logos, no watermarks, no excess geometry, no PBR maps"
Orc,ORC_weapon_Sword_A,Sword,A,light/cloth tier,right,,53×4×11 cm (W×H×D),"A low-poly stylized 3D model: orcish horde-warrior one-handed sword. light/cloth tier variant A. Materials/feel: crude iron, jagged bone, hide straps, blackened steel. Color palette: rust, blood red, dark green leather. Style: brutal, jagged, oversized, hand-painted toon shading, clean silhouette, suitable for an RTS unit at ~2m tall. Approximate size: 53 cm wide × 4 cm tall × 11 cm deep. Placement: right hand grip, blade pointing up. Single mesh, T-pose neutral, no skeleton, baked diffuse texture only.","photoreal, hyperreal, realistic skin pores, no humans, no faces in armor, no text, no logos, no watermarks, no excess geometry, no PBR maps"
Orc,ORC_Xtra_quiver,Quiver,,,,,11×8×37 cm (W×H×D),"A low-poly stylized 3D model: orcish horde-warrior arrow quiver. Materials/feel: crude iron, jagged bone, hide straps, blackened steel. Color palette: rust, blood red, dark green leather. Style: brutal, jagged, oversized, hand-painted toon shading, clean silhouette, suitable for an RTS unit at ~2m tall. Approximate size: 11 cm wide × 8 cm tall × 37 cm deep. Placement: strapped to back, over shoulder. Single mesh, T-pose neutral, no skeleton, baked diffuse texture only.","photoreal, hyperreal, realistic skin pores, no humans, no faces in armor, no text, no logos, no watermarks, no excess geometry, no PBR maps"
Orc,ORC_Units_Body_A,Body,A,light/cloth tier,,Bip001 Spine,45×16×43 cm (W×H×D),"A low-poly stylized 3D model: orcish horde-warrior chest armor (cuirass / tunic / robe top). light/cloth tier variant A. Materials/feel: crude iron, jagged bone, hide straps, blackened steel. Color palette: rust, blood red, dark green leather. Style: brutal, jagged, oversized, hand-painted toon shading, clean silhouette, suitable for an RTS unit at ~2m tall. Approximate size: 45 cm wide × 16 cm tall × 43 cm deep. Placement: attaches to the Bip001 Spine bone (covers shoulders down to waist). Single mesh, T-pose neutral, no skeleton, baked diffuse texture only.","photoreal, hyperreal, realistic skin pores, no humans, no faces in armor, no text, no logos, no watermarks, no excess geometry, no PBR maps"
Orc,ORC_Units_Body_C,Body,C,medium/leather tier,,Bip001 Spine,45×15×43 cm (W×H×D),"A low-poly stylized 3D model: orcish horde-warrior chest armor (cuirass / tunic / robe top). medium/leather tier variant C. Materials/feel: crude iron, jagged bone, hide straps, blackened steel. Color palette: rust, blood red, dark green leather. Style: brutal, jagged, oversized, hand-painted toon shading, clean silhouette, suitable for an RTS unit at ~2m tall. Approximate size: 45 cm wide × 15 cm tall × 43 cm deep. Placement: attaches to the Bip001 Spine bone (covers shoulders down to waist). Single mesh, T-pose neutral, no skeleton, baked diffuse texture only.","photoreal, hyperreal, realistic skin pores, no humans, no faces in armor, no text, no logos, no watermarks, no excess geometry, no PBR maps"
Orc,ORC_Xtra_Wood,Lumber,,,,Bone_wood,32×29×22 cm (W×H×D),"A low-poly stylized 3D model: orcish horde-warrior log of carry-wood. Materials/feel: crude iron, jagged bone, hide straps, blackened steel. Color palette: rust, blood red, dark green leather. Style: brutal, jagged, oversized, hand-painted toon shading, clean silhouette, suitable for an RTS unit at ~2m tall. Approximate size: 32 cm wide × 29 cm tall × 22 cm deep. Placement: attaches to the Bone_wood bone (shouldered or back-strap). Single mesh, T-pose neutral, no skeleton, baked diffuse texture only.","photoreal, hyperreal, realistic skin pores, no humans, no faces in armor, no text, no logos, no watermarks, no excess geometry, no PBR maps"
Orc,ORC_Xtra_Bag,Belt Bag,,,,Bone_bag,20×31×23 cm (W×H×D),"A low-poly stylized 3D model: orcish horde-warrior belt-pouch / satchel. Materials/feel: crude iron, jagged bone, hide straps, blackened steel. Color palette: rust, blood red, dark green leather. Style: brutal, jagged, oversized, hand-painted toon shading, clean silhouette, suitable for an RTS unit at ~2m tall. Approximate size: 20 cm wide × 31 cm tall × 23 cm deep. Placement: attaches to the Bone_bag bone (hangs from waist belt). Single mesh, T-pose neutral, no skeleton, baked diffuse texture only.","photoreal, hyperreal, realistic skin pores, no humans, no faces in armor, no text, no logos, no watermarks, no excess geometry, no PBR maps"
Orc,ORC_Units_Body_B,Body,B,light/cloth tier,,Bip001 Spine,45×15×43 cm (W×H×D),"A low-poly stylized 3D model: orcish horde-warrior chest armor (cuirass / tunic / robe top). light/cloth tier variant B. Materials/feel: crude iron, jagged bone, hide straps, blackened steel. Color palette: rust, blood red, dark green leather. Style: brutal, jagged, oversized, hand-painted toon shading, clean silhouette, suitable for an RTS unit at ~2m tall. Approximate size: 45 cm wide × 15 cm tall × 43 cm deep. Placement: attaches to the Bip001 Spine bone (covers shoulders down to waist). Single mesh, T-pose neutral, no skeleton, baked diffuse texture only.","photoreal, hyperreal, realistic skin pores, no humans, no faces in armor, no text, no logos, no watermarks, no excess geometry, no PBR maps"
Orc,ORC_Units_Body_F,Body,F,heavy/plate tier,,Bip001 Spine,45×18×54 cm (W×H×D),"A low-poly stylized 3D model: orcish horde-warrior chest armor (cuirass / tunic / robe top). heavy/plate tier variant F. Materials/feel: crude iron, jagged bone, hide straps, blackened steel. Color palette: rust, blood red, dark green leather. Style: brutal, jagged, oversized, hand-painted toon shading, clean silhouette, suitable for an RTS unit at ~2m tall. Approximate size: 45 cm wide × 18 cm tall × 54 cm deep. Placement: attaches to the Bip001 Spine bone (covers shoulders down to waist). Single mesh, T-pose neutral, no skeleton, baked diffuse texture only.","photoreal, hyperreal, realistic skin pores, no humans, no faces in armor, no text, no logos, no watermarks, no excess geometry, no PBR maps"
Orc,ORC_Units_Head_A,Head,A,light/cloth tier,,Bip001 Head,10×12×10 cm (W×H×D),"A low-poly stylized 3D model: orcish horde-warrior helmet/head piece. light/cloth tier variant A. Materials/feel: crude iron, jagged bone, hide straps, blackened steel. Color palette: rust, blood red, dark green leather. Style: brutal, jagged, oversized, hand-painted toon shading, clean silhouette, suitable for an RTS unit at ~2m tall. Approximate size: 10 cm wide × 12 cm tall × 10 cm deep. Placement: attaches to the Bip001 Head bone (rests on the skull, fits over hair). Single mesh, T-pose neutral, no skeleton, baked diffuse texture only.","photoreal, hyperreal, realistic skin pores, no humans, no faces in armor, no text, no logos, no watermarks, no excess geometry, no PBR maps"
Orc,ORC_Units_Body_E,Body,E,medium/leather tier,,Bip001 Spine,45×16×43 cm (W×H×D),"A low-poly stylized 3D model: orcish horde-warrior chest armor (cuirass / tunic / robe top). medium/leather tier variant E. Materials/feel: crude iron, jagged bone, hide straps, blackened steel. Color palette: rust, blood red, dark green leather. Style: brutal, jagged, oversized, hand-painted toon shading, clean silhouette, suitable for an RTS unit at ~2m tall. Approximate size: 45 cm wide × 16 cm tall × 43 cm deep. Placement: attaches to the Bip001 Spine bone (covers shoulders down to waist). Single mesh, T-pose neutral, no skeleton, baked diffuse texture only.","photoreal, hyperreal, realistic skin pores, no humans, no faces in armor, no text, no logos, no watermarks, no excess geometry, no PBR maps"
Orc,ORC_Units_Shoulderpads_C,Shoulders,C,medium/leather tier,,Bip001 L Clavicle,33×20×14 cm (W×H×D),"A low-poly stylized 3D model: orcish horde-warrior pauldron / shoulder pad pair. medium/leather tier variant C. Materials/feel: crude iron, jagged bone, hide straps, blackened steel. Color palette: rust, blood red, dark green leather. Style: brutal, jagged, oversized, hand-painted toon shading, clean silhouette, suitable for an RTS unit at ~2m tall. Approximate size: 33 cm wide × 20 cm tall × 14 cm deep. Placement: attaches to the Bip001 L Clavicle bone (sits on top of the shoulders). Single mesh, T-pose neutral, no skeleton, baked diffuse texture only.","photoreal, hyperreal, realistic skin pores, no humans, no faces in armor, no text, no logos, no watermarks, no excess geometry, no PBR maps"
Orc,ORC_Units_Head_H,Head,H,heavy/plate tier,,Bip001 Head,11×17×13 cm (W×H×D),"A low-poly stylized 3D model: orcish horde-warrior helmet/head piece. heavy/plate tier variant H. Materials/feel: crude iron, jagged bone, hide straps, blackened steel. Color palette: rust, blood red, dark green leather. Style: brutal, jagged, oversized, hand-painted toon shading, clean silhouette, suitable for an RTS unit at ~2m tall. Approximate size: 11 cm wide × 17 cm tall × 13 cm deep. Placement: attaches to the Bip001 Head bone (rests on the skull, fits over hair). Single mesh, T-pose neutral, no skeleton, baked diffuse texture only.","photoreal, hyperreal, realistic skin pores, no humans, no faces in armor, no text, no logos, no watermarks, no excess geometry, no PBR maps"
Orc,ORC_Units_Shoulderpads_B,Shoulders,B,light/cloth tier,,Bip001 L Clavicle,34×19×12 cm (W×H×D),"A low-poly stylized 3D model: orcish horde-warrior pauldron / shoulder pad pair. light/cloth tier variant B. Materials/feel: crude iron, jagged bone, hide straps, blackened steel. Color palette: rust, blood red, dark green leather. Style: brutal, jagged, oversized, hand-painted toon shading, clean silhouette, suitable for an RTS unit at ~2m tall. Approximate size: 34 cm wide × 19 cm tall × 12 cm deep. Placement: attaches to the Bip001 L Clavicle bone (sits on top of the shoulders). Single mesh, T-pose neutral, no skeleton, baked diffuse texture only.","photoreal, hyperreal, realistic skin pores, no humans, no faces in armor, no text, no logos, no watermarks, no excess geometry, no PBR maps"
Orc,ORC_Units_Arms_C,Arms,C,medium/leather tier,,Bip001 R Hand,63×10×17 cm (W×H×D),"A low-poly stylized 3D model: orcish horde-warrior arm guards / bracers / sleeves. medium/leather tier variant C. Materials/feel: crude iron, jagged bone, hide straps, blackened steel. Color palette: rust, blood red, dark green leather. Style: brutal, jagged, oversized, hand-painted toon shading, clean silhouette, suitable for an RTS unit at ~2m tall. Approximate size: 63 cm wide × 10 cm tall × 17 cm deep. Placement: attaches to the Bip001 R Hand bone (wrist to elbow on both arms). Single mesh, T-pose neutral, no skeleton, baked diffuse texture only.","photoreal, hyperreal, realistic skin pores, no humans, no faces in armor, no text, no logos, no watermarks, no excess geometry, no PBR maps"
Orc,ORC_Units_Legs_D,Legs,D,medium/leather tier,,Bip001 R Foot,21×16×14 cm (W×H×D),"A low-poly stylized 3D model: orcish horde-warrior greaves / leg armor / leggings. medium/leather tier variant D. Materials/feel: crude iron, jagged bone, hide straps, blackened steel. Color palette: rust, blood red, dark green leather. Style: brutal, jagged, oversized, hand-painted toon shading, clean silhouette, suitable for an RTS unit at ~2m tall. Approximate size: 21 cm wide × 16 cm tall × 14 cm deep. Placement: attaches to the Bip001 R Foot bone (hip to ankle). Single mesh, T-pose neutral, no skeleton, baked diffuse texture only.","photoreal, hyperreal, realistic skin pores, no humans, no faces in armor, no text, no logos, no watermarks, no excess geometry, no PBR maps"
Orc,ORC_Units_Legs_B,Legs,B,light/cloth tier,,Bip001 R Foot,21×16×14 cm (W×H×D),"A low-poly stylized 3D model: orcish horde-warrior greaves / leg armor / leggings. light/cloth tier variant B. Materials/feel: crude iron, jagged bone, hide straps, blackened steel. Color palette: rust, blood red, dark green leather. Style: brutal, jagged, oversized, hand-painted toon shading, clean silhouette, suitable for an RTS unit at ~2m tall. Approximate size: 21 cm wide × 16 cm tall × 14 cm deep. Placement: attaches to the Bip001 R Foot bone (hip to ankle). Single mesh, T-pose neutral, no skeleton, baked diffuse texture only.","photoreal, hyperreal, realistic skin pores, no humans, no faces in armor, no text, no logos, no watermarks, no excess geometry, no PBR maps"
Orc,ORC_Units_Arms_A,Arms,A,light/cloth tier,,Bip001 R Hand,63×10×17 cm (W×H×D),"A low-poly stylized 3D model: orcish horde-warrior arm guards / bracers / sleeves. light/cloth tier variant A. Materials/feel: crude iron, jagged bone, hide straps, blackened steel. Color palette: rust, blood red, dark green leather. Style: brutal, jagged, oversized, hand-painted toon shading, clean silhouette, suitable for an RTS unit at ~2m tall. Approximate size: 63 cm wide × 10 cm tall × 17 cm deep. Placement: attaches to the Bip001 R Hand bone (wrist to elbow on both arms). Single mesh, T-pose neutral, no skeleton, baked diffuse texture only.","photoreal, hyperreal, realistic skin pores, no humans, no faces in armor, no text, no logos, no watermarks, no excess geometry, no PBR maps"
Orc,ORC_Units_Legs_C,Legs,C,medium/leather tier,,Bip001 R Foot,21×16×14 cm (W×H×D),"A low-poly stylized 3D model: orcish horde-warrior greaves / leg armor / leggings. medium/leather tier variant C. Materials/feel: crude iron, jagged bone, hide straps, blackened steel. Color palette: rust, blood red, dark green leather. Style: brutal, jagged, oversized, hand-painted toon shading, clean silhouette, suitable for an RTS unit at ~2m tall. Approximate size: 21 cm wide × 16 cm tall × 14 cm deep. Placement: attaches to the Bip001 R Foot bone (hip to ankle). Single mesh, T-pose neutral, no skeleton, baked diffuse texture only.","photoreal, hyperreal, realistic skin pores, no humans, no faces in armor, no text, no logos, no watermarks, no excess geometry, no PBR maps"
Orc,ORC_Units_Arms_B,Arms,B,light/cloth tier,,Bip001 R Hand,63×10×17 cm (W×H×D),"A low-poly stylized 3D model: orcish horde-warrior arm guards / bracers / sleeves. light/cloth tier variant B. Materials/feel: crude iron, jagged bone, hide straps, blackened steel. Color palette: rust, blood red, dark green leather. Style: brutal, jagged, oversized, hand-painted toon shading, clean silhouette, suitable for an RTS unit at ~2m tall. Approximate size: 63 cm wide × 10 cm tall × 17 cm deep. Placement: attaches to the Bip001 R Hand bone (wrist to elbow on both arms). Single mesh, T-pose neutral, no skeleton, baked diffuse texture only.","photoreal, hyperreal, realistic skin pores, no humans, no faces in armor, no text, no logos, no watermarks, no excess geometry, no PBR maps"
Orc,ORC_Units_Head_B,Head,B,light/cloth tier,,Bip001 Head,10×20×17 cm (W×H×D),"A low-poly stylized 3D model: orcish horde-warrior helmet/head piece. light/cloth tier variant B. Materials/feel: crude iron, jagged bone, hide straps, blackened steel. Color palette: rust, blood red, dark green leather. Style: brutal, jagged, oversized, hand-painted toon shading, clean silhouette, suitable for an RTS unit at ~2m tall. Approximate size: 10 cm wide × 20 cm tall × 17 cm deep. Placement: attaches to the Bip001 Head bone (rests on the skull, fits over hair). Single mesh, T-pose neutral, no skeleton, baked diffuse texture only.","photoreal, hyperreal, realistic skin pores, no humans, no faces in armor, no text, no logos, no watermarks, no excess geometry, no PBR maps"
Orc,ORC_Units_Head_C,Head,C,medium/leather tier,,Bip001 Head,11×13×16 cm (W×H×D),"A low-poly stylized 3D model: orcish horde-warrior helmet/head piece. medium/leather tier variant C. Materials/feel: crude iron, jagged bone, hide straps, blackened steel. Color palette: rust, blood red, dark green leather. Style: brutal, jagged, oversized, hand-painted toon shading, clean silhouette, suitable for an RTS unit at ~2m tall. Approximate size: 11 cm wide × 13 cm tall × 16 cm deep. Placement: attaches to the Bip001 Head bone (rests on the skull, fits over hair). Single mesh, T-pose neutral, no skeleton, baked diffuse texture only.","photoreal, hyperreal, realistic skin pores, no humans, no faces in armor, no text, no logos, no watermarks, no excess geometry, no PBR maps"
Orc,ORC_Units_Head_F,Head,F,heavy/plate tier,,Bip001 Head,19×22×16 cm (W×H×D),"A low-poly stylized 3D model: orcish horde-warrior helmet/head piece. heavy/plate tier variant F. Materials/feel: crude iron, jagged bone, hide straps, blackened steel. Color palette: rust, blood red, dark green leather. Style: brutal, jagged, oversized, hand-painted toon shading, clean silhouette, suitable for an RTS unit at ~2m tall. Approximate size: 19 cm wide × 22 cm tall × 16 cm deep. Placement: attaches to the Bip001 Head bone (rests on the skull, fits over hair). Single mesh, T-pose neutral, no skeleton, baked diffuse texture only.","photoreal, hyperreal, realistic skin pores, no humans, no faces in armor, no text, no logos, no watermarks, no excess geometry, no PBR maps"
Orc,ORC_Units_Head_G,Head,G,heavy/plate tier,,Bip001 Head,12×16×12 cm (W×H×D),"A low-poly stylized 3D model: orcish horde-warrior helmet/head piece. heavy/plate tier variant G. Materials/feel: crude iron, jagged bone, hide straps, blackened steel. Color palette: rust, blood red, dark green leather. Style: brutal, jagged, oversized, hand-painted toon shading, clean silhouette, suitable for an RTS unit at ~2m tall. Approximate size: 12 cm wide × 16 cm tall × 12 cm deep. Placement: attaches to the Bip001 Head bone (rests on the skull, fits over hair). Single mesh, T-pose neutral, no skeleton, baked diffuse texture only.","photoreal, hyperreal, realistic skin pores, no humans, no faces in armor, no text, no logos, no watermarks, no excess geometry, no PBR maps"
Orc,ORC_Units_Body_D,Body,D,medium/leather tier,,Bip001 Spine,45×15×43 cm (W×H×D),"A low-poly stylized 3D model: orcish horde-warrior chest armor (cuirass / tunic / robe top). medium/leather tier variant D. Materials/feel: crude iron, jagged bone, hide straps, blackened steel. Color palette: rust, blood red, dark green leather. Style: brutal, jagged, oversized, hand-painted toon shading, clean silhouette, suitable for an RTS unit at ~2m tall. Approximate size: 45 cm wide × 15 cm tall × 43 cm deep. Placement: attaches to the Bip001 Spine bone (covers shoulders down to waist). Single mesh, T-pose neutral, no skeleton, baked diffuse texture only.","photoreal, hyperreal, realistic skin pores, no humans, no faces in armor, no text, no logos, no watermarks, no excess geometry, no PBR maps"
Orc,ORC_Units_Head_D,Head,D,medium/leather tier,,Bip001 Head,15×13×12 cm (W×H×D),"A low-poly stylized 3D model: orcish horde-warrior helmet/head piece. medium/leather tier variant D. Materials/feel: crude iron, jagged bone, hide straps, blackened steel. Color palette: rust, blood red, dark green leather. Style: brutal, jagged, oversized, hand-painted toon shading, clean silhouette, suitable for an RTS unit at ~2m tall. Approximate size: 15 cm wide × 13 cm tall × 12 cm deep. Placement: attaches to the Bip001 Head bone (rests on the skull, fits over hair). Single mesh, T-pose neutral, no skeleton, baked diffuse texture only.","photoreal, hyperreal, realistic skin pores, no humans, no faces in armor, no text, no logos, no watermarks, no excess geometry, no PBR maps"
Orc,ORC_Units_Head_E,Head,E,medium/leather tier,,Bip001 Head,11×17×16 cm (W×H×D),"A low-poly stylized 3D model: orcish horde-warrior helmet/head piece. medium/leather tier variant E. Materials/feel: crude iron, jagged bone, hide straps, blackened steel. Color palette: rust, blood red, dark green leather. Style: brutal, jagged, oversized, hand-painted toon shading, clean silhouette, suitable for an RTS unit at ~2m tall. Approximate size: 11 cm wide × 17 cm tall × 16 cm deep. Placement: attaches to the Bip001 Head bone (rests on the skull, fits over hair). Single mesh, T-pose neutral, no skeleton, baked diffuse texture only.","photoreal, hyperreal, realistic skin pores, no humans, no faces in armor, no text, no logos, no watermarks, no excess geometry, no PBR maps"
Orc,ORC_Units_Shoulderpads_F,Shoulders,F,heavy/plate tier,,Bip001 L Clavicle,34×21×15 cm (W×H×D),"A low-poly stylized 3D model: orcish horde-warrior pauldron / shoulder pad pair. heavy/plate tier variant F. Materials/feel: crude iron, jagged bone, hide straps, blackened steel. Color palette: rust, blood red, dark green leather. Style: brutal, jagged, oversized, hand-painted toon shading, clean silhouette, suitable for an RTS unit at ~2m tall. Approximate size: 34 cm wide × 21 cm tall × 15 cm deep. Placement: attaches to the Bip001 L Clavicle bone (sits on top of the shoulders). Single mesh, T-pose neutral, no skeleton, baked diffuse texture only.","photoreal, hyperreal, realistic skin pores, no humans, no faces in armor, no text, no logos, no watermarks, no excess geometry, no PBR maps"
Orc,ORC_Units_Shoulderpads_E,Shoulders,E,medium/leather tier,,Bip001 L Clavicle,34×20×16 cm (W×H×D),"A low-poly stylized 3D model: orcish horde-warrior pauldron / shoulder pad pair. medium/leather tier variant E. Materials/feel: crude iron, jagged bone, hide straps, blackened steel. Color palette: rust, blood red, dark green leather. Style: brutal, jagged, oversized, hand-painted toon shading, clean silhouette, suitable for an RTS unit at ~2m tall. Approximate size: 34 cm wide × 20 cm tall × 16 cm deep. Placement: attaches to the Bip001 L Clavicle bone (sits on top of the shoulders). Single mesh, T-pose neutral, no skeleton, baked diffuse texture only.","photoreal, hyperreal, realistic skin pores, no humans, no faces in armor, no text, no logos, no watermarks, no excess geometry, no PBR maps"
Orc,ORC_Units_Shoulderpads_D,Shoulders,D,medium/leather tier,,Bip001 L Clavicle,17×22×16 cm (W×H×D),"A low-poly stylized 3D model: orcish horde-warrior pauldron / shoulder pad pair. medium/leather tier variant D. Materials/feel: crude iron, jagged bone, hide straps, blackened steel. Color palette: rust, blood red, dark green leather. Style: brutal, jagged, oversized, hand-painted toon shading, clean silhouette, suitable for an RTS unit at ~2m tall. Approximate size: 17 cm wide × 22 cm tall × 16 cm deep. Placement: attaches to the Bip001 L Clavicle bone (sits on top of the shoulders). Single mesh, T-pose neutral, no skeleton, baked diffuse texture only.","photoreal, hyperreal, realistic skin pores, no humans, no faces in armor, no text, no logos, no watermarks, no excess geometry, no PBR maps"
Orc,ORC_Units_Shoulderpads_A,Shoulders,A,light/cloth tier,,Bip001 L Clavicle,13×19×12 cm (W×H×D),"A low-poly stylized 3D model: orcish horde-warrior pauldron / shoulder pad pair. light/cloth tier variant A. Materials/feel: crude iron, jagged bone, hide straps, blackened steel. Color palette: rust, blood red, dark green leather. Style: brutal, jagged, oversized, hand-painted toon shading, clean silhouette, suitable for an RTS unit at ~2m tall. Approximate size: 13 cm wide × 19 cm tall × 12 cm deep. Placement: attaches to the Bip001 L Clavicle bone (sits on top of the shoulders). Single mesh, T-pose neutral, no skeleton, baked diffuse texture only.","photoreal, hyperreal, realistic skin pores, no humans, no faces in armor, no text, no logos, no watermarks, no excess geometry, no PBR maps"
Orc,ORC_Units_Legs_A,Legs,A,light/cloth tier,,Bip001 R Foot,21×16×14 cm (W×H×D),"A low-poly stylized 3D model: orcish horde-warrior greaves / leg armor / leggings. light/cloth tier variant A. Materials/feel: crude iron, jagged bone, hide straps, blackened steel. Color palette: rust, blood red, dark green leather. Style: brutal, jagged, oversized, hand-painted toon shading, clean silhouette, suitable for an RTS unit at ~2m tall. Approximate size: 21 cm wide × 16 cm tall × 14 cm deep. Placement: attaches to the Bip001 R Foot bone (hip to ankle). Single mesh, T-pose neutral, no skeleton, baked diffuse texture only.","photoreal, hyperreal, realistic skin pores, no humans, no faces in armor, no text, no logos, no watermarks, no excess geometry, no PBR maps"
Orc,ORC_Units_Body_G,Body,G,heavy/plate tier,,Bip001 Spine,45×18×54 cm (W×H×D),"A low-poly stylized 3D model: orcish horde-warrior chest armor (cuirass / tunic / robe top). heavy/plate tier variant G. Materials/feel: crude iron, jagged bone, hide straps, blackened steel. Color palette: rust, blood red, dark green leather. Style: brutal, jagged, oversized, hand-painted toon shading, clean silhouette, suitable for an RTS unit at ~2m tall. Approximate size: 45 cm wide × 18 cm tall × 54 cm deep. Placement: attaches to the Bip001 Spine bone (covers shoulders down to waist). Single mesh, T-pose neutral, no skeleton, baked diffuse texture only.","photoreal, hyperreal, realistic skin pores, no humans, no faces in armor, no text, no logos, no watermarks, no excess geometry, no PBR maps"
Orc,ORC_Shield_D,Shield,D,medium/leather tier,left,,9×48×26 cm (W×H×D),"A low-poly stylized 3D model: orcish horde-warrior kite/round shield. medium/leather tier variant D. Materials/feel: crude iron, jagged bone, hide straps, blackened steel. Color palette: rust, blood red, dark green leather. Style: brutal, jagged, oversized, hand-painted toon shading, clean silhouette, suitable for an RTS unit at ~2m tall. Approximate size: 9 cm wide × 48 cm tall × 26 cm deep. Placement: left forearm strap. Single mesh, T-pose neutral, no skeleton, baked diffuse texture only.","photoreal, hyperreal, realistic skin pores, no humans, no faces in armor, no text, no logos, no watermarks, no excess geometry, no PBR maps"
Orc,ORC_weapon_Axe_A,Axe,A,light/cloth tier,right,,35×3×16 cm (W×H×D),"A low-poly stylized 3D model: orcish horde-warrior one-handed war axe. light/cloth tier variant A. Materials/feel: crude iron, jagged bone, hide straps, blackened steel. Color palette: rust, blood red, dark green leather. Style: brutal, jagged, oversized, hand-painted toon shading, clean silhouette, suitable for an RTS unit at ~2m tall. Approximate size: 35 cm wide × 3 cm tall × 16 cm deep. Placement: right hand grip. Single mesh, T-pose neutral, no skeleton, baked diffuse texture only.","photoreal, hyperreal, realistic skin pores, no humans, no faces in armor, no text, no logos, no watermarks, no excess geometry, no PBR maps"
Orc,ORC_weapon_staff_B,Staff,B,light/cloth tier,right,,71×11×12 cm (W×H×D),"A low-poly stylized 3D model: orcish horde-warrior magic staff with crystal/orb finial. light/cloth tier variant B. Materials/feel: crude iron, jagged bone, hide straps, blackened steel. Color palette: rust, blood red, dark green leather. Style: brutal, jagged, oversized, hand-painted toon shading, clean silhouette, suitable for an RTS unit at ~2m tall. Approximate size: 71 cm wide × 11 cm tall × 12 cm deep. Placement: right hand, vertical. Single mesh, T-pose neutral, no skeleton, baked diffuse texture only.","photoreal, hyperreal, realistic skin pores, no humans, no faces in armor, no text, no logos, no watermarks, no excess geometry, no PBR maps"
Undead,UD_Horse,Creature,,,,Bip001 Spine,23×85×67 cm (W×H×D),"A low-poly stylized 3D model: risen undead deathknight mount creature (full body). Materials/feel: bone, tarnished silver, necrotic plate, frayed shroud. Color palette: bone white, sickly violet, tarnished steel. Style: gothic, sinister, cracked and weathered, hand-painted toon shading, clean silhouette, suitable for an RTS unit at ~2m tall. Approximate size: 23 cm wide × 85 cm tall × 67 cm deep. Placement: attaches to the Bip001 Spine bone (ground anchor). Single mesh, T-pose neutral, no skeleton, baked diffuse texture only.","photoreal, hyperreal, realistic skin pores, no humans, no faces in armor, no text, no logos, no watermarks, no excess geometry, no PBR maps"
Undead,UD_weapon_staff_C,Staff,C,medium/leather tier,right,,76×10×9 cm (W×H×D),"A low-poly stylized 3D model: risen undead deathknight magic staff with crystal/orb finial. medium/leather tier variant C. Materials/feel: bone, tarnished silver, necrotic plate, frayed shroud. Color palette: bone white, sickly violet, tarnished steel. Style: gothic, sinister, cracked and weathered, hand-painted toon shading, clean silhouette, suitable for an RTS unit at ~2m tall. Approximate size: 76 cm wide × 10 cm tall × 9 cm deep. Placement: right hand, vertical. Single mesh, T-pose neutral, no skeleton, baked diffuse texture only.","photoreal, hyperreal, realistic skin pores, no humans, no faces in armor, no text, no logos, no watermarks, no excess geometry, no PBR maps"
Undead,UD_weapon_Bow,Bow,,,left,,60×3×12 cm (W×H×D),"A low-poly stylized 3D model: risen undead deathknight recurve bow. Materials/feel: bone, tarnished silver, necrotic plate, frayed shroud. Color palette: bone white, sickly violet, tarnished steel. Style: gothic, sinister, cracked and weathered, hand-painted toon shading, clean silhouette, suitable for an RTS unit at ~2m tall. Approximate size: 60 cm wide × 3 cm tall × 12 cm deep. Placement: left hand grip. Single mesh, T-pose neutral, no skeleton, baked diffuse texture only.","photoreal, hyperreal, realistic skin pores, no humans, no faces in armor, no text, no logos, no watermarks, no excess geometry, no PBR maps"
Undead,UD_weapon_staff_D,Staff,D,medium/leather tier,right,,77×21×11 cm (W×H×D),"A low-poly stylized 3D model: risen undead deathknight magic staff with crystal/orb finial. medium/leather tier variant D. Materials/feel: bone, tarnished silver, necrotic plate, frayed shroud. Color palette: bone white, sickly violet, tarnished steel. Style: gothic, sinister, cracked and weathered, hand-painted toon shading, clean silhouette, suitable for an RTS unit at ~2m tall. Approximate size: 77 cm wide × 21 cm tall × 11 cm deep. Placement: right hand, vertical. Single mesh, T-pose neutral, no skeleton, baked diffuse texture only.","photoreal, hyperreal, realistic skin pores, no humans, no faces in armor, no text, no logos, no watermarks, no excess geometry, no PBR maps"
Undead,UD_weapon_staff_A,Staff,A,light/cloth tier,right,,69×6×6 cm (W×H×D),"A low-poly stylized 3D model: risen undead deathknight magic staff with crystal/orb finial. light/cloth tier variant A. Materials/feel: bone, tarnished silver, necrotic plate, frayed shroud. Color palette: bone white, sickly violet, tarnished steel. Style: gothic, sinister, cracked and weathered, hand-painted toon shading, clean silhouette, suitable for an RTS unit at ~2m tall. Approximate size: 69 cm wide × 6 cm tall × 6 cm deep. Placement: right hand, vertical. Single mesh, T-pose neutral, no skeleton, baked diffuse texture only.","photoreal, hyperreal, realistic skin pores, no humans, no faces in armor, no text, no logos, no watermarks, no excess geometry, no PBR maps"
Undead,UD_weapon_staff_B,Staff,B,light/cloth tier,right,,76×8×15 cm (W×H×D),"A low-poly stylized 3D model: risen undead deathknight magic staff with crystal/orb finial. light/cloth tier variant B. Materials/feel: bone, tarnished silver, necrotic plate, frayed shroud. Color palette: bone white, sickly violet, tarnished steel. Style: gothic, sinister, cracked and weathered, hand-painted toon shading, clean silhouette, suitable for an RTS unit at ~2m tall. Approximate size: 76 cm wide × 8 cm tall × 15 cm deep. Placement: right hand, vertical. Single mesh, T-pose neutral, no skeleton, baked diffuse texture only.","photoreal, hyperreal, realistic skin pores, no humans, no faces in armor, no text, no logos, no watermarks, no excess geometry, no PBR maps"
Undead,UD_Shield_A,Shield,A,light/cloth tier,left,,6×21×21 cm (W×H×D),"A low-poly stylized 3D model: risen undead deathknight kite/round shield. light/cloth tier variant A. Materials/feel: bone, tarnished silver, necrotic plate, frayed shroud. Color palette: bone white, sickly violet, tarnished steel. Style: gothic, sinister, cracked and weathered, hand-painted toon shading, clean silhouette, suitable for an RTS unit at ~2m tall. Approximate size: 6 cm wide × 21 cm tall × 21 cm deep. Placement: left forearm strap. Single mesh, T-pose neutral, no skeleton, baked diffuse texture only.","photoreal, hyperreal, realistic skin pores, no humans, no faces in armor, no text, no logos, no watermarks, no excess geometry, no PBR maps"
Undead,UD_Shield_B,Shield,B,light/cloth tier,left,,4×33×19 cm (W×H×D),"A low-poly stylized 3D model: risen undead deathknight kite/round shield. light/cloth tier variant B. Materials/feel: bone, tarnished silver, necrotic plate, frayed shroud. Color palette: bone white, sickly violet, tarnished steel. Style: gothic, sinister, cracked and weathered, hand-painted toon shading, clean silhouette, suitable for an RTS unit at ~2m tall. Approximate size: 4 cm wide × 33 cm tall × 19 cm deep. Placement: left forearm strap. Single mesh, T-pose neutral, no skeleton, baked diffuse texture only.","photoreal, hyperreal, realistic skin pores, no humans, no faces in armor, no text, no logos, no watermarks, no excess geometry, no PBR maps"
Undead,UD_Shield_C,Shield,C,medium/leather tier,left,,9×39×27 cm (W×H×D),"A low-poly stylized 3D model: risen undead deathknight kite/round shield. medium/leather tier variant C. Materials/feel: bone, tarnished silver, necrotic plate, frayed shroud. Color palette: bone white, sickly violet, tarnished steel. Style: gothic, sinister, cracked and weathered, hand-painted toon shading, clean silhouette, suitable for an RTS unit at ~2m tall. Approximate size: 9 cm wide × 39 cm tall × 27 cm deep. Placement: left forearm strap. Single mesh, T-pose neutral, no skeleton, baked diffuse texture only.","photoreal, hyperreal, realistic skin pores, no humans, no faces in armor, no text, no logos, no watermarks, no excess geometry, no PBR maps"
Undead,UD_weapon_Hammer,Hammer,,,right,,28×4×12 cm (W×H×D),"A low-poly stylized 3D model: risen undead deathknight two-handed war hammer. Materials/feel: bone, tarnished silver, necrotic plate, frayed shroud. Color palette: bone white, sickly violet, tarnished steel. Style: gothic, sinister, cracked and weathered, hand-painted toon shading, clean silhouette, suitable for an RTS unit at ~2m tall. Approximate size: 28 cm wide × 4 cm tall × 12 cm deep. Placement: right hand grip. Single mesh, T-pose neutral, no skeleton, baked diffuse texture only.","photoreal, hyperreal, realistic skin pores, no humans, no faces in armor, no text, no logos, no watermarks, no excess geometry, no PBR maps"
Undead,UD_weapon_Axe_A,Axe,A,light/cloth tier,right,,35×3×14 cm (W×H×D),"A low-poly stylized 3D model: risen undead deathknight one-handed war axe. light/cloth tier variant A. Materials/feel: bone, tarnished silver, necrotic plate, frayed shroud. Color palette: bone white, sickly violet, tarnished steel. Style: gothic, sinister, cracked and weathered, hand-painted toon shading, clean silhouette, suitable for an RTS unit at ~2m tall. Approximate size: 35 cm wide × 3 cm tall × 14 cm deep. Placement: right hand grip. Single mesh, T-pose neutral, no skeleton, baked diffuse texture only.","photoreal, hyperreal, realistic skin pores, no humans, no faces in armor, no text, no logos, no watermarks, no excess geometry, no PBR maps"
Undead,UD_weapon_Axe_B,Axe,B,light/cloth tier,right,,47×4×13 cm (W×H×D),"A low-poly stylized 3D model: risen undead deathknight one-handed war axe. light/cloth tier variant B. Materials/feel: bone, tarnished silver, necrotic plate, frayed shroud. Color palette: bone white, sickly violet, tarnished steel. Style: gothic, sinister, cracked and weathered, hand-painted toon shading, clean silhouette, suitable for an RTS unit at ~2m tall. Approximate size: 47 cm wide × 4 cm tall × 13 cm deep. Placement: right hand grip. Single mesh, T-pose neutral, no skeleton, baked diffuse texture only.","photoreal, hyperreal, realistic skin pores, no humans, no faces in armor, no text, no logos, no watermarks, no excess geometry, no PBR maps"
Undead,UD_weapon_Spear,Spear,,,right,,77×3×7 cm (W×H×D),"A low-poly stylized 3D model: risen undead deathknight long spear. Materials/feel: bone, tarnished silver, necrotic plate, frayed shroud. Color palette: bone white, sickly violet, tarnished steel. Style: gothic, sinister, cracked and weathered, hand-painted toon shading, clean silhouette, suitable for an RTS unit at ~2m tall. Approximate size: 77 cm wide × 3 cm tall × 7 cm deep. Placement: right hand grip, vertical. Single mesh, T-pose neutral, no skeleton, baked diffuse texture only.","photoreal, hyperreal, realistic skin pores, no humans, no faces in armor, no text, no logos, no watermarks, no excess geometry, no PBR maps"
Undead,UD_weapon_Sword_A,Sword,A,light/cloth tier,right,,44×4×7 cm (W×H×D),"A low-poly stylized 3D model: risen undead deathknight one-handed sword. light/cloth tier variant A. Materials/feel: bone, tarnished silver, necrotic plate, frayed shroud. Color palette: bone white, sickly violet, tarnished steel. Style: gothic, sinister, cracked and weathered, hand-painted toon shading, clean silhouette, suitable for an RTS unit at ~2m tall. Approximate size: 44 cm wide × 4 cm tall × 7 cm deep. Placement: right hand grip, blade pointing up. Single mesh, T-pose neutral, no skeleton, baked diffuse texture only.","photoreal, hyperreal, realistic skin pores, no humans, no faces in armor, no text, no logos, no watermarks, no excess geometry, no PBR maps"
Undead,UD_weapon_Sword_B,Sword,B,light/cloth tier,right,,47×3×9 cm (W×H×D),"A low-poly stylized 3D model: risen undead deathknight one-handed sword. light/cloth tier variant B. Materials/feel: bone, tarnished silver, necrotic plate, frayed shroud. Color palette: bone white, sickly violet, tarnished steel. Style: gothic, sinister, cracked and weathered, hand-painted toon shading, clean silhouette, suitable for an RTS unit at ~2m tall. Approximate size: 47 cm wide × 3 cm tall × 9 cm deep. Placement: right hand grip, blade pointing up. Single mesh, T-pose neutral, no skeleton, baked diffuse texture only.","photoreal, hyperreal, realistic skin pores, no humans, no faces in armor, no text, no logos, no watermarks, no excess geometry, no PBR maps"
Undead,UD_weapon_Sword_C,Sword,C,medium/leather tier,right,,57×3×17 cm (W×H×D),"A low-poly stylized 3D model: risen undead deathknight one-handed sword. medium/leather tier variant C. Materials/feel: bone, tarnished silver, necrotic plate, frayed shroud. Color palette: bone white, sickly violet, tarnished steel. Style: gothic, sinister, cracked and weathered, hand-painted toon shading, clean silhouette, suitable for an RTS unit at ~2m tall. Approximate size: 57 cm wide × 3 cm tall × 17 cm deep. Placement: right hand grip, blade pointing up. Single mesh, T-pose neutral, no skeleton, baked diffuse texture only.","photoreal, hyperreal, realistic skin pores, no humans, no faces in armor, no text, no logos, no watermarks, no excess geometry, no PBR maps"
Undead,UD_weapon_lance,Lance,,,right,,100×9×11 cm (W×H×D),"A low-poly stylized 3D model: risen undead deathknight cavalry lance. Materials/feel: bone, tarnished silver, necrotic plate, frayed shroud. Color palette: bone white, sickly violet, tarnished steel. Style: gothic, sinister, cracked and weathered, hand-painted toon shading, clean silhouette, suitable for an RTS unit at ~2m tall. Approximate size: 100 cm wide × 9 cm tall × 11 cm deep. Placement: couched under right arm. Single mesh, T-pose neutral, no skeleton, baked diffuse texture only.","photoreal, hyperreal, realistic skin pores, no humans, no faces in armor, no text, no logos, no watermarks, no excess geometry, no PBR maps"
Undead,UD_Xtra_Quiver,Quiver,,,,,11×7×37 cm (W×H×D),"A low-poly stylized 3D model: risen undead deathknight arrow quiver. Materials/feel: bone, tarnished silver, necrotic plate, frayed shroud. Color palette: bone white, sickly violet, tarnished steel. Style: gothic, sinister, cracked and weathered, hand-painted toon shading, clean silhouette, suitable for an RTS unit at ~2m tall. Approximate size: 11 cm wide × 7 cm tall × 37 cm deep. Placement: strapped to back, over shoulder. Single mesh, T-pose neutral, no skeleton, baked diffuse texture only.","photoreal, hyperreal, realistic skin pores, no humans, no faces in armor, no text, no logos, no watermarks, no excess geometry, no PBR maps"
Undead,UD_Units_body_G,Body,G,heavy/plate tier,,Bip001 Spine001,37×19×54 cm (W×H×D),"A low-poly stylized 3D model: risen undead deathknight chest armor (cuirass / tunic / robe top). heavy/plate tier variant G. Materials/feel: bone, tarnished silver, necrotic plate, frayed shroud. Color palette: bone white, sickly violet, tarnished steel. Style: gothic, sinister, cracked and weathered, hand-painted toon shading, clean silhouette, suitable for an RTS unit at ~2m tall. Approximate size: 37 cm wide × 19 cm tall × 54 cm deep. Placement: attaches to the Bip001 Spine001 bone (covers shoulders down to waist). Single mesh, T-pose neutral, no skeleton, baked diffuse texture only.","photoreal, hyperreal, realistic skin pores, no humans, no faces in armor, no text, no logos, no watermarks, no excess geometry, no PBR maps"
Undead,UD_Units_body_C,Body,C,medium/leather tier,,Bip001 Pelvis001,36×12×39 cm (W×H×D),"A low-poly stylized 3D model: risen undead deathknight chest armor (cuirass / tunic / robe top). medium/leather tier variant C. Materials/feel: bone, tarnished silver, necrotic plate, frayed shroud. Color palette: bone white, sickly violet, tarnished steel. Style: gothic, sinister, cracked and weathered, hand-painted toon shading, clean silhouette, suitable for an RTS unit at ~2m tall. Approximate size: 36 cm wide × 12 cm tall × 39 cm deep. Placement: attaches to the Bip001 Pelvis001 bone (covers shoulders down to waist). Single mesh, T-pose neutral, no skeleton, baked diffuse texture only.","photoreal, hyperreal, realistic skin pores, no humans, no faces in armor, no text, no logos, no watermarks, no excess geometry, no PBR maps"
Undead,UD_Units_body_F,Body,F,heavy/plate tier,,Bip001 Pelvis001,36×14×40 cm (W×H×D),"A low-poly stylized 3D model: risen undead deathknight chest armor (cuirass / tunic / robe top). heavy/plate tier variant F. Materials/feel: bone, tarnished silver, necrotic plate, frayed shroud. Color palette: bone white, sickly violet, tarnished steel. Style: gothic, sinister, cracked and weathered, hand-painted toon shading, clean silhouette, suitable for an RTS unit at ~2m tall. Approximate size: 36 cm wide × 14 cm tall × 40 cm deep. Placement: attaches to the Bip001 Pelvis001 bone (covers shoulders down to waist). Single mesh, T-pose neutral, no skeleton, baked diffuse texture only.","photoreal, hyperreal, realistic skin pores, no humans, no faces in armor, no text, no logos, no watermarks, no excess geometry, no PBR maps"
Undead,UD_Units_body_D,Body,D,medium/leather tier,,Bip001 Pelvis001,39×12×43 cm (W×H×D),"A low-poly stylized 3D model: risen undead deathknight chest armor (cuirass / tunic / robe top). medium/leather tier variant D. Materials/feel: bone, tarnished silver, necrotic plate, frayed shroud. Color palette: bone white, sickly violet, tarnished steel. Style: gothic, sinister, cracked and weathered, hand-painted toon shading, clean silhouette, suitable for an RTS unit at ~2m tall. Approximate size: 39 cm wide × 12 cm tall × 43 cm deep. Placement: attaches to the Bip001 Pelvis001 bone (covers shoulders down to waist). Single mesh, T-pose neutral, no skeleton, baked diffuse texture only.","photoreal, hyperreal, realistic skin pores, no humans, no faces in armor, no text, no logos, no watermarks, no excess geometry, no PBR maps"
Undead,UD_Units_shoulderpads_A,Shoulders,A,light/cloth tier,,Bip001 R Clavicle001,27×15×10 cm (W×H×D),"A low-poly stylized 3D model: risen undead deathknight pauldron / shoulder pad pair. light/cloth tier variant A. Materials/feel: bone, tarnished silver, necrotic plate, frayed shroud. Color palette: bone white, sickly violet, tarnished steel. Style: gothic, sinister, cracked and weathered, hand-painted toon shading, clean silhouette, suitable for an RTS unit at ~2m tall. Approximate size: 27 cm wide × 15 cm tall × 10 cm deep. Placement: attaches to the Bip001 R Clavicle001 bone (sits on top of the shoulders). Single mesh, T-pose neutral, no skeleton, baked diffuse texture only.","photoreal, hyperreal, realistic skin pores, no humans, no faces in armor, no text, no logos, no watermarks, no excess geometry, no PBR maps"
Undead,UD_Units_body_A,Body,A,light/cloth tier,,Bip001 Spine001,36×13×40 cm (W×H×D),"A low-poly stylized 3D model: risen undead deathknight chest armor (cuirass / tunic / robe top). light/cloth tier variant A. Materials/feel: bone, tarnished silver, necrotic plate, frayed shroud. Color palette: bone white, sickly violet, tarnished steel. Style: gothic, sinister, cracked and weathered, hand-painted toon shading, clean silhouette, suitable for an RTS unit at ~2m tall. Approximate size: 36 cm wide × 13 cm tall × 40 cm deep. Placement: attaches to the Bip001 Spine001 bone (covers shoulders down to waist). Single mesh, T-pose neutral, no skeleton, baked diffuse texture only.","photoreal, hyperreal, realistic skin pores, no humans, no faces in armor, no text, no logos, no watermarks, no excess geometry, no PBR maps"
Undead,UD_Units_body_B,Body,B,light/cloth tier,,Bip001 Spine001,36×15×40 cm (W×H×D),"A low-poly stylized 3D model: risen undead deathknight chest armor (cuirass / tunic / robe top). light/cloth tier variant B. Materials/feel: bone, tarnished silver, necrotic plate, frayed shroud. Color palette: bone white, sickly violet, tarnished steel. Style: gothic, sinister, cracked and weathered, hand-painted toon shading, clean silhouette, suitable for an RTS unit at ~2m tall. Approximate size: 36 cm wide × 15 cm tall × 40 cm deep. Placement: attaches to the Bip001 Spine001 bone (covers shoulders down to waist). Single mesh, T-pose neutral, no skeleton, baked diffuse texture only.","photoreal, hyperreal, realistic skin pores, no humans, no faces in armor, no text, no logos, no watermarks, no excess geometry, no PBR maps"
Undead,UD_Units_head_D,Head,D,medium/leather tier,,Bip001 Head001,18×13×12 cm (W×H×D),"A low-poly stylized 3D model: risen undead deathknight helmet/head piece. medium/leather tier variant D. Materials/feel: bone, tarnished silver, necrotic plate, frayed shroud. Color palette: bone white, sickly violet, tarnished steel. Style: gothic, sinister, cracked and weathered, hand-painted toon shading, clean silhouette, suitable for an RTS unit at ~2m tall. Approximate size: 18 cm wide × 13 cm tall × 12 cm deep. Placement: attaches to the Bip001 Head001 bone (rests on the skull, fits over hair). Single mesh, T-pose neutral, no skeleton, baked diffuse texture only.","photoreal, hyperreal, realistic skin pores, no humans, no faces in armor, no text, no logos, no watermarks, no excess geometry, no PBR maps"
Undead,UD_Units_arms_D,Arms,D,medium/leather tier,,Bip001 R Forearm001,61×11×17 cm (W×H×D),"A low-poly stylized 3D model: risen undead deathknight arm guards / bracers / sleeves. medium/leather tier variant D. Materials/feel: bone, tarnished silver, necrotic plate, frayed shroud. Color palette: bone white, sickly violet, tarnished steel. Style: gothic, sinister, cracked and weathered, hand-painted toon shading, clean silhouette, suitable for an RTS unit at ~2m tall. Approximate size: 61 cm wide × 11 cm tall × 17 cm deep. Placement: attaches to the Bip001 R Forearm001 bone (wrist to elbow on both arms). Single mesh, T-pose neutral, no skeleton, baked diffuse texture only.","photoreal, hyperreal, realistic skin pores, no humans, no faces in armor, no text, no logos, no watermarks, no excess geometry, no PBR maps"
Undead,UD_Units_legs_D,Legs,D,medium/leather tier,,Bip001 R Foot001,21×16×16 cm (W×H×D),"A low-poly stylized 3D model: risen undead deathknight greaves / leg armor / leggings. medium/leather tier variant D. Materials/feel: bone, tarnished silver, necrotic plate, frayed shroud. Color palette: bone white, sickly violet, tarnished steel. Style: gothic, sinister, cracked and weathered, hand-painted toon shading, clean silhouette, suitable for an RTS unit at ~2m tall. Approximate size: 21 cm wide × 16 cm tall × 16 cm deep. Placement: attaches to the Bip001 R Foot001 bone (hip to ankle). Single mesh, T-pose neutral, no skeleton, baked diffuse texture only.","photoreal, hyperreal, realistic skin pores, no humans, no faces in armor, no text, no logos, no watermarks, no excess geometry, no PBR maps"
Undead,UD_Units_shoulderpads_B,Shoulders,B,light/cloth tier,,Bip001 R Clavicle001,33×18×15 cm (W×H×D),"A low-poly stylized 3D model: risen undead deathknight pauldron / shoulder pad pair. light/cloth tier variant B. Materials/feel: bone, tarnished silver, necrotic plate, frayed shroud. Color palette: bone white, sickly violet, tarnished steel. Style: gothic, sinister, cracked and weathered, hand-painted toon shading, clean silhouette, suitable for an RTS unit at ~2m tall. Approximate size: 33 cm wide × 18 cm tall × 15 cm deep. Placement: attaches to the Bip001 R Clavicle001 bone (sits on top of the shoulders). Single mesh, T-pose neutral, no skeleton, baked diffuse texture only.","photoreal, hyperreal, realistic skin pores, no humans, no faces in armor, no text, no logos, no watermarks, no excess geometry, no PBR maps"
Undead,UD_Units_head_F,Head,F,heavy/plate tier,,Bip001 Head001,9×14×12 cm (W×H×D),"A low-poly stylized 3D model: risen undead deathknight helmet/head piece. heavy/plate tier variant F. Materials/feel: bone, tarnished silver, necrotic plate, frayed shroud. Color palette: bone white, sickly violet, tarnished steel. Style: gothic, sinister, cracked and weathered, hand-painted toon shading, clean silhouette, suitable for an RTS unit at ~2m tall. Approximate size: 9 cm wide × 14 cm tall × 12 cm deep. Placement: attaches to the Bip001 Head001 bone (rests on the skull, fits over hair). Single mesh, T-pose neutral, no skeleton, baked diffuse texture only.","photoreal, hyperreal, realistic skin pores, no humans, no faces in armor, no text, no logos, no watermarks, no excess geometry, no PBR maps"
Undead,UD_Units_arms_B,Arms,B,light/cloth tier,,Bip001 R Forearm001,61×9×16 cm (W×H×D),"A low-poly stylized 3D model: risen undead deathknight arm guards / bracers / sleeves. light/cloth tier variant B. Materials/feel: bone, tarnished silver, necrotic plate, frayed shroud. Color palette: bone white, sickly violet, tarnished steel. Style: gothic, sinister, cracked and weathered, hand-painted toon shading, clean silhouette, suitable for an RTS unit at ~2m tall. Approximate size: 61 cm wide × 9 cm tall × 16 cm deep. Placement: attaches to the Bip001 R Forearm001 bone (wrist to elbow on both arms). Single mesh, T-pose neutral, no skeleton, baked diffuse texture only.","photoreal, hyperreal, realistic skin pores, no humans, no faces in armor, no text, no logos, no watermarks, no excess geometry, no PBR maps"
Undead,UD_Units_legs_B,Legs,B,light/cloth tier,,Bip001 R Calf001,20×16×15 cm (W×H×D),"A low-poly stylized 3D model: risen undead deathknight greaves / leg armor / leggings. light/cloth tier variant B. Materials/feel: bone, tarnished silver, necrotic plate, frayed shroud. Color palette: bone white, sickly violet, tarnished steel. Style: gothic, sinister, cracked and weathered, hand-painted toon shading, clean silhouette, suitable for an RTS unit at ~2m tall. Approximate size: 20 cm wide × 16 cm tall × 15 cm deep. Placement: attaches to the Bip001 R Calf001 bone (hip to ankle). Single mesh, T-pose neutral, no skeleton, baked diffuse texture only.","photoreal, hyperreal, realistic skin pores, no humans, no faces in armor, no text, no logos, no watermarks, no excess geometry, no PBR maps"
Undead,UD_Units_head_L,Head,L,heavy/plate tier,,Bip001 Head001,8×15×20 cm (W×H×D),"A low-poly stylized 3D model: risen undead deathknight helmet/head piece. heavy/plate tier variant L. Materials/feel: bone, tarnished silver, necrotic plate, frayed shroud. Color palette: bone white, sickly violet, tarnished steel. Style: gothic, sinister, cracked and weathered, hand-painted toon shading, clean silhouette, suitable for an RTS unit at ~2m tall. Approximate size: 8 cm wide × 15 cm tall × 20 cm deep. Placement: attaches to the Bip001 Head001 bone (rests on the skull, fits over hair). Single mesh, T-pose neutral, no skeleton, baked diffuse texture only.","photoreal, hyperreal, realistic skin pores, no humans, no faces in armor, no text, no logos, no watermarks, no excess geometry, no PBR maps"
Undead,UD_Units_arms_E,Arms,E,medium/leather tier,,Bip001 R Forearm001,61×9×15 cm (W×H×D),"A low-poly stylized 3D model: risen undead deathknight arm guards / bracers / sleeves. medium/leather tier variant E. Materials/feel: bone, tarnished silver, necrotic plate, frayed shroud. Color palette: bone white, sickly violet, tarnished steel. Style: gothic, sinister, cracked and weathered, hand-painted toon shading, clean silhouette, suitable for an RTS unit at ~2m tall. Approximate size: 61 cm wide × 9 cm tall × 15 cm deep. Placement: attaches to the Bip001 R Forearm001 bone (wrist to elbow on both arms). Single mesh, T-pose neutral, no skeleton, baked diffuse texture only.","photoreal, hyperreal, realistic skin pores, no humans, no faces in armor, no text, no logos, no watermarks, no excess geometry, no PBR maps"
Undead,UD_Units_arms_C,Arms,C,medium/leather tier,,Bip001 R Hand001,61×9×16 cm (W×H×D),"A low-poly stylized 3D model: risen undead deathknight arm guards / bracers / sleeves. medium/leather tier variant C. Materials/feel: bone, tarnished silver, necrotic plate, frayed shroud. Color palette: bone white, sickly violet, tarnished steel. Style: gothic, sinister, cracked and weathered, hand-painted toon shading, clean silhouette, suitable for an RTS unit at ~2m tall. Approximate size: 61 cm wide × 9 cm tall × 16 cm deep. Placement: attaches to the Bip001 R Hand001 bone (wrist to elbow on both arms). Single mesh, T-pose neutral, no skeleton, baked diffuse texture only.","photoreal, hyperreal, realistic skin pores, no humans, no faces in armor, no text, no logos, no watermarks, no excess geometry, no PBR maps"
Undead,UD_Units_legs_C,Legs,C,medium/leather tier,,Bip001 R Calf001,20×14×15 cm (W×H×D),"A low-poly stylized 3D model: risen undead deathknight greaves / leg armor / leggings. medium/leather tier variant C. Materials/feel: bone, tarnished silver, necrotic plate, frayed shroud. Color palette: bone white, sickly violet, tarnished steel. Style: gothic, sinister, cracked and weathered, hand-painted toon shading, clean silhouette, suitable for an RTS unit at ~2m tall. Approximate size: 20 cm wide × 14 cm tall × 15 cm deep. Placement: attaches to the Bip001 R Calf001 bone (hip to ankle). Single mesh, T-pose neutral, no skeleton, baked diffuse texture only.","photoreal, hyperreal, realistic skin pores, no humans, no faces in armor, no text, no logos, no watermarks, no excess geometry, no PBR maps"
Undead,UD_Units_arms_A,Arms,A,light/cloth tier,,Bip001 R Forearm001,61×8×16 cm (W×H×D),"A low-poly stylized 3D model: risen undead deathknight arm guards / bracers / sleeves. light/cloth tier variant A. Materials/feel: bone, tarnished silver, necrotic plate, frayed shroud. Color palette: bone white, sickly violet, tarnished steel. Style: gothic, sinister, cracked and weathered, hand-painted toon shading, clean silhouette, suitable for an RTS unit at ~2m tall. Approximate size: 61 cm wide × 8 cm tall × 16 cm deep. Placement: attaches to the Bip001 R Forearm001 bone (wrist to elbow on both arms). Single mesh, T-pose neutral, no skeleton, baked diffuse texture only.","photoreal, hyperreal, realistic skin pores, no humans, no faces in armor, no text, no logos, no watermarks, no excess geometry, no PBR maps"
Undead,UD_Units_legs_A,Legs,A,light/cloth tier,,Bip001 R Calf001,21×15×15 cm (W×H×D),"A low-poly stylized 3D model: risen undead deathknight greaves / leg armor / leggings. light/cloth tier variant A. Materials/feel: bone, tarnished silver, necrotic plate, frayed shroud. Color palette: bone white, sickly violet, tarnished steel. Style: gothic, sinister, cracked and weathered, hand-painted toon shading, clean silhouette, suitable for an RTS unit at ~2m tall. Approximate size: 21 cm wide × 15 cm tall × 15 cm deep. Placement: attaches to the Bip001 R Calf001 bone (hip to ankle). Single mesh, T-pose neutral, no skeleton, baked diffuse texture only.","photoreal, hyperreal, realistic skin pores, no humans, no faces in armor, no text, no logos, no watermarks, no excess geometry, no PBR maps"
Undead,UD_Units_head_A,Head,A,light/cloth tier,,Bip001 Head001,8×11×11 cm (W×H×D),"A low-poly stylized 3D model: risen undead deathknight helmet/head piece. light/cloth tier variant A. Materials/feel: bone, tarnished silver, necrotic plate, frayed shroud. Color palette: bone white, sickly violet, tarnished steel. Style: gothic, sinister, cracked and weathered, hand-painted toon shading, clean silhouette, suitable for an RTS unit at ~2m tall. Approximate size: 8 cm wide × 11 cm tall × 11 cm deep. Placement: attaches to the Bip001 Head001 bone (rests on the skull, fits over hair). Single mesh, T-pose neutral, no skeleton, baked diffuse texture only.","photoreal, hyperreal, realistic skin pores, no humans, no faces in armor, no text, no logos, no watermarks, no excess geometry, no PBR maps"
Undead,UD_Units_head_B,Head,B,light/cloth tier,,Bip001 Head001,8×12×12 cm (W×H×D),"A low-poly stylized 3D model: risen undead deathknight helmet/head piece. light/cloth tier variant B. Materials/feel: bone, tarnished silver, necrotic plate, frayed shroud. Color palette: bone white, sickly violet, tarnished steel. Style: gothic, sinister, cracked and weathered, hand-painted toon shading, clean silhouette, suitable for an RTS unit at ~2m tall. Approximate size: 8 cm wide × 12 cm tall × 12 cm deep. Placement: attaches to the Bip001 Head001 bone (rests on the skull, fits over hair). Single mesh, T-pose neutral, no skeleton, baked diffuse texture only.","photoreal, hyperreal, realistic skin pores, no humans, no faces in armor, no text, no logos, no watermarks, no excess geometry, no PBR maps"
Undead,UD_Units_head_H,Head,H,heavy/plate tier,,Bip001 Head001,7×10×10 cm (W×H×D),"A low-poly stylized 3D model: risen undead deathknight helmet/head piece. heavy/plate tier variant H. Materials/feel: bone, tarnished silver, necrotic plate, frayed shroud. Color palette: bone white, sickly violet, tarnished steel. Style: gothic, sinister, cracked and weathered, hand-painted toon shading, clean silhouette, suitable for an RTS unit at ~2m tall. Approximate size: 7 cm wide × 10 cm tall × 10 cm deep. Placement: attaches to the Bip001 Head001 bone (rests on the skull, fits over hair). Single mesh, T-pose neutral, no skeleton, baked diffuse texture only.","photoreal, hyperreal, realistic skin pores, no humans, no faces in armor, no text, no logos, no watermarks, no excess geometry, no PBR maps"
Undead,UD_Units_head_I,Head,I,heavy/plate tier,,Bip001 Head001,8×12×13 cm (W×H×D),"A low-poly stylized 3D model: risen undead deathknight helmet/head piece. heavy/plate tier variant I. Materials/feel: bone, tarnished silver, necrotic plate, frayed shroud. Color palette: bone white, sickly violet, tarnished steel. Style: gothic, sinister, cracked and weathered, hand-painted toon shading, clean silhouette, suitable for an RTS unit at ~2m tall. Approximate size: 8 cm wide × 12 cm tall × 13 cm deep. Placement: attaches to the Bip001 Head001 bone (rests on the skull, fits over hair). Single mesh, T-pose neutral, no skeleton, baked diffuse texture only.","photoreal, hyperreal, realistic skin pores, no humans, no faces in armor, no text, no logos, no watermarks, no excess geometry, no PBR maps"
Undead,UD_Units_head_K,Head,K,heavy/plate tier,,Bip001 Head001,10×13×13 cm (W×H×D),"A low-poly stylized 3D model: risen undead deathknight helmet/head piece. heavy/plate tier variant K. Materials/feel: bone, tarnished silver, necrotic plate, frayed shroud. Color palette: bone white, sickly violet, tarnished steel. Style: gothic, sinister, cracked and weathered, hand-painted toon shading, clean silhouette, suitable for an RTS unit at ~2m tall. Approximate size: 10 cm wide × 13 cm tall × 13 cm deep. Placement: attaches to the Bip001 Head001 bone (rests on the skull, fits over hair). Single mesh, T-pose neutral, no skeleton, baked diffuse texture only.","photoreal, hyperreal, realistic skin pores, no humans, no faces in armor, no text, no logos, no watermarks, no excess geometry, no PBR maps"
Undead,UD_Units_head_C,Head,C,medium/leather tier,,Bip001 Head001,8×13×13 cm (W×H×D),"A low-poly stylized 3D model: risen undead deathknight helmet/head piece. medium/leather tier variant C. Materials/feel: bone, tarnished silver, necrotic plate, frayed shroud. Color palette: bone white, sickly violet, tarnished steel. Style: gothic, sinister, cracked and weathered, hand-painted toon shading, clean silhouette, suitable for an RTS unit at ~2m tall. Approximate size: 8 cm wide × 13 cm tall × 13 cm deep. Placement: attaches to the Bip001 Head001 bone (rests on the skull, fits over hair). Single mesh, T-pose neutral, no skeleton, baked diffuse texture only.","photoreal, hyperreal, realistic skin pores, no humans, no faces in armor, no text, no logos, no watermarks, no excess geometry, no PBR maps"
Undead,UD_Units_head_E,Head,E,medium/leather tier,,Bip001 Head001,21×15×17 cm (W×H×D),"A low-poly stylized 3D model: risen undead deathknight helmet/head piece. medium/leather tier variant E. Materials/feel: bone, tarnished silver, necrotic plate, frayed shroud. Color palette: bone white, sickly violet, tarnished steel. Style: gothic, sinister, cracked and weathered, hand-painted toon shading, clean silhouette, suitable for an RTS unit at ~2m tall. Approximate size: 21 cm wide × 15 cm tall × 17 cm deep. Placement: attaches to the Bip001 Head001 bone (rests on the skull, fits over hair). Single mesh, T-pose neutral, no skeleton, baked diffuse texture only.","photoreal, hyperreal, realistic skin pores, no humans, no faces in armor, no text, no logos, no watermarks, no excess geometry, no PBR maps"
Undead,UD_Units_body_E,Body,E,medium/leather tier,,Bip001 Pelvis001,39×13×43 cm (W×H×D),"A low-poly stylized 3D model: risen undead deathknight chest armor (cuirass / tunic / robe top). medium/leather tier variant E. Materials/feel: bone, tarnished silver, necrotic plate, frayed shroud. Color palette: bone white, sickly violet, tarnished steel. Style: gothic, sinister, cracked and weathered, hand-painted toon shading, clean silhouette, suitable for an RTS unit at ~2m tall. Approximate size: 39 cm wide × 13 cm tall × 43 cm deep. Placement: attaches to the Bip001 Pelvis001 bone (covers shoulders down to waist). Single mesh, T-pose neutral, no skeleton, baked diffuse texture only.","photoreal, hyperreal, realistic skin pores, no humans, no faces in armor, no text, no logos, no watermarks, no excess geometry, no PBR maps"
Undead,UD_Units_head_G,Head,G,heavy/plate tier,,Bip001 Head001,9×14×13 cm (W×H×D),"A low-poly stylized 3D model: risen undead deathknight helmet/head piece. heavy/plate tier variant G. Materials/feel: bone, tarnished silver, necrotic plate, frayed shroud. Color palette: bone white, sickly violet, tarnished steel. Style: gothic, sinister, cracked and weathered, hand-painted toon shading, clean silhouette, suitable for an RTS unit at ~2m tall. Approximate size: 9 cm wide × 14 cm tall × 13 cm deep. Placement: attaches to the Bip001 Head001 bone (rests on the skull, fits over hair). Single mesh, T-pose neutral, no skeleton, baked diffuse texture only.","photoreal, hyperreal, realistic skin pores, no humans, no faces in armor, no text, no logos, no watermarks, no excess geometry, no PBR maps"
Undead,UD_Units_head_M,Head,M,heavy/plate tier,,Bip001 Head001,21×15×24 cm (W×H×D),"A low-poly stylized 3D model: risen undead deathknight helmet/head piece. heavy/plate tier variant M. Materials/feel: bone, tarnished silver, necrotic plate, frayed shroud. Color palette: bone white, sickly violet, tarnished steel. Style: gothic, sinister, cracked and weathered, hand-painted toon shading, clean silhouette, suitable for an RTS unit at ~2m tall. Approximate size: 21 cm wide × 15 cm tall × 24 cm deep. Placement: attaches to the Bip001 Head001 bone (rests on the skull, fits over hair). Single mesh, T-pose neutral, no skeleton, baked diffuse texture only.","photoreal, hyperreal, realistic skin pores, no humans, no faces in armor, no text, no logos, no watermarks, no excess geometry, no PBR maps"
Undead,UD_Units_head_J,Head,J,heavy/plate tier,,Bip001 Head001,9×14×12 cm (W×H×D),"A low-poly stylized 3D model: risen undead deathknight helmet/head piece. heavy/plate tier variant J. Materials/feel: bone, tarnished silver, necrotic plate, frayed shroud. Color palette: bone white, sickly violet, tarnished steel. Style: gothic, sinister, cracked and weathered, hand-painted toon shading, clean silhouette, suitable for an RTS unit at ~2m tall. Approximate size: 9 cm wide × 14 cm tall × 12 cm deep. Placement: attaches to the Bip001 Head001 bone (rests on the skull, fits over hair). Single mesh, T-pose neutral, no skeleton, baked diffuse texture only.","photoreal, hyperreal, realistic skin pores, no humans, no faces in armor, no text, no logos, no watermarks, no excess geometry, no PBR maps"
Undead,UD_Units_shoulderpads_C,Shoulders,C,medium/leather tier,,Bip001 R Clavicle001,31×15×10 cm (W×H×D),"A low-poly stylized 3D model: risen undead deathknight pauldron / shoulder pad pair. medium/leather tier variant C. Materials/feel: bone, tarnished silver, necrotic plate, frayed shroud. Color palette: bone white, sickly violet, tarnished steel. Style: gothic, sinister, cracked and weathered, hand-painted toon shading, clean silhouette, suitable for an RTS unit at ~2m tall. Approximate size: 31 cm wide × 15 cm tall × 10 cm deep. Placement: attaches to the Bip001 R Clavicle001 bone (sits on top of the shoulders). Single mesh, T-pose neutral, no skeleton, baked diffuse texture only.","photoreal, hyperreal, realistic skin pores, no humans, no faces in armor, no text, no logos, no watermarks, no excess geometry, no PBR maps"
Undead,UD_weapon_staff_C,Staff,C,medium/leather tier,right,,76×10×9 cm (W×H×D),"A low-poly stylized 3D model: risen undead deathknight magic staff with crystal/orb finial. medium/leather tier variant C. Materials/feel: bone, tarnished silver, necrotic plate, frayed shroud. Color palette: bone white, sickly violet, tarnished steel. Style: gothic, sinister, cracked and weathered, hand-painted toon shading, clean silhouette, suitable for an RTS unit at ~2m tall. Approximate size: 76 cm wide × 10 cm tall × 9 cm deep. Placement: right hand, vertical. Single mesh, T-pose neutral, no skeleton, baked diffuse texture only.","photoreal, hyperreal, realistic skin pores, no humans, no faces in armor, no text, no logos, no watermarks, no excess geometry, no PBR maps"
Undead,UD_weapon_Bow,Bow,,,left,,60×3×12 cm (W×H×D),"A low-poly stylized 3D model: risen undead deathknight recurve bow. Materials/feel: bone, tarnished silver, necrotic plate, frayed shroud. Color palette: bone white, sickly violet, tarnished steel. Style: gothic, sinister, cracked and weathered, hand-painted toon shading, clean silhouette, suitable for an RTS unit at ~2m tall. Approximate size: 60 cm wide × 3 cm tall × 12 cm deep. Placement: left hand grip. Single mesh, T-pose neutral, no skeleton, baked diffuse texture only.","photoreal, hyperreal, realistic skin pores, no humans, no faces in armor, no text, no logos, no watermarks, no excess geometry, no PBR maps"
Undead,UD_weapon_staff_D,Staff,D,medium/leather tier,right,,77×21×11 cm (W×H×D),"A low-poly stylized 3D model: risen undead deathknight magic staff with crystal/orb finial. medium/leather tier variant D. Materials/feel: bone, tarnished silver, necrotic plate, frayed shroud. Color palette: bone white, sickly violet, tarnished steel. Style: gothic, sinister, cracked and weathered, hand-painted toon shading, clean silhouette, suitable for an RTS unit at ~2m tall. Approximate size: 77 cm wide × 21 cm tall × 11 cm deep. Placement: right hand, vertical. Single mesh, T-pose neutral, no skeleton, baked diffuse texture only.","photoreal, hyperreal, realistic skin pores, no humans, no faces in armor, no text, no logos, no watermarks, no excess geometry, no PBR maps"
Undead,UD_weapon_staff_A,Staff,A,light/cloth tier,right,,69×6×6 cm (W×H×D),"A low-poly stylized 3D model: risen undead deathknight magic staff with crystal/orb finial. light/cloth tier variant A. Materials/feel: bone, tarnished silver, necrotic plate, frayed shroud. Color palette: bone white, sickly violet, tarnished steel. Style: gothic, sinister, cracked and weathered, hand-painted toon shading, clean silhouette, suitable for an RTS unit at ~2m tall. Approximate size: 69 cm wide × 6 cm tall × 6 cm deep. Placement: right hand, vertical. Single mesh, T-pose neutral, no skeleton, baked diffuse texture only.","photoreal, hyperreal, realistic skin pores, no humans, no faces in armor, no text, no logos, no watermarks, no excess geometry, no PBR maps"
Undead,UD_weapon_staff_B,Staff,B,light/cloth tier,right,,76×8×15 cm (W×H×D),"A low-poly stylized 3D model: risen undead deathknight magic staff with crystal/orb finial. light/cloth tier variant B. Materials/feel: bone, tarnished silver, necrotic plate, frayed shroud. Color palette: bone white, sickly violet, tarnished steel. Style: gothic, sinister, cracked and weathered, hand-painted toon shading, clean silhouette, suitable for an RTS unit at ~2m tall. Approximate size: 76 cm wide × 8 cm tall × 15 cm deep. Placement: right hand, vertical. Single mesh, T-pose neutral, no skeleton, baked diffuse texture only.","photoreal, hyperreal, realistic skin pores, no humans, no faces in armor, no text, no logos, no watermarks, no excess geometry, no PBR maps"
Undead,UD_Shield_A,Shield,A,light/cloth tier,left,,6×21×21 cm (W×H×D),"A low-poly stylized 3D model: risen undead deathknight kite/round shield. light/cloth tier variant A. Materials/feel: bone, tarnished silver, necrotic plate, frayed shroud. Color palette: bone white, sickly violet, tarnished steel. Style: gothic, sinister, cracked and weathered, hand-painted toon shading, clean silhouette, suitable for an RTS unit at ~2m tall. Approximate size: 6 cm wide × 21 cm tall × 21 cm deep. Placement: left forearm strap. Single mesh, T-pose neutral, no skeleton, baked diffuse texture only.","photoreal, hyperreal, realistic skin pores, no humans, no faces in armor, no text, no logos, no watermarks, no excess geometry, no PBR maps"
Undead,UD_Shield_B,Shield,B,light/cloth tier,left,,4×33×19 cm (W×H×D),"A low-poly stylized 3D model: risen undead deathknight kite/round shield. light/cloth tier variant B. Materials/feel: bone, tarnished silver, necrotic plate, frayed shroud. Color palette: bone white, sickly violet, tarnished steel. Style: gothic, sinister, cracked and weathered, hand-painted toon shading, clean silhouette, suitable for an RTS unit at ~2m tall. Approximate size: 4 cm wide × 33 cm tall × 19 cm deep. Placement: left forearm strap. Single mesh, T-pose neutral, no skeleton, baked diffuse texture only.","photoreal, hyperreal, realistic skin pores, no humans, no faces in armor, no text, no logos, no watermarks, no excess geometry, no PBR maps"
Undead,UD_Shield_C,Shield,C,medium/leather tier,left,,9×39×27 cm (W×H×D),"A low-poly stylized 3D model: risen undead deathknight kite/round shield. medium/leather tier variant C. Materials/feel: bone, tarnished silver, necrotic plate, frayed shroud. Color palette: bone white, sickly violet, tarnished steel. Style: gothic, sinister, cracked and weathered, hand-painted toon shading, clean silhouette, suitable for an RTS unit at ~2m tall. Approximate size: 9 cm wide × 39 cm tall × 27 cm deep. Placement: left forearm strap. Single mesh, T-pose neutral, no skeleton, baked diffuse texture only.","photoreal, hyperreal, realistic skin pores, no humans, no faces in armor, no text, no logos, no watermarks, no excess geometry, no PBR maps"
Undead,UD_weapon_Hammer,Hammer,,,right,,28×4×12 cm (W×H×D),"A low-poly stylized 3D model: risen undead deathknight two-handed war hammer. Materials/feel: bone, tarnished silver, necrotic plate, frayed shroud. Color palette: bone white, sickly violet, tarnished steel. Style: gothic, sinister, cracked and weathered, hand-painted toon shading, clean silhouette, suitable for an RTS unit at ~2m tall. Approximate size: 28 cm wide × 4 cm tall × 12 cm deep. Placement: right hand grip. Single mesh, T-pose neutral, no skeleton, baked diffuse texture only.","photoreal, hyperreal, realistic skin pores, no humans, no faces in armor, no text, no logos, no watermarks, no excess geometry, no PBR maps"
Undead,UD_weapon_Axe_A,Axe,A,light/cloth tier,right,,35×3×14 cm (W×H×D),"A low-poly stylized 3D model: risen undead deathknight one-handed war axe. light/cloth tier variant A. Materials/feel: bone, tarnished silver, necrotic plate, frayed shroud. Color palette: bone white, sickly violet, tarnished steel. Style: gothic, sinister, cracked and weathered, hand-painted toon shading, clean silhouette, suitable for an RTS unit at ~2m tall. Approximate size: 35 cm wide × 3 cm tall × 14 cm deep. Placement: right hand grip. Single mesh, T-pose neutral, no skeleton, baked diffuse texture only.","photoreal, hyperreal, realistic skin pores, no humans, no faces in armor, no text, no logos, no watermarks, no excess geometry, no PBR maps"
Undead,UD_weapon_Axe_B,Axe,B,light/cloth tier,right,,47×4×13 cm (W×H×D),"A low-poly stylized 3D model: risen undead deathknight one-handed war axe. light/cloth tier variant B. Materials/feel: bone, tarnished silver, necrotic plate, frayed shroud. Color palette: bone white, sickly violet, tarnished steel. Style: gothic, sinister, cracked and weathered, hand-painted toon shading, clean silhouette, suitable for an RTS unit at ~2m tall. Approximate size: 47 cm wide × 4 cm tall × 13 cm deep. Placement: right hand grip. Single mesh, T-pose neutral, no skeleton, baked diffuse texture only.","photoreal, hyperreal, realistic skin pores, no humans, no faces in armor, no text, no logos, no watermarks, no excess geometry, no PBR maps"
Undead,UD_weapon_Spear,Spear,,,right,,77×3×7 cm (W×H×D),"A low-poly stylized 3D model: risen undead deathknight long spear. Materials/feel: bone, tarnished silver, necrotic plate, frayed shroud. Color palette: bone white, sickly violet, tarnished steel. Style: gothic, sinister, cracked and weathered, hand-painted toon shading, clean silhouette, suitable for an RTS unit at ~2m tall. Approximate size: 77 cm wide × 3 cm tall × 7 cm deep. Placement: right hand grip, vertical. Single mesh, T-pose neutral, no skeleton, baked diffuse texture only.","photoreal, hyperreal, realistic skin pores, no humans, no faces in armor, no text, no logos, no watermarks, no excess geometry, no PBR maps"
Undead,UD_weapon_Sword_A,Sword,A,light/cloth tier,right,,44×4×7 cm (W×H×D),"A low-poly stylized 3D model: risen undead deathknight one-handed sword. light/cloth tier variant A. Materials/feel: bone, tarnished silver, necrotic plate, frayed shroud. Color palette: bone white, sickly violet, tarnished steel. Style: gothic, sinister, cracked and weathered, hand-painted toon shading, clean silhouette, suitable for an RTS unit at ~2m tall. Approximate size: 44 cm wide × 4 cm tall × 7 cm deep. Placement: right hand grip, blade pointing up. Single mesh, T-pose neutral, no skeleton, baked diffuse texture only.","photoreal, hyperreal, realistic skin pores, no humans, no faces in armor, no text, no logos, no watermarks, no excess geometry, no PBR maps"
Undead,UD_weapon_Sword_B,Sword,B,light/cloth tier,right,,47×3×9 cm (W×H×D),"A low-poly stylized 3D model: risen undead deathknight one-handed sword. light/cloth tier variant B. Materials/feel: bone, tarnished silver, necrotic plate, frayed shroud. Color palette: bone white, sickly violet, tarnished steel. Style: gothic, sinister, cracked and weathered, hand-painted toon shading, clean silhouette, suitable for an RTS unit at ~2m tall. Approximate size: 47 cm wide × 3 cm tall × 9 cm deep. Placement: right hand grip, blade pointing up. Single mesh, T-pose neutral, no skeleton, baked diffuse texture only.","photoreal, hyperreal, realistic skin pores, no humans, no faces in armor, no text, no logos, no watermarks, no excess geometry, no PBR maps"
Undead,UD_weapon_Sword_C,Sword,C,medium/leather tier,right,,57×3×17 cm (W×H×D),"A low-poly stylized 3D model: risen undead deathknight one-handed sword. medium/leather tier variant C. Materials/feel: bone, tarnished silver, necrotic plate, frayed shroud. Color palette: bone white, sickly violet, tarnished steel. Style: gothic, sinister, cracked and weathered, hand-painted toon shading, clean silhouette, suitable for an RTS unit at ~2m tall. Approximate size: 57 cm wide × 3 cm tall × 17 cm deep. Placement: right hand grip, blade pointing up. Single mesh, T-pose neutral, no skeleton, baked diffuse texture only.","photoreal, hyperreal, realistic skin pores, no humans, no faces in armor, no text, no logos, no watermarks, no excess geometry, no PBR maps"
Undead,UD_Xtra_Wood,Lumber,,,,,34×30×18 cm (W×H×D),"A low-poly stylized 3D model: risen undead deathknight log of carry-wood. Materials/feel: bone, tarnished silver, necrotic plate, frayed shroud. Color palette: bone white, sickly violet, tarnished steel. Style: gothic, sinister, cracked and weathered, hand-painted toon shading, clean silhouette, suitable for an RTS unit at ~2m tall. Approximate size: 34 cm wide × 30 cm tall × 18 cm deep. Placement: shouldered or back-strap. Single mesh, T-pose neutral, no skeleton, baked diffuse texture only.","photoreal, hyperreal, realistic skin pores, no humans, no faces in armor, no text, no logos, no watermarks, no excess geometry, no PBR maps"
Undead,UD_Xtra_Bag,Belt Bag,,,,,21×32×24 cm (W×H×D),"A low-poly stylized 3D model: risen undead deathknight belt-pouch / satchel. Materials/feel: bone, tarnished silver, necrotic plate, frayed shroud. Color palette: bone white, sickly violet, tarnished steel. Style: gothic, sinister, cracked and weathered, hand-painted toon shading, clean silhouette, suitable for an RTS unit at ~2m tall. Approximate size: 21 cm wide × 32 cm tall × 24 cm deep. Placement: hangs from waist belt. Single mesh, T-pose neutral, no skeleton, baked diffuse texture only.","photoreal, hyperreal, realistic skin pores, no humans, no faces in armor, no text, no logos, no watermarks, no excess geometry, no PBR maps"
Undead,UD_Xtra_Quiver,Quiver,,,,,11×7×37 cm (W×H×D),"A low-poly stylized 3D model: risen undead deathknight arrow quiver. Materials/feel: bone, tarnished silver, necrotic plate, frayed shroud. Color palette: bone white, sickly violet, tarnished steel. Style: gothic, sinister, cracked and weathered, hand-painted toon shading, clean silhouette, suitable for an RTS unit at ~2m tall. Approximate size: 11 cm wide × 7 cm tall × 37 cm deep. Placement: strapped to back, over shoulder. Single mesh, T-pose neutral, no skeleton, baked diffuse texture only.","photoreal, hyperreal, realistic skin pores, no humans, no faces in armor, no text, no logos, no watermarks, no excess geometry, no PBR maps"
Undead,UD_Units_body_G,Body,G,heavy/plate tier,,Bip001 Spine,37×19×54 cm (W×H×D),"A low-poly stylized 3D model: risen undead deathknight chest armor (cuirass / tunic / robe top). heavy/plate tier variant G. Materials/feel: bone, tarnished silver, necrotic plate, frayed shroud. Color palette: bone white, sickly violet, tarnished steel. Style: gothic, sinister, cracked and weathered, hand-painted toon shading, clean silhouette, suitable for an RTS unit at ~2m tall. Approximate size: 37 cm wide × 19 cm tall × 54 cm deep. Placement: attaches to the Bip001 Spine bone (covers shoulders down to waist). Single mesh, T-pose neutral, no skeleton, baked diffuse texture only.","photoreal, hyperreal, realistic skin pores, no humans, no faces in armor, no text, no logos, no watermarks, no excess geometry, no PBR maps"
Undead,UD_Units_body_C,Body,C,medium/leather tier,,Bip001 Pelvis,36×12×39 cm (W×H×D),"A low-poly stylized 3D model: risen undead deathknight chest armor (cuirass / tunic / robe top). medium/leather tier variant C. Materials/feel: bone, tarnished silver, necrotic plate, frayed shroud. Color palette: bone white, sickly violet, tarnished steel. Style: gothic, sinister, cracked and weathered, hand-painted toon shading, clean silhouette, suitable for an RTS unit at ~2m tall. Approximate size: 36 cm wide × 12 cm tall × 39 cm deep. Placement: attaches to the Bip001 Pelvis bone (covers shoulders down to waist). Single mesh, T-pose neutral, no skeleton, baked diffuse texture only.","photoreal, hyperreal, realistic skin pores, no humans, no faces in armor, no text, no logos, no watermarks, no excess geometry, no PBR maps"
Undead,UD_Units_body_F,Body,F,heavy/plate tier,,Bip001 Pelvis,36×14×40 cm (W×H×D),"A low-poly stylized 3D model: risen undead deathknight chest armor (cuirass / tunic / robe top). heavy/plate tier variant F. Materials/feel: bone, tarnished silver, necrotic plate, frayed shroud. Color palette: bone white, sickly violet, tarnished steel. Style: gothic, sinister, cracked and weathered, hand-painted toon shading, clean silhouette, suitable for an RTS unit at ~2m tall. Approximate size: 36 cm wide × 14 cm tall × 40 cm deep. Placement: attaches to the Bip001 Pelvis bone (covers shoulders down to waist). Single mesh, T-pose neutral, no skeleton, baked diffuse texture only.","photoreal, hyperreal, realistic skin pores, no humans, no faces in armor, no text, no logos, no watermarks, no excess geometry, no PBR maps"
Undead,UD_Units_body_D,Body,D,medium/leather tier,,Bip001 Pelvis,39×12×43 cm (W×H×D),"A low-poly stylized 3D model: risen undead deathknight chest armor (cuirass / tunic / robe top). medium/leather tier variant D. Materials/feel: bone, tarnished silver, necrotic plate, frayed shroud. Color palette: bone white, sickly violet, tarnished steel. Style: gothic, sinister, cracked and weathered, hand-painted toon shading, clean silhouette, suitable for an RTS unit at ~2m tall. Approximate size: 39 cm wide × 12 cm tall × 43 cm deep. Placement: attaches to the Bip001 Pelvis bone (covers shoulders down to waist). Single mesh, T-pose neutral, no skeleton, baked diffuse texture only.","photoreal, hyperreal, realistic skin pores, no humans, no faces in armor, no text, no logos, no watermarks, no excess geometry, no PBR maps"
Undead,UD_Units_shoulderpads_A,Shoulders,A,light/cloth tier,,Bip001 R Clavicle,27×15×10 cm (W×H×D),"A low-poly stylized 3D model: risen undead deathknight pauldron / shoulder pad pair. light/cloth tier variant A. Materials/feel: bone, tarnished silver, necrotic plate, frayed shroud. Color palette: bone white, sickly violet, tarnished steel. Style: gothic, sinister, cracked and weathered, hand-painted toon shading, clean silhouette, suitable for an RTS unit at ~2m tall. Approximate size: 27 cm wide × 15 cm tall × 10 cm deep. Placement: attaches to the Bip001 R Clavicle bone (sits on top of the shoulders). Single mesh, T-pose neutral, no skeleton, baked diffuse texture only.","photoreal, hyperreal, realistic skin pores, no humans, no faces in armor, no text, no logos, no watermarks, no excess geometry, no PBR maps"
Undead,UD_Units_body_A,Body,A,light/cloth tier,,Bip001 Spine,36×13×40 cm (W×H×D),"A low-poly stylized 3D model: risen undead deathknight chest armor (cuirass / tunic / robe top). light/cloth tier variant A. Materials/feel: bone, tarnished silver, necrotic plate, frayed shroud. Color palette: bone white, sickly violet, tarnished steel. Style: gothic, sinister, cracked and weathered, hand-painted toon shading, clean silhouette, suitable for an RTS unit at ~2m tall. Approximate size: 36 cm wide × 13 cm tall × 40 cm deep. Placement: attaches to the Bip001 Spine bone (covers shoulders down to waist). Single mesh, T-pose neutral, no skeleton, baked diffuse texture only.","photoreal, hyperreal, realistic skin pores, no humans, no faces in armor, no text, no logos, no watermarks, no excess geometry, no PBR maps"
Undead,UD_Units_body_B,Body,B,light/cloth tier,,Bip001 Spine,36×15×40 cm (W×H×D),"A low-poly stylized 3D model: risen undead deathknight chest armor (cuirass / tunic / robe top). light/cloth tier variant B. Materials/feel: bone, tarnished silver, necrotic plate, frayed shroud. Color palette: bone white, sickly violet, tarnished steel. Style: gothic, sinister, cracked and weathered, hand-painted toon shading, clean silhouette, suitable for an RTS unit at ~2m tall. Approximate size: 36 cm wide × 15 cm tall × 40 cm deep. Placement: attaches to the Bip001 Spine bone (covers shoulders down to waist). Single mesh, T-pose neutral, no skeleton, baked diffuse texture only.","photoreal, hyperreal, realistic skin pores, no humans, no faces in armor, no text, no logos, no watermarks, no excess geometry, no PBR maps"
Undead,UD_Units_head_D,Head,D,medium/leather tier,,Bip001 Head,18×13×12 cm (W×H×D),"A low-poly stylized 3D model: risen undead deathknight helmet/head piece. medium/leather tier variant D. Materials/feel: bone, tarnished silver, necrotic plate, frayed shroud. Color palette: bone white, sickly violet, tarnished steel. Style: gothic, sinister, cracked and weathered, hand-painted toon shading, clean silhouette, suitable for an RTS unit at ~2m tall. Approximate size: 18 cm wide × 13 cm tall × 12 cm deep. Placement: attaches to the Bip001 Head bone (rests on the skull, fits over hair). Single mesh, T-pose neutral, no skeleton, baked diffuse texture only.","photoreal, hyperreal, realistic skin pores, no humans, no faces in armor, no text, no logos, no watermarks, no excess geometry, no PBR maps"
Undead,UD_Units_arms_D,Arms,D,medium/leather tier,,Bip001 R Forearm,61×11×17 cm (W×H×D),"A low-poly stylized 3D model: risen undead deathknight arm guards / bracers / sleeves. medium/leather tier variant D. Materials/feel: bone, tarnished silver, necrotic plate, frayed shroud. Color palette: bone white, sickly violet, tarnished steel. Style: gothic, sinister, cracked and weathered, hand-painted toon shading, clean silhouette, suitable for an RTS unit at ~2m tall. Approximate size: 61 cm wide × 11 cm tall × 17 cm deep. Placement: attaches to the Bip001 R Forearm bone (wrist to elbow on both arms). Single mesh, T-pose neutral, no skeleton, baked diffuse texture only.","photoreal, hyperreal, realistic skin pores, no humans, no faces in armor, no text, no logos, no watermarks, no excess geometry, no PBR maps"
Undead,UD_Units_legs_D,Legs,D,medium/leather tier,,Bip001 R Foot,21×16×16 cm (W×H×D),"A low-poly stylized 3D model: risen undead deathknight greaves / leg armor / leggings. medium/leather tier variant D. Materials/feel: bone, tarnished silver, necrotic plate, frayed shroud. Color palette: bone white, sickly violet, tarnished steel. Style: gothic, sinister, cracked and weathered, hand-painted toon shading, clean silhouette, suitable for an RTS unit at ~2m tall. Approximate size: 21 cm wide × 16 cm tall × 16 cm deep. Placement: attaches to the Bip001 R Foot bone (hip to ankle). Single mesh, T-pose neutral, no skeleton, baked diffuse texture only.","photoreal, hyperreal, realistic skin pores, no humans, no faces in armor, no text, no logos, no watermarks, no excess geometry, no PBR maps"
Undead,UD_Units_shoulderpads_B,Shoulders,B,light/cloth tier,,Bip001 R Clavicle,33×18×15 cm (W×H×D),"A low-poly stylized 3D model: risen undead deathknight pauldron / shoulder pad pair. light/cloth tier variant B. Materials/feel: bone, tarnished silver, necrotic plate, frayed shroud. Color palette: bone white, sickly violet, tarnished steel. Style: gothic, sinister, cracked and weathered, hand-painted toon shading, clean silhouette, suitable for an RTS unit at ~2m tall. Approximate size: 33 cm wide × 18 cm tall × 15 cm deep. Placement: attaches to the Bip001 R Clavicle bone (sits on top of the shoulders). Single mesh, T-pose neutral, no skeleton, baked diffuse texture only.","photoreal, hyperreal, realistic skin pores, no humans, no faces in armor, no text, no logos, no watermarks, no excess geometry, no PBR maps"
Undead,UD_Units_head_F,Head,F,heavy/plate tier,,Bip001 Head,9×14×12 cm (W×H×D),"A low-poly stylized 3D model: risen undead deathknight helmet/head piece. heavy/plate tier variant F. Materials/feel: bone, tarnished silver, necrotic plate, frayed shroud. Color palette: bone white, sickly violet, tarnished steel. Style: gothic, sinister, cracked and weathered, hand-painted toon shading, clean silhouette, suitable for an RTS unit at ~2m tall. Approximate size: 9 cm wide × 14 cm tall × 12 cm deep. Placement: attaches to the Bip001 Head bone (rests on the skull, fits over hair). Single mesh, T-pose neutral, no skeleton, baked diffuse texture only.","photoreal, hyperreal, realistic skin pores, no humans, no faces in armor, no text, no logos, no watermarks, no excess geometry, no PBR maps"
Undead,UD_Units_arms_B,Arms,B,light/cloth tier,,Bip001 R Forearm,61×9×16 cm (W×H×D),"A low-poly stylized 3D model: risen undead deathknight arm guards / bracers / sleeves. light/cloth tier variant B. Materials/feel: bone, tarnished silver, necrotic plate, frayed shroud. Color palette: bone white, sickly violet, tarnished steel. Style: gothic, sinister, cracked and weathered, hand-painted toon shading, clean silhouette, suitable for an RTS unit at ~2m tall. Approximate size: 61 cm wide × 9 cm tall × 16 cm deep. Placement: attaches to the Bip001 R Forearm bone (wrist to elbow on both arms). Single mesh, T-pose neutral, no skeleton, baked diffuse texture only.","photoreal, hyperreal, realistic skin pores, no humans, no faces in armor, no text, no logos, no watermarks, no excess geometry, no PBR maps"
Undead,UD_Units_legs_B,Legs,B,light/cloth tier,,Bip001 R Calf,20×16×15 cm (W×H×D),"A low-poly stylized 3D model: risen undead deathknight greaves / leg armor / leggings. light/cloth tier variant B. Materials/feel: bone, tarnished silver, necrotic plate, frayed shroud. Color palette: bone white, sickly violet, tarnished steel. Style: gothic, sinister, cracked and weathered, hand-painted toon shading, clean silhouette, suitable for an RTS unit at ~2m tall. Approximate size: 20 cm wide × 16 cm tall × 15 cm deep. Placement: attaches to the Bip001 R Calf bone (hip to ankle). Single mesh, T-pose neutral, no skeleton, baked diffuse texture only.","photoreal, hyperreal, realistic skin pores, no humans, no faces in armor, no text, no logos, no watermarks, no excess geometry, no PBR maps"
Undead,UD_Units_head_L,Head,L,heavy/plate tier,,Bip001 Head,8×15×20 cm (W×H×D),"A low-poly stylized 3D model: risen undead deathknight helmet/head piece. heavy/plate tier variant L. Materials/feel: bone, tarnished silver, necrotic plate, frayed shroud. Color palette: bone white, sickly violet, tarnished steel. Style: gothic, sinister, cracked and weathered, hand-painted toon shading, clean silhouette, suitable for an RTS unit at ~2m tall. Approximate size: 8 cm wide × 15 cm tall × 20 cm deep. Placement: attaches to the Bip001 Head bone (rests on the skull, fits over hair). Single mesh, T-pose neutral, no skeleton, baked diffuse texture only.","photoreal, hyperreal, realistic skin pores, no humans, no faces in armor, no text, no logos, no watermarks, no excess geometry, no PBR maps"
Undead,UD_Units_arms_E,Arms,E,medium/leather tier,,Bip001 R Forearm,61×9×15 cm (W×H×D),"A low-poly stylized 3D model: risen undead deathknight arm guards / bracers / sleeves. medium/leather tier variant E. Materials/feel: bone, tarnished silver, necrotic plate, frayed shroud. Color palette: bone white, sickly violet, tarnished steel. Style: gothic, sinister, cracked and weathered, hand-painted toon shading, clean silhouette, suitable for an RTS unit at ~2m tall. Approximate size: 61 cm wide × 9 cm tall × 15 cm deep. Placement: attaches to the Bip001 R Forearm bone (wrist to elbow on both arms). Single mesh, T-pose neutral, no skeleton, baked diffuse texture only.","photoreal, hyperreal, realistic skin pores, no humans, no faces in armor, no text, no logos, no watermarks, no excess geometry, no PBR maps"
Undead,UD_Units_arms_C,Arms,C,medium/leather tier,,Bip001 R Hand,61×9×16 cm (W×H×D),"A low-poly stylized 3D model: risen undead deathknight arm guards / bracers / sleeves. medium/leather tier variant C. Materials/feel: bone, tarnished silver, necrotic plate, frayed shroud. Color palette: bone white, sickly violet, tarnished steel. Style: gothic, sinister, cracked and weathered, hand-painted toon shading, clean silhouette, suitable for an RTS unit at ~2m tall. Approximate size: 61 cm wide × 9 cm tall × 16 cm deep. Placement: attaches to the Bip001 R Hand bone (wrist to elbow on both arms). Single mesh, T-pose neutral, no skeleton, baked diffuse texture only.","photoreal, hyperreal, realistic skin pores, no humans, no faces in armor, no text, no logos, no watermarks, no excess geometry, no PBR maps"
Undead,UD_Units_legs_C,Legs,C,medium/leather tier,,Bip001 R Calf,20×14×15 cm (W×H×D),"A low-poly stylized 3D model: risen undead deathknight greaves / leg armor / leggings. medium/leather tier variant C. Materials/feel: bone, tarnished silver, necrotic plate, frayed shroud. Color palette: bone white, sickly violet, tarnished steel. Style: gothic, sinister, cracked and weathered, hand-painted toon shading, clean silhouette, suitable for an RTS unit at ~2m tall. Approximate size: 20 cm wide × 14 cm tall × 15 cm deep. Placement: attaches to the Bip001 R Calf bone (hip to ankle). Single mesh, T-pose neutral, no skeleton, baked diffuse texture only.","photoreal, hyperreal, realistic skin pores, no humans, no faces in armor, no text, no logos, no watermarks, no excess geometry, no PBR maps"
Undead,UD_Units_arms_A,Arms,A,light/cloth tier,,Bip001 R Forearm,61×8×16 cm (W×H×D),"A low-poly stylized 3D model: risen undead deathknight arm guards / bracers / sleeves. light/cloth tier variant A. Materials/feel: bone, tarnished silver, necrotic plate, frayed shroud. Color palette: bone white, sickly violet, tarnished steel. Style: gothic, sinister, cracked and weathered, hand-painted toon shading, clean silhouette, suitable for an RTS unit at ~2m tall. Approximate size: 61 cm wide × 8 cm tall × 16 cm deep. Placement: attaches to the Bip001 R Forearm bone (wrist to elbow on both arms). Single mesh, T-pose neutral, no skeleton, baked diffuse texture only.","photoreal, hyperreal, realistic skin pores, no humans, no faces in armor, no text, no logos, no watermarks, no excess geometry, no PBR maps"
Undead,UD_Units_legs_A,Legs,A,light/cloth tier,,Bip001 R Calf,21×15×15 cm (W×H×D),"A low-poly stylized 3D model: risen undead deathknight greaves / leg armor / leggings. light/cloth tier variant A. Materials/feel: bone, tarnished silver, necrotic plate, frayed shroud. Color palette: bone white, sickly violet, tarnished steel. Style: gothic, sinister, cracked and weathered, hand-painted toon shading, clean silhouette, suitable for an RTS unit at ~2m tall. Approximate size: 21 cm wide × 15 cm tall × 15 cm deep. Placement: attaches to the Bip001 R Calf bone (hip to ankle). Single mesh, T-pose neutral, no skeleton, baked diffuse texture only.","photoreal, hyperreal, realistic skin pores, no humans, no faces in armor, no text, no logos, no watermarks, no excess geometry, no PBR maps"
Undead,UD_Units_head_A,Head,A,light/cloth tier,,Bip001 Head,8×11×11 cm (W×H×D),"A low-poly stylized 3D model: risen undead deathknight helmet/head piece. light/cloth tier variant A. Materials/feel: bone, tarnished silver, necrotic plate, frayed shroud. Color palette: bone white, sickly violet, tarnished steel. Style: gothic, sinister, cracked and weathered, hand-painted toon shading, clean silhouette, suitable for an RTS unit at ~2m tall. Approximate size: 8 cm wide × 11 cm tall × 11 cm deep. Placement: attaches to the Bip001 Head bone (rests on the skull, fits over hair). Single mesh, T-pose neutral, no skeleton, baked diffuse texture only.","photoreal, hyperreal, realistic skin pores, no humans, no faces in armor, no text, no logos, no watermarks, no excess geometry, no PBR maps"
Undead,UD_Units_head_B,Head,B,light/cloth tier,,Bip001 Head,8×12×12 cm (W×H×D),"A low-poly stylized 3D model: risen undead deathknight helmet/head piece. light/cloth tier variant B. Materials/feel: bone, tarnished silver, necrotic plate, frayed shroud. Color palette: bone white, sickly violet, tarnished steel. Style: gothic, sinister, cracked and weathered, hand-painted toon shading, clean silhouette, suitable for an RTS unit at ~2m tall. Approximate size: 8 cm wide × 12 cm tall × 12 cm deep. Placement: attaches to the Bip001 Head bone (rests on the skull, fits over hair). Single mesh, T-pose neutral, no skeleton, baked diffuse texture only.","photoreal, hyperreal, realistic skin pores, no humans, no faces in armor, no text, no logos, no watermarks, no excess geometry, no PBR maps"
Undead,UD_Units_head_H,Head,H,heavy/plate tier,,Bip001 Head,7×10×10 cm (W×H×D),"A low-poly stylized 3D model: risen undead deathknight helmet/head piece. heavy/plate tier variant H. Materials/feel: bone, tarnished silver, necrotic plate, frayed shroud. Color palette: bone white, sickly violet, tarnished steel. Style: gothic, sinister, cracked and weathered, hand-painted toon shading, clean silhouette, suitable for an RTS unit at ~2m tall. Approximate size: 7 cm wide × 10 cm tall × 10 cm deep. Placement: attaches to the Bip001 Head bone (rests on the skull, fits over hair). Single mesh, T-pose neutral, no skeleton, baked diffuse texture only.","photoreal, hyperreal, realistic skin pores, no humans, no faces in armor, no text, no logos, no watermarks, no excess geometry, no PBR maps"
Undead,UD_Units_head_I,Head,I,heavy/plate tier,,Bip001 Head,8×12×13 cm (W×H×D),"A low-poly stylized 3D model: risen undead deathknight helmet/head piece. heavy/plate tier variant I. Materials/feel: bone, tarnished silver, necrotic plate, frayed shroud. Color palette: bone white, sickly violet, tarnished steel. Style: gothic, sinister, cracked and weathered, hand-painted toon shading, clean silhouette, suitable for an RTS unit at ~2m tall. Approximate size: 8 cm wide × 12 cm tall × 13 cm deep. Placement: attaches to the Bip001 Head bone (rests on the skull, fits over hair). Single mesh, T-pose neutral, no skeleton, baked diffuse texture only.","photoreal, hyperreal, realistic skin pores, no humans, no faces in armor, no text, no logos, no watermarks, no excess geometry, no PBR maps"
Undead,UD_Units_head_K,Head,K,heavy/plate tier,,Bip001 Head,10×13×13 cm (W×H×D),"A low-poly stylized 3D model: risen undead deathknight helmet/head piece. heavy/plate tier variant K. Materials/feel: bone, tarnished silver, necrotic plate, frayed shroud. Color palette: bone white, sickly violet, tarnished steel. Style: gothic, sinister, cracked and weathered, hand-painted toon shading, clean silhouette, suitable for an RTS unit at ~2m tall. Approximate size: 10 cm wide × 13 cm tall × 13 cm deep. Placement: attaches to the Bip001 Head bone (rests on the skull, fits over hair). Single mesh, T-pose neutral, no skeleton, baked diffuse texture only.","photoreal, hyperreal, realistic skin pores, no humans, no faces in armor, no text, no logos, no watermarks, no excess geometry, no PBR maps"
Undead,UD_Units_head_C,Head,C,medium/leather tier,,Bip001 Head,8×13×13 cm (W×H×D),"A low-poly stylized 3D model: risen undead deathknight helmet/head piece. medium/leather tier variant C. Materials/feel: bone, tarnished silver, necrotic plate, frayed shroud. Color palette: bone white, sickly violet, tarnished steel. Style: gothic, sinister, cracked and weathered, hand-painted toon shading, clean silhouette, suitable for an RTS unit at ~2m tall. Approximate size: 8 cm wide × 13 cm tall × 13 cm deep. Placement: attaches to the Bip001 Head bone (rests on the skull, fits over hair). Single mesh, T-pose neutral, no skeleton, baked diffuse texture only.","photoreal, hyperreal, realistic skin pores, no humans, no faces in armor, no text, no logos, no watermarks, no excess geometry, no PBR maps"
Undead,UD_Units_head_E,Head,E,medium/leather tier,,Bip001 Head,21×15×17 cm (W×H×D),"A low-poly stylized 3D model: risen undead deathknight helmet/head piece. medium/leather tier variant E. Materials/feel: bone, tarnished silver, necrotic plate, frayed shroud. Color palette: bone white, sickly violet, tarnished steel. Style: gothic, sinister, cracked and weathered, hand-painted toon shading, clean silhouette, suitable for an RTS unit at ~2m tall. Approximate size: 21 cm wide × 15 cm tall × 17 cm deep. Placement: attaches to the Bip001 Head bone (rests on the skull, fits over hair). Single mesh, T-pose neutral, no skeleton, baked diffuse texture only.","photoreal, hyperreal, realistic skin pores, no humans, no faces in armor, no text, no logos, no watermarks, no excess geometry, no PBR maps"
Undead,UD_Units_body_E,Body,E,medium/leather tier,,Bip001 Pelvis,39×13×43 cm (W×H×D),"A low-poly stylized 3D model: risen undead deathknight chest armor (cuirass / tunic / robe top). medium/leather tier variant E. Materials/feel: bone, tarnished silver, necrotic plate, frayed shroud. Color palette: bone white, sickly violet, tarnished steel. Style: gothic, sinister, cracked and weathered, hand-painted toon shading, clean silhouette, suitable for an RTS unit at ~2m tall. Approximate size: 39 cm wide × 13 cm tall × 43 cm deep. Placement: attaches to the Bip001 Pelvis bone (covers shoulders down to waist). Single mesh, T-pose neutral, no skeleton, baked diffuse texture only.","photoreal, hyperreal, realistic skin pores, no humans, no faces in armor, no text, no logos, no watermarks, no excess geometry, no PBR maps"
Undead,UD_Units_head_G,Head,G,heavy/plate tier,,Bip001 Head,9×14×13 cm (W×H×D),"A low-poly stylized 3D model: risen undead deathknight helmet/head piece. heavy/plate tier variant G. Materials/feel: bone, tarnished silver, necrotic plate, frayed shroud. Color palette: bone white, sickly violet, tarnished steel. Style: gothic, sinister, cracked and weathered, hand-painted toon shading, clean silhouette, suitable for an RTS unit at ~2m tall. Approximate size: 9 cm wide × 14 cm tall × 13 cm deep. Placement: attaches to the Bip001 Head bone (rests on the skull, fits over hair). Single mesh, T-pose neutral, no skeleton, baked diffuse texture only.","photoreal, hyperreal, realistic skin pores, no humans, no faces in armor, no text, no logos, no watermarks, no excess geometry, no PBR maps"
Undead,UD_Units_head_M,Head,M,heavy/plate tier,,Bip001 Head,21×15×24 cm (W×H×D),"A low-poly stylized 3D model: risen undead deathknight helmet/head piece. heavy/plate tier variant M. Materials/feel: bone, tarnished silver, necrotic plate, frayed shroud. Color palette: bone white, sickly violet, tarnished steel. Style: gothic, sinister, cracked and weathered, hand-painted toon shading, clean silhouette, suitable for an RTS unit at ~2m tall. Approximate size: 21 cm wide × 15 cm tall × 24 cm deep. Placement: attaches to the Bip001 Head bone (rests on the skull, fits over hair). Single mesh, T-pose neutral, no skeleton, baked diffuse texture only.","photoreal, hyperreal, realistic skin pores, no humans, no faces in armor, no text, no logos, no watermarks, no excess geometry, no PBR maps"
Undead,UD_Units_head_J,Head,J,heavy/plate tier,,Bip001 Head,9×14×12 cm (W×H×D),"A low-poly stylized 3D model: risen undead deathknight helmet/head piece. heavy/plate tier variant J. Materials/feel: bone, tarnished silver, necrotic plate, frayed shroud. Color palette: bone white, sickly violet, tarnished steel. Style: gothic, sinister, cracked and weathered, hand-painted toon shading, clean silhouette, suitable for an RTS unit at ~2m tall. Approximate size: 9 cm wide × 14 cm tall × 12 cm deep. Placement: attaches to the Bip001 Head bone (rests on the skull, fits over hair). Single mesh, T-pose neutral, no skeleton, baked diffuse texture only.","photoreal, hyperreal, realistic skin pores, no humans, no faces in armor, no text, no logos, no watermarks, no excess geometry, no PBR maps"
Undead,UD_Units_shoulderpads_C,Shoulders,C,medium/leather tier,,Bip001 R Clavicle,31×15×10 cm (W×H×D),"A low-poly stylized 3D model: risen undead deathknight pauldron / shoulder pad pair. medium/leather tier variant C. Materials/feel: bone, tarnished silver, necrotic plate, frayed shroud. Color palette: bone white, sickly violet, tarnished steel. Style: gothic, sinister, cracked and weathered, hand-painted toon shading, clean silhouette, suitable for an RTS unit at ~2m tall. Approximate size: 31 cm wide × 15 cm tall × 10 cm deep. Placement: attaches to the Bip001 R Clavicle bone (sits on top of the shoulders). Single mesh, T-pose neutral, no skeleton, baked diffuse texture only.","photoreal, hyperreal, realistic skin pores, no humans, no faces in armor, no text, no logos, no watermarks, no excess geometry, no PBR maps"
Undead,UD_Shield_C,Shield,C,medium/leather tier,left,,9×39×27 cm (W×H×D),"A low-poly stylized 3D model: risen undead deathknight kite/round shield. medium/leather tier variant C. Materials/feel: bone, tarnished silver, necrotic plate, frayed shroud. Color palette: bone white, sickly violet, tarnished steel. Style: gothic, sinister, cracked and weathered, hand-painted toon shading, clean silhouette, suitable for an RTS unit at ~2m tall. Approximate size: 9 cm wide × 39 cm tall × 27 cm deep. Placement: left forearm strap. Single mesh, T-pose neutral, no skeleton, baked diffuse texture only.","photoreal, hyperreal, realistic skin pores, no humans, no faces in armor, no text, no logos, no watermarks, no excess geometry, no PBR maps"
Undead,UD_weapon_Spear,Spear,,,right,,77×3×7 cm (W×H×D),"A low-poly stylized 3D model: risen undead deathknight long spear. Materials/feel: bone, tarnished silver, necrotic plate, frayed shroud. Color palette: bone white, sickly violet, tarnished steel. Style: gothic, sinister, cracked and weathered, hand-painted toon shading, clean silhouette, suitable for an RTS unit at ~2m tall. Approximate size: 77 cm wide × 3 cm tall × 7 cm deep. Placement: right hand grip, vertical. Single mesh, T-pose neutral, no skeleton, baked diffuse texture only.","photoreal, hyperreal, realistic skin pores, no humans, no faces in armor, no text, no logos, no watermarks, no excess geometry, no PBR maps"
Undead,UD_weapon_Sword_C,Sword,C,medium/leather tier,right,,57×3×17 cm (W×H×D),"A low-poly stylized 3D model: risen undead deathknight one-handed sword. medium/leather tier variant C. Materials/feel: bone, tarnished silver, necrotic plate, frayed shroud. Color palette: bone white, sickly violet, tarnished steel. Style: gothic, sinister, cracked and weathered, hand-painted toon shading, clean silhouette, suitable for an RTS unit at ~2m tall. Approximate size: 57 cm wide × 3 cm tall × 17 cm deep. Placement: right hand grip, blade pointing up. Single mesh, T-pose neutral, no skeleton, baked diffuse texture only.","photoreal, hyperreal, realistic skin pores, no humans, no faces in armor, no text, no logos, no watermarks, no excess geometry, no PBR maps"
Undead,UD_weapon_staff_B,Staff,B,light/cloth tier,right,,76×8×15 cm (W×H×D),"A low-poly stylized 3D model: risen undead deathknight magic staff with crystal/orb finial. light/cloth tier variant B. Materials/feel: bone, tarnished silver, necrotic plate, frayed shroud. Color palette: bone white, sickly violet, tarnished steel. Style: gothic, sinister, cracked and weathered, hand-painted toon shading, clean silhouette, suitable for an RTS unit at ~2m tall. Approximate size: 76 cm wide × 8 cm tall × 15 cm deep. Placement: right hand, vertical. Single mesh, T-pose neutral, no skeleton, baked diffuse texture only.","photoreal, hyperreal, realistic skin pores, no humans, no faces in armor, no text, no logos, no watermarks, no excess geometry, no PBR maps"
Human,WK_Catapult_rock,Projectile,,,,,20×22×18 cm (W×H×D),"A low-poly stylized 3D model: western-kingdoms knight projectile item. Materials/feel: polished plate steel, royal cloth, gold trim, leather straps. Color palette: royal blue, gold, white tabard. Style: heroic, clean heraldic, paladin, hand-painted toon shading, clean silhouette, suitable for an RTS unit at ~2m tall. Approximate size: 20 cm wide × 22 cm tall × 18 cm deep. Placement: standard rig slot. Single mesh, T-pose neutral, no skeleton, baked diffuse texture only.","photoreal, hyperreal, realistic skin pores, no humans, no faces in armor, no text, no logos, no watermarks, no excess geometry, no PBR maps"
Human,WK_Catapult,Engine,,,,Bone_body_A,74×115×65 cm (W×H×D),"A low-poly stylized 3D model: western-kingdoms knight siege engine (full assembly). Materials/feel: polished plate steel, royal cloth, gold trim, leather straps. Color palette: royal blue, gold, white tabard. Style: heroic, clean heraldic, paladin, hand-painted toon shading, clean silhouette, suitable for an RTS unit at ~2m tall. Approximate size: 74 cm wide × 115 cm tall × 65 cm deep. Placement: attaches to the Bone_body_A bone (ground anchor). Single mesh, T-pose neutral, no skeleton, baked diffuse texture only.","photoreal, hyperreal, realistic skin pores, no humans, no faces in armor, no text, no logos, no watermarks, no excess geometry, no PBR maps"
Human,WK_Horse,Creature,,,,Bip001 Head,26×86×67 cm (W×H×D),"A low-poly stylized 3D model: western-kingdoms knight mount creature (full body). Materials/feel: polished plate steel, royal cloth, gold trim, leather straps. Color palette: royal blue, gold, white tabard. Style: heroic, clean heraldic, paladin, hand-painted toon shading, clean silhouette, suitable for an RTS unit at ~2m tall. Approximate size: 26 cm wide × 86 cm tall × 67 cm deep. Placement: attaches to the Bip001 Head bone (ground anchor). Single mesh, T-pose neutral, no skeleton, baked diffuse texture only.","photoreal, hyperreal, realistic skin pores, no humans, no faces in armor, no text, no logos, no watermarks, no excess geometry, no PBR maps"
Human,WK_weapon_staff_A,Staff,A,light/cloth tier,right,,70×6×7 cm (W×H×D),"A low-poly stylized 3D model: western-kingdoms knight magic staff with crystal/orb finial. light/cloth tier variant A. Materials/feel: polished plate steel, royal cloth, gold trim, leather straps. Color palette: royal blue, gold, white tabard. Style: heroic, clean heraldic, paladin, hand-painted toon shading, clean silhouette, suitable for an RTS unit at ~2m tall. Approximate size: 70 cm wide × 6 cm tall × 7 cm deep. Placement: right hand, vertical. Single mesh, T-pose neutral, no skeleton, baked diffuse texture only.","photoreal, hyperreal, realistic skin pores, no humans, no faces in armor, no text, no logos, no watermarks, no excess geometry, no PBR maps"
Human,WK_weapon_staff_B,Staff,B,light/cloth tier,right,,75×15×8 cm (W×H×D),"A low-poly stylized 3D model: western-kingdoms knight magic staff with crystal/orb finial. light/cloth tier variant B. Materials/feel: polished plate steel, royal cloth, gold trim, leather straps. Color palette: royal blue, gold, white tabard. Style: heroic, clean heraldic, paladin, hand-painted toon shading, clean silhouette, suitable for an RTS unit at ~2m tall. Approximate size: 75 cm wide × 15 cm tall × 8 cm deep. Placement: right hand, vertical. Single mesh, T-pose neutral, no skeleton, baked diffuse texture only.","photoreal, hyperreal, realistic skin pores, no humans, no faces in armor, no text, no logos, no watermarks, no excess geometry, no PBR maps"
Human,WK_weapon_staff_C,Staff,C,medium/leather tier,right,,74×10×9 cm (W×H×D),"A low-poly stylized 3D model: western-kingdoms knight magic staff with crystal/orb finial. medium/leather tier variant C. Materials/feel: polished plate steel, royal cloth, gold trim, leather straps. Color palette: royal blue, gold, white tabard. Style: heroic, clean heraldic, paladin, hand-painted toon shading, clean silhouette, suitable for an RTS unit at ~2m tall. Approximate size: 74 cm wide × 10 cm tall × 9 cm deep. Placement: right hand, vertical. Single mesh, T-pose neutral, no skeleton, baked diffuse texture only.","photoreal, hyperreal, realistic skin pores, no humans, no faces in armor, no text, no logos, no watermarks, no excess geometry, no PBR maps"
Human,WK_weapon_Bow,Bow,,,left,,60×3×12 cm (W×H×D),"A low-poly stylized 3D model: western-kingdoms knight recurve bow. Materials/feel: polished plate steel, royal cloth, gold trim, leather straps. Color palette: royal blue, gold, white tabard. Style: heroic, clean heraldic, paladin, hand-painted toon shading, clean silhouette, suitable for an RTS unit at ~2m tall. Approximate size: 60 cm wide × 3 cm tall × 12 cm deep. Placement: left hand grip. Single mesh, T-pose neutral, no skeleton, baked diffuse texture only.","photoreal, hyperreal, realistic skin pores, no humans, no faces in armor, no text, no logos, no watermarks, no excess geometry, no PBR maps"
Human,WK_Shield_A,Shield,A,light/cloth tier,left,,6×21×21 cm (W×H×D),"A low-poly stylized 3D model: western-kingdoms knight kite/round shield. light/cloth tier variant A. Materials/feel: polished plate steel, royal cloth, gold trim, leather straps. Color palette: royal blue, gold, white tabard. Style: heroic, clean heraldic, paladin, hand-painted toon shading, clean silhouette, suitable for an RTS unit at ~2m tall. Approximate size: 6 cm wide × 21 cm tall × 21 cm deep. Placement: left forearm strap. Single mesh, T-pose neutral, no skeleton, baked diffuse texture only.","photoreal, hyperreal, realistic skin pores, no humans, no faces in armor, no text, no logos, no watermarks, no excess geometry, no PBR maps"
Human,WK_Shield_C,Shield,C,medium/leather tier,left,,4×33×19 cm (W×H×D),"A low-poly stylized 3D model: western-kingdoms knight kite/round shield. medium/leather tier variant C. Materials/feel: polished plate steel, royal cloth, gold trim, leather straps. Color palette: royal blue, gold, white tabard. Style: heroic, clean heraldic, paladin, hand-painted toon shading, clean silhouette, suitable for an RTS unit at ~2m tall. Approximate size: 4 cm wide × 33 cm tall × 19 cm deep. Placement: left forearm strap. Single mesh, T-pose neutral, no skeleton, baked diffuse texture only.","photoreal, hyperreal, realistic skin pores, no humans, no faces in armor, no text, no logos, no watermarks, no excess geometry, no PBR maps"
Human,WK_Shield_B,Shield,B,light/cloth tier,left,,5×34×21 cm (W×H×D),"A low-poly stylized 3D model: western-kingdoms knight kite/round shield. light/cloth tier variant B. Materials/feel: polished plate steel, royal cloth, gold trim, leather straps. Color palette: royal blue, gold, white tabard. Style: heroic, clean heraldic, paladin, hand-painted toon shading, clean silhouette, suitable for an RTS unit at ~2m tall. Approximate size: 5 cm wide × 34 cm tall × 21 cm deep. Placement: left forearm strap. Single mesh, T-pose neutral, no skeleton, baked diffuse texture only.","photoreal, hyperreal, realistic skin pores, no humans, no faces in armor, no text, no logos, no watermarks, no excess geometry, no PBR maps"
Human,WK_Shield_D,Shield,D,medium/leather tier,left,,7×41×25 cm (W×H×D),"A low-poly stylized 3D model: western-kingdoms knight kite/round shield. medium/leather tier variant D. Materials/feel: polished plate steel, royal cloth, gold trim, leather straps. Color palette: royal blue, gold, white tabard. Style: heroic, clean heraldic, paladin, hand-painted toon shading, clean silhouette, suitable for an RTS unit at ~2m tall. Approximate size: 7 cm wide × 41 cm tall × 25 cm deep. Placement: left forearm strap. Single mesh, T-pose neutral, no skeleton, baked diffuse texture only.","photoreal, hyperreal, realistic skin pores, no humans, no faces in armor, no text, no logos, no watermarks, no excess geometry, no PBR maps"
Human,WK_weapon_spear,Spear,,,right,,77×3×7 cm (W×H×D),"A low-poly stylized 3D model: western-kingdoms knight long spear. Materials/feel: polished plate steel, royal cloth, gold trim, leather straps. Color palette: royal blue, gold, white tabard. Style: heroic, clean heraldic, paladin, hand-painted toon shading, clean silhouette, suitable for an RTS unit at ~2m tall. Approximate size: 77 cm wide × 3 cm tall × 7 cm deep. Placement: right hand grip, vertical. Single mesh, T-pose neutral, no skeleton, baked diffuse texture only.","photoreal, hyperreal, realistic skin pores, no humans, no faces in armor, no text, no logos, no watermarks, no excess geometry, no PBR maps"
Human,WK_weapon_sword_A,Sword,A,light/cloth tier,right,,43×3×10 cm (W×H×D),"A low-poly stylized 3D model: western-kingdoms knight one-handed sword. light/cloth tier variant A. Materials/feel: polished plate steel, royal cloth, gold trim, leather straps. Color palette: royal blue, gold, white tabard. Style: heroic, clean heraldic, paladin, hand-painted toon shading, clean silhouette, suitable for an RTS unit at ~2m tall. Approximate size: 43 cm wide × 3 cm tall × 10 cm deep. Placement: right hand grip, blade pointing up. Single mesh, T-pose neutral, no skeleton, baked diffuse texture only.","photoreal, hyperreal, realistic skin pores, no humans, no faces in armor, no text, no logos, no watermarks, no excess geometry, no PBR maps"
Human,WK_weapon_hammer_B,Hammer,B,light/cloth tier,right,,41×6×14 cm (W×H×D),"A low-poly stylized 3D model: western-kingdoms knight two-handed war hammer. light/cloth tier variant B. Materials/feel: polished plate steel, royal cloth, gold trim, leather straps. Color palette: royal blue, gold, white tabard. Style: heroic, clean heraldic, paladin, hand-painted toon shading, clean silhouette, suitable for an RTS unit at ~2m tall. Approximate size: 41 cm wide × 6 cm tall × 14 cm deep. Placement: right hand grip. Single mesh, T-pose neutral, no skeleton, baked diffuse texture only.","photoreal, hyperreal, realistic skin pores, no humans, no faces in armor, no text, no logos, no watermarks, no excess geometry, no PBR maps"
Human,WK_weapon_pick,Pick,,,right,,31×5×27 cm (W×H×D),"A low-poly stylized 3D model: western-kingdoms knight mining pick / pickaxe. Materials/feel: polished plate steel, royal cloth, gold trim, leather straps. Color palette: royal blue, gold, white tabard. Style: heroic, clean heraldic, paladin, hand-painted toon shading, clean silhouette, suitable for an RTS unit at ~2m tall. Approximate size: 31 cm wide × 5 cm tall × 27 cm deep. Placement: right hand grip. Single mesh, T-pose neutral, no skeleton, baked diffuse texture only.","photoreal, hyperreal, realistic skin pores, no humans, no faces in armor, no text, no logos, no watermarks, no excess geometry, no PBR maps"
Human,WK_weapon_sword_B,Sword,B,light/cloth tier,right,,46×4×12 cm (W×H×D),"A low-poly stylized 3D model: western-kingdoms knight one-handed sword. light/cloth tier variant B. Materials/feel: polished plate steel, royal cloth, gold trim, leather straps. Color palette: royal blue, gold, white tabard. Style: heroic, clean heraldic, paladin, hand-painted toon shading, clean silhouette, suitable for an RTS unit at ~2m tall. Approximate size: 46 cm wide × 4 cm tall × 12 cm deep. Placement: right hand grip, blade pointing up. Single mesh, T-pose neutral, no skeleton, baked diffuse texture only.","photoreal, hyperreal, realistic skin pores, no humans, no faces in armor, no text, no logos, no watermarks, no excess geometry, no PBR maps"
Human,WK_weapon_axe_B,Axe,B,light/cloth tier,right,,43×5×19 cm (W×H×D),"A low-poly stylized 3D model: western-kingdoms knight one-handed war axe. light/cloth tier variant B. Materials/feel: polished plate steel, royal cloth, gold trim, leather straps. Color palette: royal blue, gold, white tabard. Style: heroic, clean heraldic, paladin, hand-painted toon shading, clean silhouette, suitable for an RTS unit at ~2m tall. Approximate size: 43 cm wide × 5 cm tall × 19 cm deep. Placement: right hand grip. Single mesh, T-pose neutral, no skeleton, baked diffuse texture only.","photoreal, hyperreal, realistic skin pores, no humans, no faces in armor, no text, no logos, no watermarks, no excess geometry, no PBR maps"
Human,WK_weapon_lance,Lance,,,right,,101×9×11 cm (W×H×D),"A low-poly stylized 3D model: western-kingdoms knight cavalry lance. Materials/feel: polished plate steel, royal cloth, gold trim, leather straps. Color palette: royal blue, gold, white tabard. Style: heroic, clean heraldic, paladin, hand-painted toon shading, clean silhouette, suitable for an RTS unit at ~2m tall. Approximate size: 101 cm wide × 9 cm tall × 11 cm deep. Placement: couched under right arm. Single mesh, T-pose neutral, no skeleton, baked diffuse texture only.","photoreal, hyperreal, realistic skin pores, no humans, no faces in armor, no text, no logos, no watermarks, no excess geometry, no PBR maps"
Human,WK_weapon_hammer_A,Hammer,A,light/cloth tier,right,,28×4×12 cm (W×H×D),"A low-poly stylized 3D model: western-kingdoms knight two-handed war hammer. light/cloth tier variant A. Materials/feel: polished plate steel, royal cloth, gold trim, leather straps. Color palette: royal blue, gold, white tabard. Style: heroic, clean heraldic, paladin, hand-painted toon shading, clean silhouette, suitable for an RTS unit at ~2m tall. Approximate size: 28 cm wide × 4 cm tall × 12 cm deep. Placement: right hand grip. Single mesh, T-pose neutral, no skeleton, baked diffuse texture only.","photoreal, hyperreal, realistic skin pores, no humans, no faces in armor, no text, no logos, no watermarks, no excess geometry, no PBR maps"
Human,WK_weapon_axe_A,Axe,A,light/cloth tier,right,,35×3×14 cm (W×H×D),"A low-poly stylized 3D model: western-kingdoms knight one-handed war axe. light/cloth tier variant A. Materials/feel: polished plate steel, royal cloth, gold trim, leather straps. Color palette: royal blue, gold, white tabard. Style: heroic, clean heraldic, paladin, hand-painted toon shading, clean silhouette, suitable for an RTS unit at ~2m tall. Approximate size: 35 cm wide × 3 cm tall × 14 cm deep. Placement: right hand grip. Single mesh, T-pose neutral, no skeleton, baked diffuse texture only.","photoreal, hyperreal, realistic skin pores, no humans, no faces in armor, no text, no logos, no watermarks, no excess geometry, no PBR maps"
Human,WK_Xtra_quiver,Quiver,,,,,11×9×37 cm (W×H×D),"A low-poly stylized 3D model: western-kingdoms knight arrow quiver. Materials/feel: polished plate steel, royal cloth, gold trim, leather straps. Color palette: royal blue, gold, white tabard. Style: heroic, clean heraldic, paladin, hand-painted toon shading, clean silhouette, suitable for an RTS unit at ~2m tall. Approximate size: 11 cm wide × 9 cm tall × 37 cm deep. Placement: strapped to back, over shoulder. Single mesh, T-pose neutral, no skeleton, baked diffuse texture only.","photoreal, hyperreal, realistic skin pores, no humans, no faces in armor, no text, no logos, no watermarks, no excess geometry, no PBR maps"
Human,WK_Units_Body_A,Body,A,light/cloth tier,,Bip001 Spine001,43×14×41 cm (W×H×D),"A low-poly stylized 3D model: western-kingdoms knight chest armor (cuirass / tunic / robe top). light/cloth tier variant A. Materials/feel: polished plate steel, royal cloth, gold trim, leather straps. Color palette: royal blue, gold, white tabard. Style: heroic, clean heraldic, paladin, hand-painted toon shading, clean silhouette, suitable for an RTS unit at ~2m tall. Approximate size: 43 cm wide × 14 cm tall × 41 cm deep. Placement: attaches to the Bip001 Spine001 bone (covers shoulders down to waist). Single mesh, T-pose neutral, no skeleton, baked diffuse texture only.","photoreal, hyperreal, realistic skin pores, no humans, no faces in armor, no text, no logos, no watermarks, no excess geometry, no PBR maps"
Human,WK_Units_Body_B,Body,B,light/cloth tier,,Bip001 Spine001,43×14×42 cm (W×H×D),"A low-poly stylized 3D model: western-kingdoms knight chest armor (cuirass / tunic / robe top). light/cloth tier variant B. Materials/feel: polished plate steel, royal cloth, gold trim, leather straps. Color palette: royal blue, gold, white tabard. Style: heroic, clean heraldic, paladin, hand-painted toon shading, clean silhouette, suitable for an RTS unit at ~2m tall. Approximate size: 43 cm wide × 14 cm tall × 42 cm deep. Placement: attaches to the Bip001 Spine001 bone (covers shoulders down to waist). Single mesh, T-pose neutral, no skeleton, baked diffuse texture only.","photoreal, hyperreal, realistic skin pores, no humans, no faces in armor, no text, no logos, no watermarks, no excess geometry, no PBR maps"
Human,WK_Units_Body_D,Body,D,medium/leather tier,,Bip001 Spine001,43×16×41 cm (W×H×D),"A low-poly stylized 3D model: western-kingdoms knight chest armor (cuirass / tunic / robe top). medium/leather tier variant D. Materials/feel: polished plate steel, royal cloth, gold trim, leather straps. Color palette: royal blue, gold, white tabard. Style: heroic, clean heraldic, paladin, hand-painted toon shading, clean silhouette, suitable for an RTS unit at ~2m tall. Approximate size: 43 cm wide × 16 cm tall × 41 cm deep. Placement: attaches to the Bip001 Spine001 bone (covers shoulders down to waist). Single mesh, T-pose neutral, no skeleton, baked diffuse texture only.","photoreal, hyperreal, realistic skin pores, no humans, no faces in armor, no text, no logos, no watermarks, no excess geometry, no PBR maps"
Human,WK_Units_Body_C,Body,C,medium/leather tier,,Bip001 Spine001,43×14×42 cm (W×H×D),"A low-poly stylized 3D model: western-kingdoms knight chest armor (cuirass / tunic / robe top). medium/leather tier variant C. Materials/feel: polished plate steel, royal cloth, gold trim, leather straps. Color palette: royal blue, gold, white tabard. Style: heroic, clean heraldic, paladin, hand-painted toon shading, clean silhouette, suitable for an RTS unit at ~2m tall. Approximate size: 43 cm wide × 14 cm tall × 42 cm deep. Placement: attaches to the Bip001 Spine001 bone (covers shoulders down to waist). Single mesh, T-pose neutral, no skeleton, baked diffuse texture only.","photoreal, hyperreal, realistic skin pores, no humans, no faces in armor, no text, no logos, no watermarks, no excess geometry, no PBR maps"
Human,WK_Units_shoulderpads_A,Shoulders,A,light/cloth tier,,Bip001 R Clavicle001,31×18×14 cm (W×H×D),"A low-poly stylized 3D model: western-kingdoms knight pauldron / shoulder pad pair. light/cloth tier variant A. Materials/feel: polished plate steel, royal cloth, gold trim, leather straps. Color palette: royal blue, gold, white tabard. Style: heroic, clean heraldic, paladin, hand-painted toon shading, clean silhouette, suitable for an RTS unit at ~2m tall. Approximate size: 31 cm wide × 18 cm tall × 14 cm deep. Placement: attaches to the Bip001 R Clavicle001 bone (sits on top of the shoulders). Single mesh, T-pose neutral, no skeleton, baked diffuse texture only.","photoreal, hyperreal, realistic skin pores, no humans, no faces in armor, no text, no logos, no watermarks, no excess geometry, no PBR maps"
Human,WK_Units_head_C,Head,C,medium/leather tier,,Bip001 Head001,11×19×17 cm (W×H×D),"A low-poly stylized 3D model: western-kingdoms knight helmet/head piece. medium/leather tier variant C. Materials/feel: polished plate steel, royal cloth, gold trim, leather straps. Color palette: royal blue, gold, white tabard. Style: heroic, clean heraldic, paladin, hand-painted toon shading, clean silhouette, suitable for an RTS unit at ~2m tall. Approximate size: 11 cm wide × 19 cm tall × 17 cm deep. Placement: attaches to the Bip001 Head001 bone (rests on the skull, fits over hair). Single mesh, T-pose neutral, no skeleton, baked diffuse texture only.","photoreal, hyperreal, realistic skin pores, no humans, no faces in armor, no text, no logos, no watermarks, no excess geometry, no PBR maps"
Human,WK_Units_head_B,Head,B,light/cloth tier,,Bip001 Head001,8×12×12 cm (W×H×D),"A low-poly stylized 3D model: western-kingdoms knight helmet/head piece. light/cloth tier variant B. Materials/feel: polished plate steel, royal cloth, gold trim, leather straps. Color palette: royal blue, gold, white tabard. Style: heroic, clean heraldic, paladin, hand-painted toon shading, clean silhouette, suitable for an RTS unit at ~2m tall. Approximate size: 8 cm wide × 12 cm tall × 12 cm deep. Placement: attaches to the Bip001 Head001 bone (rests on the skull, fits over hair). Single mesh, T-pose neutral, no skeleton, baked diffuse texture only.","photoreal, hyperreal, realistic skin pores, no humans, no faces in armor, no text, no logos, no watermarks, no excess geometry, no PBR maps"
Human,WK_Units_head_A,Head,A,light/cloth tier,,Bip001 Head001,7×11×11 cm (W×H×D),"A low-poly stylized 3D model: western-kingdoms knight helmet/head piece. light/cloth tier variant A. Materials/feel: polished plate steel, royal cloth, gold trim, leather straps. Color palette: royal blue, gold, white tabard. Style: heroic, clean heraldic, paladin, hand-painted toon shading, clean silhouette, suitable for an RTS unit at ~2m tall. Approximate size: 7 cm wide × 11 cm tall × 11 cm deep. Placement: attaches to the Bip001 Head001 bone (rests on the skull, fits over hair). Single mesh, T-pose neutral, no skeleton, baked diffuse texture only.","photoreal, hyperreal, realistic skin pores, no humans, no faces in armor, no text, no logos, no watermarks, no excess geometry, no PBR maps"
Human,WK_Units_Legs_A,Legs,A,light/cloth tier,,Bip001 R Foot001,20×16×14 cm (W×H×D),"A low-poly stylized 3D model: western-kingdoms knight greaves / leg armor / leggings. light/cloth tier variant A. Materials/feel: polished plate steel, royal cloth, gold trim, leather straps. Color palette: royal blue, gold, white tabard. Style: heroic, clean heraldic, paladin, hand-painted toon shading, clean silhouette, suitable for an RTS unit at ~2m tall. Approximate size: 20 cm wide × 16 cm tall × 14 cm deep. Placement: attaches to the Bip001 R Foot001 bone (hip to ankle). Single mesh, T-pose neutral, no skeleton, baked diffuse texture only.","photoreal, hyperreal, realistic skin pores, no humans, no faces in armor, no text, no logos, no watermarks, no excess geometry, no PBR maps"
Human,WK_Units_Arms_A,Arms,A,light/cloth tier,,Bip001 R Hand001,60×8×15 cm (W×H×D),"A low-poly stylized 3D model: western-kingdoms knight arm guards / bracers / sleeves. light/cloth tier variant A. Materials/feel: polished plate steel, royal cloth, gold trim, leather straps. Color palette: royal blue, gold, white tabard. Style: heroic, clean heraldic, paladin, hand-painted toon shading, clean silhouette, suitable for an RTS unit at ~2m tall. Approximate size: 60 cm wide × 8 cm tall × 15 cm deep. Placement: attaches to the Bip001 R Hand001 bone (wrist to elbow on both arms). Single mesh, T-pose neutral, no skeleton, baked diffuse texture only.","photoreal, hyperreal, realistic skin pores, no humans, no faces in armor, no text, no logos, no watermarks, no excess geometry, no PBR maps"
Human,WK_Units_Legs_B,Legs,B,light/cloth tier,,Bip001 R Foot001,21×16×14 cm (W×H×D),"A low-poly stylized 3D model: western-kingdoms knight greaves / leg armor / leggings. light/cloth tier variant B. Materials/feel: polished plate steel, royal cloth, gold trim, leather straps. Color palette: royal blue, gold, white tabard. Style: heroic, clean heraldic, paladin, hand-painted toon shading, clean silhouette, suitable for an RTS unit at ~2m tall. Approximate size: 21 cm wide × 16 cm tall × 14 cm deep. Placement: attaches to the Bip001 R Foot001 bone (hip to ankle). Single mesh, T-pose neutral, no skeleton, baked diffuse texture only.","photoreal, hyperreal, realistic skin pores, no humans, no faces in armor, no text, no logos, no watermarks, no excess geometry, no PBR maps"
Human,WK_Units_Arms_B,Arms,B,light/cloth tier,,Bip001 L Hand001,61×10×16 cm (W×H×D),"A low-poly stylized 3D model: western-kingdoms knight arm guards / bracers / sleeves. light/cloth tier variant B. Materials/feel: polished plate steel, royal cloth, gold trim, leather straps. Color palette: royal blue, gold, white tabard. Style: heroic, clean heraldic, paladin, hand-painted toon shading, clean silhouette, suitable for an RTS unit at ~2m tall. Approximate size: 61 cm wide × 10 cm tall × 16 cm deep. Placement: attaches to the Bip001 L Hand001 bone (wrist to elbow on both arms). Single mesh, T-pose neutral, no skeleton, baked diffuse texture only.","photoreal, hyperreal, realistic skin pores, no humans, no faces in armor, no text, no logos, no watermarks, no excess geometry, no PBR maps"
Human,WK_Units_Legs_C,Legs,C,medium/leather tier,,Bip001 R Foot001,21×17×16 cm (W×H×D),"A low-poly stylized 3D model: western-kingdoms knight greaves / leg armor / leggings. medium/leather tier variant C. Materials/feel: polished plate steel, royal cloth, gold trim, leather straps. Color palette: royal blue, gold, white tabard. Style: heroic, clean heraldic, paladin, hand-painted toon shading, clean silhouette, suitable for an RTS unit at ~2m tall. Approximate size: 21 cm wide × 17 cm tall × 16 cm deep. Placement: attaches to the Bip001 R Foot001 bone (hip to ankle). Single mesh, T-pose neutral, no skeleton, baked diffuse texture only.","photoreal, hyperreal, realistic skin pores, no humans, no faces in armor, no text, no logos, no watermarks, no excess geometry, no PBR maps"
Human,WK_Units_Arms_C,Arms,C,medium/leather tier,,Bip001 R Hand001,61×11×16 cm (W×H×D),"A low-poly stylized 3D model: western-kingdoms knight arm guards / bracers / sleeves. medium/leather tier variant C. Materials/feel: polished plate steel, royal cloth, gold trim, leather straps. Color palette: royal blue, gold, white tabard. Style: heroic, clean heraldic, paladin, hand-painted toon shading, clean silhouette, suitable for an RTS unit at ~2m tall. Approximate size: 61 cm wide × 11 cm tall × 16 cm deep. Placement: attaches to the Bip001 R Hand001 bone (wrist to elbow on both arms). Single mesh, T-pose neutral, no skeleton, baked diffuse texture only.","photoreal, hyperreal, realistic skin pores, no humans, no faces in armor, no text, no logos, no watermarks, no excess geometry, no PBR maps"
Human,WK_Units_Body_E,Body,E,medium/leather tier,,Bip001 Spine001,40×19×54 cm (W×H×D),"A low-poly stylized 3D model: western-kingdoms knight chest armor (cuirass / tunic / robe top). medium/leather tier variant E. Materials/feel: polished plate steel, royal cloth, gold trim, leather straps. Color palette: royal blue, gold, white tabard. Style: heroic, clean heraldic, paladin, hand-painted toon shading, clean silhouette, suitable for an RTS unit at ~2m tall. Approximate size: 40 cm wide × 19 cm tall × 54 cm deep. Placement: attaches to the Bip001 Spine001 bone (covers shoulders down to waist). Single mesh, T-pose neutral, no skeleton, baked diffuse texture only.","photoreal, hyperreal, realistic skin pores, no humans, no faces in armor, no text, no logos, no watermarks, no excess geometry, no PBR maps"
Human,WK_Units_head_E,Head,E,medium/leather tier,,Bip001 Head001,9×12×17 cm (W×H×D),"A low-poly stylized 3D model: western-kingdoms knight helmet/head piece. medium/leather tier variant E. Materials/feel: polished plate steel, royal cloth, gold trim, leather straps. Color palette: royal blue, gold, white tabard. Style: heroic, clean heraldic, paladin, hand-painted toon shading, clean silhouette, suitable for an RTS unit at ~2m tall. Approximate size: 9 cm wide × 12 cm tall × 17 cm deep. Placement: attaches to the Bip001 Head001 bone (rests on the skull, fits over hair). Single mesh, T-pose neutral, no skeleton, baked diffuse texture only.","photoreal, hyperreal, realistic skin pores, no humans, no faces in armor, no text, no logos, no watermarks, no excess geometry, no PBR maps"
Human,WK_Units_Arms_D,Arms,D,medium/leather tier,,Bip001 R Hand001,60×8×15 cm (W×H×D),"A low-poly stylized 3D model: western-kingdoms knight arm guards / bracers / sleeves. medium/leather tier variant D. Materials/feel: polished plate steel, royal cloth, gold trim, leather straps. Color palette: royal blue, gold, white tabard. Style: heroic, clean heraldic, paladin, hand-painted toon shading, clean silhouette, suitable for an RTS unit at ~2m tall. Approximate size: 60 cm wide × 8 cm tall × 15 cm deep. Placement: attaches to the Bip001 R Hand001 bone (wrist to elbow on both arms). Single mesh, T-pose neutral, no skeleton, baked diffuse texture only.","photoreal, hyperreal, realistic skin pores, no humans, no faces in armor, no text, no logos, no watermarks, no excess geometry, no PBR maps"
Human,WK_Units_head_D,Head,D,medium/leather tier,,Bip001 Head001,17×12×15 cm (W×H×D),"A low-poly stylized 3D model: western-kingdoms knight helmet/head piece. medium/leather tier variant D. Materials/feel: polished plate steel, royal cloth, gold trim, leather straps. Color palette: royal blue, gold, white tabard. Style: heroic, clean heraldic, paladin, hand-painted toon shading, clean silhouette, suitable for an RTS unit at ~2m tall. Approximate size: 17 cm wide × 12 cm tall × 15 cm deep. Placement: attaches to the Bip001 Head001 bone (rests on the skull, fits over hair). Single mesh, T-pose neutral, no skeleton, baked diffuse texture only.","photoreal, hyperreal, realistic skin pores, no humans, no faces in armor, no text, no logos, no watermarks, no excess geometry, no PBR maps"
Human,WK_Units_head_H,Head,H,heavy/plate tier,,Bip001 Head001,10×14×19 cm (W×H×D),"A low-poly stylized 3D model: western-kingdoms knight helmet/head piece. heavy/plate tier variant H. Materials/feel: polished plate steel, royal cloth, gold trim, leather straps. Color palette: royal blue, gold, white tabard. Style: heroic, clean heraldic, paladin, hand-painted toon shading, clean silhouette, suitable for an RTS unit at ~2m tall. Approximate size: 10 cm wide × 14 cm tall × 19 cm deep. Placement: attaches to the Bip001 Head001 bone (rests on the skull, fits over hair). Single mesh, T-pose neutral, no skeleton, baked diffuse texture only.","photoreal, hyperreal, realistic skin pores, no humans, no faces in armor, no text, no logos, no watermarks, no excess geometry, no PBR maps"
Human,WK_Units_head_G,Head,G,heavy/plate tier,,Bip001 Head001,10×14×18 cm (W×H×D),"A low-poly stylized 3D model: western-kingdoms knight helmet/head piece. heavy/plate tier variant G. Materials/feel: polished plate steel, royal cloth, gold trim, leather straps. Color palette: royal blue, gold, white tabard. Style: heroic, clean heraldic, paladin, hand-painted toon shading, clean silhouette, suitable for an RTS unit at ~2m tall. Approximate size: 10 cm wide × 14 cm tall × 18 cm deep. Placement: attaches to the Bip001 Head001 bone (rests on the skull, fits over hair). Single mesh, T-pose neutral, no skeleton, baked diffuse texture only.","photoreal, hyperreal, realistic skin pores, no humans, no faces in armor, no text, no logos, no watermarks, no excess geometry, no PBR maps"
Human,WK_Units_head_F,Head,F,heavy/plate tier,,Bip001 Head001,21×20×21 cm (W×H×D),"A low-poly stylized 3D model: western-kingdoms knight helmet/head piece. heavy/plate tier variant F. Materials/feel: polished plate steel, royal cloth, gold trim, leather straps. Color palette: royal blue, gold, white tabard. Style: heroic, clean heraldic, paladin, hand-painted toon shading, clean silhouette, suitable for an RTS unit at ~2m tall. Approximate size: 21 cm wide × 20 cm tall × 21 cm deep. Placement: attaches to the Bip001 Head001 bone (rests on the skull, fits over hair). Single mesh, T-pose neutral, no skeleton, baked diffuse texture only.","photoreal, hyperreal, realistic skin pores, no humans, no faces in armor, no text, no logos, no watermarks, no excess geometry, no PBR maps"
Human,WK_Units_shoulderpads_B,Shoulders,B,light/cloth tier,,Bip001 R Clavicle001,29×15×10 cm (W×H×D),"A low-poly stylized 3D model: western-kingdoms knight pauldron / shoulder pad pair. light/cloth tier variant B. Materials/feel: polished plate steel, royal cloth, gold trim, leather straps. Color palette: royal blue, gold, white tabard. Style: heroic, clean heraldic, paladin, hand-painted toon shading, clean silhouette, suitable for an RTS unit at ~2m tall. Approximate size: 29 cm wide × 15 cm tall × 10 cm deep. Placement: attaches to the Bip001 R Clavicle001 bone (sits on top of the shoulders). Single mesh, T-pose neutral, no skeleton, baked diffuse texture only.","photoreal, hyperreal, realistic skin pores, no humans, no faces in armor, no text, no logos, no watermarks, no excess geometry, no PBR maps"
Human,WK_Units_head_I,Head,I,heavy/plate tier,,Bip001 Head001,10×13×13 cm (W×H×D),"A low-poly stylized 3D model: western-kingdoms knight helmet/head piece. heavy/plate tier variant I. Materials/feel: polished plate steel, royal cloth, gold trim, leather straps. Color palette: royal blue, gold, white tabard. Style: heroic, clean heraldic, paladin, hand-painted toon shading, clean silhouette, suitable for an RTS unit at ~2m tall. Approximate size: 10 cm wide × 13 cm tall × 13 cm deep. Placement: attaches to the Bip001 Head001 bone (rests on the skull, fits over hair). Single mesh, T-pose neutral, no skeleton, baked diffuse texture only.","photoreal, hyperreal, realistic skin pores, no humans, no faces in armor, no text, no logos, no watermarks, no excess geometry, no PBR maps"
Human,WK_horse_Seat,Saddle,,,,Bip001 Spine,24×15×21 cm (W×H×D),"A low-poly stylized 3D model: western-kingdoms knight riding saddle. Materials/feel: polished plate steel, royal cloth, gold trim, leather straps. Color palette: royal blue, gold, white tabard. Style: heroic, clean heraldic, paladin, hand-painted toon shading, clean silhouette, suitable for an RTS unit at ~2m tall. Approximate size: 24 cm wide × 15 cm tall × 21 cm deep. Placement: attaches to the Bip001 Spine bone (on top of mount creature). Single mesh, T-pose neutral, no skeleton, baked diffuse texture only.","photoreal, hyperreal, realistic skin pores, no humans, no faces in armor, no text, no logos, no watermarks, no excess geometry, no PBR maps"
Human,WK_weapon_staff_A,Staff,A,light/cloth tier,right,,70×6×7 cm (W×H×D),"A low-poly stylized 3D model: western-kingdoms knight magic staff with crystal/orb finial. light/cloth tier variant A. Materials/feel: polished plate steel, royal cloth, gold trim, leather straps. Color palette: royal blue, gold, white tabard. Style: heroic, clean heraldic, paladin, hand-painted toon shading, clean silhouette, suitable for an RTS unit at ~2m tall. Approximate size: 70 cm wide × 6 cm tall × 7 cm deep. Placement: right hand, vertical. Single mesh, T-pose neutral, no skeleton, baked diffuse texture only.","photoreal, hyperreal, realistic skin pores, no humans, no faces in armor, no text, no logos, no watermarks, no excess geometry, no PBR maps"
Human,WK_weapon_staff_B,Staff,B,light/cloth tier,right,,75×15×8 cm (W×H×D),"A low-poly stylized 3D model: western-kingdoms knight magic staff with crystal/orb finial. light/cloth tier variant B. Materials/feel: polished plate steel, royal cloth, gold trim, leather straps. Color palette: royal blue, gold, white tabard. Style: heroic, clean heraldic, paladin, hand-painted toon shading, clean silhouette, suitable for an RTS unit at ~2m tall. Approximate size: 75 cm wide × 15 cm tall × 8 cm deep. Placement: right hand, vertical. Single mesh, T-pose neutral, no skeleton, baked diffuse texture only.","photoreal, hyperreal, realistic skin pores, no humans, no faces in armor, no text, no logos, no watermarks, no excess geometry, no PBR maps"
Human,WK_weapon_staff_C,Staff,C,medium/leather tier,right,,74×10×9 cm (W×H×D),"A low-poly stylized 3D model: western-kingdoms knight magic staff with crystal/orb finial. medium/leather tier variant C. Materials/feel: polished plate steel, royal cloth, gold trim, leather straps. Color palette: royal blue, gold, white tabard. Style: heroic, clean heraldic, paladin, hand-painted toon shading, clean silhouette, suitable for an RTS unit at ~2m tall. Approximate size: 74 cm wide × 10 cm tall × 9 cm deep. Placement: right hand, vertical. Single mesh, T-pose neutral, no skeleton, baked diffuse texture only.","photoreal, hyperreal, realistic skin pores, no humans, no faces in armor, no text, no logos, no watermarks, no excess geometry, no PBR maps"
Human,WK_weapon_Bow,Bow,,,left,,60×3×12 cm (W×H×D),"A low-poly stylized 3D model: western-kingdoms knight recurve bow. Materials/feel: polished plate steel, royal cloth, gold trim, leather straps. Color palette: royal blue, gold, white tabard. Style: heroic, clean heraldic, paladin, hand-painted toon shading, clean silhouette, suitable for an RTS unit at ~2m tall. Approximate size: 60 cm wide × 3 cm tall × 12 cm deep. Placement: left hand grip. Single mesh, T-pose neutral, no skeleton, baked diffuse texture only.","photoreal, hyperreal, realistic skin pores, no humans, no faces in armor, no text, no logos, no watermarks, no excess geometry, no PBR maps"
Human,WK_Shield_A,Shield,A,light/cloth tier,left,,6×21×21 cm (W×H×D),"A low-poly stylized 3D model: western-kingdoms knight kite/round shield. light/cloth tier variant A. Materials/feel: polished plate steel, royal cloth, gold trim, leather straps. Color palette: royal blue, gold, white tabard. Style: heroic, clean heraldic, paladin, hand-painted toon shading, clean silhouette, suitable for an RTS unit at ~2m tall. Approximate size: 6 cm wide × 21 cm tall × 21 cm deep. Placement: left forearm strap. Single mesh, T-pose neutral, no skeleton, baked diffuse texture only.","photoreal, hyperreal, realistic skin pores, no humans, no faces in armor, no text, no logos, no watermarks, no excess geometry, no PBR maps"
Human,WK_Shield_C,Shield,C,medium/leather tier,left,,4×33×19 cm (W×H×D),"A low-poly stylized 3D model: western-kingdoms knight kite/round shield. medium/leather tier variant C. Materials/feel: polished plate steel, royal cloth, gold trim, leather straps. Color palette: royal blue, gold, white tabard. Style: heroic, clean heraldic, paladin, hand-painted toon shading, clean silhouette, suitable for an RTS unit at ~2m tall. Approximate size: 4 cm wide × 33 cm tall × 19 cm deep. Placement: left forearm strap. Single mesh, T-pose neutral, no skeleton, baked diffuse texture only.","photoreal, hyperreal, realistic skin pores, no humans, no faces in armor, no text, no logos, no watermarks, no excess geometry, no PBR maps"
Human,WK_Shield_B,Shield,B,light/cloth tier,left,,5×34×21 cm (W×H×D),"A low-poly stylized 3D model: western-kingdoms knight kite/round shield. light/cloth tier variant B. Materials/feel: polished plate steel, royal cloth, gold trim, leather straps. Color palette: royal blue, gold, white tabard. Style: heroic, clean heraldic, paladin, hand-painted toon shading, clean silhouette, suitable for an RTS unit at ~2m tall. Approximate size: 5 cm wide × 34 cm tall × 21 cm deep. Placement: left forearm strap. Single mesh, T-pose neutral, no skeleton, baked diffuse texture only.","photoreal, hyperreal, realistic skin pores, no humans, no faces in armor, no text, no logos, no watermarks, no excess geometry, no PBR maps"
Human,WK_Shield_D,Shield,D,medium/leather tier,left,,7×41×25 cm (W×H×D),"A low-poly stylized 3D model: western-kingdoms knight kite/round shield. medium/leather tier variant D. Materials/feel: polished plate steel, royal cloth, gold trim, leather straps. Color palette: royal blue, gold, white tabard. Style: heroic, clean heraldic, paladin, hand-painted toon shading, clean silhouette, suitable for an RTS unit at ~2m tall. Approximate size: 7 cm wide × 41 cm tall × 25 cm deep. Placement: left forearm strap. Single mesh, T-pose neutral, no skeleton, baked diffuse texture only.","photoreal, hyperreal, realistic skin pores, no humans, no faces in armor, no text, no logos, no watermarks, no excess geometry, no PBR maps"
Human,WK_weapon_spear,Spear,,,right,,77×3×7 cm (W×H×D),"A low-poly stylized 3D model: western-kingdoms knight long spear. Materials/feel: polished plate steel, royal cloth, gold trim, leather straps. Color palette: royal blue, gold, white tabard. Style: heroic, clean heraldic, paladin, hand-painted toon shading, clean silhouette, suitable for an RTS unit at ~2m tall. Approximate size: 77 cm wide × 3 cm tall × 7 cm deep. Placement: right hand grip, vertical. Single mesh, T-pose neutral, no skeleton, baked diffuse texture only.","photoreal, hyperreal, realistic skin pores, no humans, no faces in armor, no text, no logos, no watermarks, no excess geometry, no PBR maps"
Human,WK_weapon_sword_A,Sword,A,light/cloth tier,right,,43×3×10 cm (W×H×D),"A low-poly stylized 3D model: western-kingdoms knight one-handed sword. light/cloth tier variant A. Materials/feel: polished plate steel, royal cloth, gold trim, leather straps. Color palette: royal blue, gold, white tabard. Style: heroic, clean heraldic, paladin, hand-painted toon shading, clean silhouette, suitable for an RTS unit at ~2m tall. Approximate size: 43 cm wide × 3 cm tall × 10 cm deep. Placement: right hand grip, blade pointing up. Single mesh, T-pose neutral, no skeleton, baked diffuse texture only.","photoreal, hyperreal, realistic skin pores, no humans, no faces in armor, no text, no logos, no watermarks, no excess geometry, no PBR maps"
Human,WK_weapon_hammer_B,Hammer,B,light/cloth tier,right,,41×6×14 cm (W×H×D),"A low-poly stylized 3D model: western-kingdoms knight two-handed war hammer. light/cloth tier variant B. Materials/feel: polished plate steel, royal cloth, gold trim, leather straps. Color palette: royal blue, gold, white tabard. Style: heroic, clean heraldic, paladin, hand-painted toon shading, clean silhouette, suitable for an RTS unit at ~2m tall. Approximate size: 41 cm wide × 6 cm tall × 14 cm deep. Placement: right hand grip. Single mesh, T-pose neutral, no skeleton, baked diffuse texture only.","photoreal, hyperreal, realistic skin pores, no humans, no faces in armor, no text, no logos, no watermarks, no excess geometry, no PBR maps"
Human,WK_weapon_pick,Pick,,,right,,31×5×27 cm (W×H×D),"A low-poly stylized 3D model: western-kingdoms knight mining pick / pickaxe. Materials/feel: polished plate steel, royal cloth, gold trim, leather straps. Color palette: royal blue, gold, white tabard. Style: heroic, clean heraldic, paladin, hand-painted toon shading, clean silhouette, suitable for an RTS unit at ~2m tall. Approximate size: 31 cm wide × 5 cm tall × 27 cm deep. Placement: right hand grip. Single mesh, T-pose neutral, no skeleton, baked diffuse texture only.","photoreal, hyperreal, realistic skin pores, no humans, no faces in armor, no text, no logos, no watermarks, no excess geometry, no PBR maps"
Human,WK_weapon_sword_B,Sword,B,light/cloth tier,right,,46×4×12 cm (W×H×D),"A low-poly stylized 3D model: western-kingdoms knight one-handed sword. light/cloth tier variant B. Materials/feel: polished plate steel, royal cloth, gold trim, leather straps. Color palette: royal blue, gold, white tabard. Style: heroic, clean heraldic, paladin, hand-painted toon shading, clean silhouette, suitable for an RTS unit at ~2m tall. Approximate size: 46 cm wide × 4 cm tall × 12 cm deep. Placement: right hand grip, blade pointing up. Single mesh, T-pose neutral, no skeleton, baked diffuse texture only.","photoreal, hyperreal, realistic skin pores, no humans, no faces in armor, no text, no logos, no watermarks, no excess geometry, no PBR maps"
Human,WK_weapon_axe_B,Axe,B,light/cloth tier,right,,43×5×19 cm (W×H×D),"A low-poly stylized 3D model: western-kingdoms knight one-handed war axe. light/cloth tier variant B. Materials/feel: polished plate steel, royal cloth, gold trim, leather straps. Color palette: royal blue, gold, white tabard. Style: heroic, clean heraldic, paladin, hand-painted toon shading, clean silhouette, suitable for an RTS unit at ~2m tall. Approximate size: 43 cm wide × 5 cm tall × 19 cm deep. Placement: right hand grip. Single mesh, T-pose neutral, no skeleton, baked diffuse texture only.","photoreal, hyperreal, realistic skin pores, no humans, no faces in armor, no text, no logos, no watermarks, no excess geometry, no PBR maps"
Human,WK_weapon_hammer_A,Hammer,A,light/cloth tier,right,,28×4×12 cm (W×H×D),"A low-poly stylized 3D model: western-kingdoms knight two-handed war hammer. light/cloth tier variant A. Materials/feel: polished plate steel, royal cloth, gold trim, leather straps. Color palette: royal blue, gold, white tabard. Style: heroic, clean heraldic, paladin, hand-painted toon shading, clean silhouette, suitable for an RTS unit at ~2m tall. Approximate size: 28 cm wide × 4 cm tall × 12 cm deep. Placement: right hand grip. Single mesh, T-pose neutral, no skeleton, baked diffuse texture only.","photoreal, hyperreal, realistic skin pores, no humans, no faces in armor, no text, no logos, no watermarks, no excess geometry, no PBR maps"
Human,WK_weapon_axe_A,Axe,A,light/cloth tier,right,,35×3×14 cm (W×H×D),"A low-poly stylized 3D model: western-kingdoms knight one-handed war axe. light/cloth tier variant A. Materials/feel: polished plate steel, royal cloth, gold trim, leather straps. Color palette: royal blue, gold, white tabard. Style: heroic, clean heraldic, paladin, hand-painted toon shading, clean silhouette, suitable for an RTS unit at ~2m tall. Approximate size: 35 cm wide × 3 cm tall × 14 cm deep. Placement: right hand grip. Single mesh, T-pose neutral, no skeleton, baked diffuse texture only.","photoreal, hyperreal, realistic skin pores, no humans, no faces in armor, no text, no logos, no watermarks, no excess geometry, no PBR maps"
Human,WK_Xtra_wood,Lumber,,,,,34×30×18 cm (W×H×D),"A low-poly stylized 3D model: western-kingdoms knight log of carry-wood. Materials/feel: polished plate steel, royal cloth, gold trim, leather straps. Color palette: royal blue, gold, white tabard. Style: heroic, clean heraldic, paladin, hand-painted toon shading, clean silhouette, suitable for an RTS unit at ~2m tall. Approximate size: 34 cm wide × 30 cm tall × 18 cm deep. Placement: shouldered or back-strap. Single mesh, T-pose neutral, no skeleton, baked diffuse texture only.","photoreal, hyperreal, realistic skin pores, no humans, no faces in armor, no text, no logos, no watermarks, no excess geometry, no PBR maps"
Human,WK_Xtra_bag,Belt Bag,,,,,21×32×24 cm (W×H×D),"A low-poly stylized 3D model: western-kingdoms knight belt-pouch / satchel. Materials/feel: polished plate steel, royal cloth, gold trim, leather straps. Color palette: royal blue, gold, white tabard. Style: heroic, clean heraldic, paladin, hand-painted toon shading, clean silhouette, suitable for an RTS unit at ~2m tall. Approximate size: 21 cm wide × 32 cm tall × 24 cm deep. Placement: hangs from waist belt. Single mesh, T-pose neutral, no skeleton, baked diffuse texture only.","photoreal, hyperreal, realistic skin pores, no humans, no faces in armor, no text, no logos, no watermarks, no excess geometry, no PBR maps"
Human,WK_Xtra_quiver,Quiver,,,,,11×9×37 cm (W×H×D),"A low-poly stylized 3D model: western-kingdoms knight arrow quiver. Materials/feel: polished plate steel, royal cloth, gold trim, leather straps. Color palette: royal blue, gold, white tabard. Style: heroic, clean heraldic, paladin, hand-painted toon shading, clean silhouette, suitable for an RTS unit at ~2m tall. Approximate size: 11 cm wide × 9 cm tall × 37 cm deep. Placement: strapped to back, over shoulder. Single mesh, T-pose neutral, no skeleton, baked diffuse texture only.","photoreal, hyperreal, realistic skin pores, no humans, no faces in armor, no text, no logos, no watermarks, no excess geometry, no PBR maps"
Human,WK_Units_Body_A,Body,A,light/cloth tier,,Bip001 Spine,43×14×41 cm (W×H×D),"A low-poly stylized 3D model: western-kingdoms knight chest armor (cuirass / tunic / robe top). light/cloth tier variant A. Materials/feel: polished plate steel, royal cloth, gold trim, leather straps. Color palette: royal blue, gold, white tabard. Style: heroic, clean heraldic, paladin, hand-painted toon shading, clean silhouette, suitable for an RTS unit at ~2m tall. Approximate size: 43 cm wide × 14 cm tall × 41 cm deep. Placement: attaches to the Bip001 Spine bone (covers shoulders down to waist). Single mesh, T-pose neutral, no skeleton, baked diffuse texture only.","photoreal, hyperreal, realistic skin pores, no humans, no faces in armor, no text, no logos, no watermarks, no excess geometry, no PBR maps"
Human,WK_Units_Body_B,Body,B,light/cloth tier,,Bip001 Spine,43×14×42 cm (W×H×D),"A low-poly stylized 3D model: western-kingdoms knight chest armor (cuirass / tunic / robe top). light/cloth tier variant B. Materials/feel: polished plate steel, royal cloth, gold trim, leather straps. Color palette: royal blue, gold, white tabard. Style: heroic, clean heraldic, paladin, hand-painted toon shading, clean silhouette, suitable for an RTS unit at ~2m tall. Approximate size: 43 cm wide × 14 cm tall × 42 cm deep. Placement: attaches to the Bip001 Spine bone (covers shoulders down to waist). Single mesh, T-pose neutral, no skeleton, baked diffuse texture only.","photoreal, hyperreal, realistic skin pores, no humans, no faces in armor, no text, no logos, no watermarks, no excess geometry, no PBR maps"
Human,WK_Units_Body_D,Body,D,medium/leather tier,,Bip001 Spine,43×16×41 cm (W×H×D),"A low-poly stylized 3D model: western-kingdoms knight chest armor (cuirass / tunic / robe top). medium/leather tier variant D. Materials/feel: polished plate steel, royal cloth, gold trim, leather straps. Color palette: royal blue, gold, white tabard. Style: heroic, clean heraldic, paladin, hand-painted toon shading, clean silhouette, suitable for an RTS unit at ~2m tall. Approximate size: 43 cm wide × 16 cm tall × 41 cm deep. Placement: attaches to the Bip001 Spine bone (covers shoulders down to waist). Single mesh, T-pose neutral, no skeleton, baked diffuse texture only.","photoreal, hyperreal, realistic skin pores, no humans, no faces in armor, no text, no logos, no watermarks, no excess geometry, no PBR maps"
Human,WK_Units_Body_C,Body,C,medium/leather tier,,Bip001 Spine,43×14×42 cm (W×H×D),"A low-poly stylized 3D model: western-kingdoms knight chest armor (cuirass / tunic / robe top). medium/leather tier variant C. Materials/feel: polished plate steel, royal cloth, gold trim, leather straps. Color palette: royal blue, gold, white tabard. Style: heroic, clean heraldic, paladin, hand-painted toon shading, clean silhouette, suitable for an RTS unit at ~2m tall. Approximate size: 43 cm wide × 14 cm tall × 42 cm deep. Placement: attaches to the Bip001 Spine bone (covers shoulders down to waist). Single mesh, T-pose neutral, no skeleton, baked diffuse texture only.","photoreal, hyperreal, realistic skin pores, no humans, no faces in armor, no text, no logos, no watermarks, no excess geometry, no PBR maps"
Human,WK_Units_shoulderpads_A,Shoulders,A,light/cloth tier,,Bip001 R Clavicle,31×18×14 cm (W×H×D),"A low-poly stylized 3D model: western-kingdoms knight pauldron / shoulder pad pair. light/cloth tier variant A. Materials/feel: polished plate steel, royal cloth, gold trim, leather straps. Color palette: royal blue, gold, white tabard. Style: heroic, clean heraldic, paladin, hand-painted toon shading, clean silhouette, suitable for an RTS unit at ~2m tall. Approximate size: 31 cm wide × 18 cm tall × 14 cm deep. Placement: attaches to the Bip001 R Clavicle bone (sits on top of the shoulders). Single mesh, T-pose neutral, no skeleton, baked diffuse texture only.","photoreal, hyperreal, realistic skin pores, no humans, no faces in armor, no text, no logos, no watermarks, no excess geometry, no PBR maps"
Human,WK_Units_head_C,Head,C,medium/leather tier,,Bip001 Head,11×19×17 cm (W×H×D),"A low-poly stylized 3D model: western-kingdoms knight helmet/head piece. medium/leather tier variant C. Materials/feel: polished plate steel, royal cloth, gold trim, leather straps. Color palette: royal blue, gold, white tabard. Style: heroic, clean heraldic, paladin, hand-painted toon shading, clean silhouette, suitable for an RTS unit at ~2m tall. Approximate size: 11 cm wide × 19 cm tall × 17 cm deep. Placement: attaches to the Bip001 Head bone (rests on the skull, fits over hair). Single mesh, T-pose neutral, no skeleton, baked diffuse texture only.","photoreal, hyperreal, realistic skin pores, no humans, no faces in armor, no text, no logos, no watermarks, no excess geometry, no PBR maps"
Human,WK_Units_head_B,Head,B,light/cloth tier,,Bip001 Head,8×12×12 cm (W×H×D),"A low-poly stylized 3D model: western-kingdoms knight helmet/head piece. light/cloth tier variant B. Materials/feel: polished plate steel, royal cloth, gold trim, leather straps. Color palette: royal blue, gold, white tabard. Style: heroic, clean heraldic, paladin, hand-painted toon shading, clean silhouette, suitable for an RTS unit at ~2m tall. Approximate size: 8 cm wide × 12 cm tall × 12 cm deep. Placement: attaches to the Bip001 Head bone (rests on the skull, fits over hair). Single mesh, T-pose neutral, no skeleton, baked diffuse texture only.","photoreal, hyperreal, realistic skin pores, no humans, no faces in armor, no text, no logos, no watermarks, no excess geometry, no PBR maps"
Human,WK_Units_head_A,Head,A,light/cloth tier,,Bip001 Head,7×11×11 cm (W×H×D),"A low-poly stylized 3D model: western-kingdoms knight helmet/head piece. light/cloth tier variant A. Materials/feel: polished plate steel, royal cloth, gold trim, leather straps. Color palette: royal blue, gold, white tabard. Style: heroic, clean heraldic, paladin, hand-painted toon shading, clean silhouette, suitable for an RTS unit at ~2m tall. Approximate size: 7 cm wide × 11 cm tall × 11 cm deep. Placement: attaches to the Bip001 Head bone (rests on the skull, fits over hair). Single mesh, T-pose neutral, no skeleton, baked diffuse texture only.","photoreal, hyperreal, realistic skin pores, no humans, no faces in armor, no text, no logos, no watermarks, no excess geometry, no PBR maps"
Human,WK_Units_Legs_A,Legs,A,light/cloth tier,,Bip001 R Foot,20×16×14 cm (W×H×D),"A low-poly stylized 3D model: western-kingdoms knight greaves / leg armor / leggings. light/cloth tier variant A. Materials/feel: polished plate steel, royal cloth, gold trim, leather straps. Color palette: royal blue, gold, white tabard. Style: heroic, clean heraldic, paladin, hand-painted toon shading, clean silhouette, suitable for an RTS unit at ~2m tall. Approximate size: 20 cm wide × 16 cm tall × 14 cm deep. Placement: attaches to the Bip001 R Foot bone (hip to ankle). Single mesh, T-pose neutral, no skeleton, baked diffuse texture only.","photoreal, hyperreal, realistic skin pores, no humans, no faces in armor, no text, no logos, no watermarks, no excess geometry, no PBR maps"
Human,WK_Units_Arms_A,Arms,A,light/cloth tier,,Bip001 R Hand,60×8×15 cm (W×H×D),"A low-poly stylized 3D model: western-kingdoms knight arm guards / bracers / sleeves. light/cloth tier variant A. Materials/feel: polished plate steel, royal cloth, gold trim, leather straps. Color palette: royal blue, gold, white tabard. Style: heroic, clean heraldic, paladin, hand-painted toon shading, clean silhouette, suitable for an RTS unit at ~2m tall. Approximate size: 60 cm wide × 8 cm tall × 15 cm deep. Placement: attaches to the Bip001 R Hand bone (wrist to elbow on both arms). Single mesh, T-pose neutral, no skeleton, baked diffuse texture only.","photoreal, hyperreal, realistic skin pores, no humans, no faces in armor, no text, no logos, no watermarks, no excess geometry, no PBR maps"
Human,WK_Units_Legs_B,Legs,B,light/cloth tier,,Bip001 R Foot,21×16×14 cm (W×H×D),"A low-poly stylized 3D model: western-kingdoms knight greaves / leg armor / leggings. light/cloth tier variant B. Materials/feel: polished plate steel, royal cloth, gold trim, leather straps. Color palette: royal blue, gold, white tabard. Style: heroic, clean heraldic, paladin, hand-painted toon shading, clean silhouette, suitable for an RTS unit at ~2m tall. Approximate size: 21 cm wide × 16 cm tall × 14 cm deep. Placement: attaches to the Bip001 R Foot bone (hip to ankle). Single mesh, T-pose neutral, no skeleton, baked diffuse texture only.","photoreal, hyperreal, realistic skin pores, no humans, no faces in armor, no text, no logos, no watermarks, no excess geometry, no PBR maps"
Human,WK_Units_Arms_B,Arms,B,light/cloth tier,,Bip001 L Hand,61×10×16 cm (W×H×D),"A low-poly stylized 3D model: western-kingdoms knight arm guards / bracers / sleeves. light/cloth tier variant B. Materials/feel: polished plate steel, royal cloth, gold trim, leather straps. Color palette: royal blue, gold, white tabard. Style: heroic, clean heraldic, paladin, hand-painted toon shading, clean silhouette, suitable for an RTS unit at ~2m tall. Approximate size: 61 cm wide × 10 cm tall × 16 cm deep. Placement: attaches to the Bip001 L Hand bone (wrist to elbow on both arms). Single mesh, T-pose neutral, no skeleton, baked diffuse texture only.","photoreal, hyperreal, realistic skin pores, no humans, no faces in armor, no text, no logos, no watermarks, no excess geometry, no PBR maps"
Human,WK_Units_Legs_C,Legs,C,medium/leather tier,,Bip001 R Foot,21×17×16 cm (W×H×D),"A low-poly stylized 3D model: western-kingdoms knight greaves / leg armor / leggings. medium/leather tier variant C. Materials/feel: polished plate steel, royal cloth, gold trim, leather straps. Color palette: royal blue, gold, white tabard. Style: heroic, clean heraldic, paladin, hand-painted toon shading, clean silhouette, suitable for an RTS unit at ~2m tall. Approximate size: 21 cm wide × 17 cm tall × 16 cm deep. Placement: attaches to the Bip001 R Foot bone (hip to ankle). Single mesh, T-pose neutral, no skeleton, baked diffuse texture only.","photoreal, hyperreal, realistic skin pores, no humans, no faces in armor, no text, no logos, no watermarks, no excess geometry, no PBR maps"
Human,WK_Units_Arms_C,Arms,C,medium/leather tier,,Bip001 R Hand,61×11×16 cm (W×H×D),"A low-poly stylized 3D model: western-kingdoms knight arm guards / bracers / sleeves. medium/leather tier variant C. Materials/feel: polished plate steel, royal cloth, gold trim, leather straps. Color palette: royal blue, gold, white tabard. Style: heroic, clean heraldic, paladin, hand-painted toon shading, clean silhouette, suitable for an RTS unit at ~2m tall. Approximate size: 61 cm wide × 11 cm tall × 16 cm deep. Placement: attaches to the Bip001 R Hand bone (wrist to elbow on both arms). Single mesh, T-pose neutral, no skeleton, baked diffuse texture only.","photoreal, hyperreal, realistic skin pores, no humans, no faces in armor, no text, no logos, no watermarks, no excess geometry, no PBR maps"
Human,WK_Units_Body_E,Body,E,medium/leather tier,,Bip001 Spine,40×19×54 cm (W×H×D),"A low-poly stylized 3D model: western-kingdoms knight chest armor (cuirass / tunic / robe top). medium/leather tier variant E. Materials/feel: polished plate steel, royal cloth, gold trim, leather straps. Color palette: royal blue, gold, white tabard. Style: heroic, clean heraldic, paladin, hand-painted toon shading, clean silhouette, suitable for an RTS unit at ~2m tall. Approximate size: 40 cm wide × 19 cm tall × 54 cm deep. Placement: attaches to the Bip001 Spine bone (covers shoulders down to waist). Single mesh, T-pose neutral, no skeleton, baked diffuse texture only.","photoreal, hyperreal, realistic skin pores, no humans, no faces in armor, no text, no logos, no watermarks, no excess geometry, no PBR maps"
Human,WK_Units_head_E,Head,E,medium/leather tier,,Bip001 Head,9×12×17 cm (W×H×D),"A low-poly stylized 3D model: western-kingdoms knight helmet/head piece. medium/leather tier variant E. Materials/feel: polished plate steel, royal cloth, gold trim, leather straps. Color palette: royal blue, gold, white tabard. Style: heroic, clean heraldic, paladin, hand-painted toon shading, clean silhouette, suitable for an RTS unit at ~2m tall. Approximate size: 9 cm wide × 12 cm tall × 17 cm deep. Placement: attaches to the Bip001 Head bone (rests on the skull, fits over hair). Single mesh, T-pose neutral, no skeleton, baked diffuse texture only.","photoreal, hyperreal, realistic skin pores, no humans, no faces in armor, no text, no logos, no watermarks, no excess geometry, no PBR maps"
Human,WK_Units_Arms_D,Arms,D,medium/leather tier,,Bip001 R Hand,60×8×15 cm (W×H×D),"A low-poly stylized 3D model: western-kingdoms knight arm guards / bracers / sleeves. medium/leather tier variant D. Materials/feel: polished plate steel, royal cloth, gold trim, leather straps. Color palette: royal blue, gold, white tabard. Style: heroic, clean heraldic, paladin, hand-painted toon shading, clean silhouette, suitable for an RTS unit at ~2m tall. Approximate size: 60 cm wide × 8 cm tall × 15 cm deep. Placement: attaches to the Bip001 R Hand bone (wrist to elbow on both arms). Single mesh, T-pose neutral, no skeleton, baked diffuse texture only.","photoreal, hyperreal, realistic skin pores, no humans, no faces in armor, no text, no logos, no watermarks, no excess geometry, no PBR maps"
Human,WK_Units_head_D,Head,D,medium/leather tier,,Bip001 Head,17×12×15 cm (W×H×D),"A low-poly stylized 3D model: western-kingdoms knight helmet/head piece. medium/leather tier variant D. Materials/feel: polished plate steel, royal cloth, gold trim, leather straps. Color palette: royal blue, gold, white tabard. Style: heroic, clean heraldic, paladin, hand-painted toon shading, clean silhouette, suitable for an RTS unit at ~2m tall. Approximate size: 17 cm wide × 12 cm tall × 15 cm deep. Placement: attaches to the Bip001 Head bone (rests on the skull, fits over hair). Single mesh, T-pose neutral, no skeleton, baked diffuse texture only.","photoreal, hyperreal, realistic skin pores, no humans, no faces in armor, no text, no logos, no watermarks, no excess geometry, no PBR maps"
Human,WK_Units_head_H,Head,H,heavy/plate tier,,Bip001 Head,10×14×19 cm (W×H×D),"A low-poly stylized 3D model: western-kingdoms knight helmet/head piece. heavy/plate tier variant H. Materials/feel: polished plate steel, royal cloth, gold trim, leather straps. Color palette: royal blue, gold, white tabard. Style: heroic, clean heraldic, paladin, hand-painted toon shading, clean silhouette, suitable for an RTS unit at ~2m tall. Approximate size: 10 cm wide × 14 cm tall × 19 cm deep. Placement: attaches to the Bip001 Head bone (rests on the skull, fits over hair). Single mesh, T-pose neutral, no skeleton, baked diffuse texture only.","photoreal, hyperreal, realistic skin pores, no humans, no faces in armor, no text, no logos, no watermarks, no excess geometry, no PBR maps"
Human,WK_Units_head_G,Head,G,heavy/plate tier,,Bip001 Head,10×14×18 cm (W×H×D),"A low-poly stylized 3D model: western-kingdoms knight helmet/head piece. heavy/plate tier variant G. Materials/feel: polished plate steel, royal cloth, gold trim, leather straps. Color palette: royal blue, gold, white tabard. Style: heroic, clean heraldic, paladin, hand-painted toon shading, clean silhouette, suitable for an RTS unit at ~2m tall. Approximate size: 10 cm wide × 14 cm tall × 18 cm deep. Placement: attaches to the Bip001 Head bone (rests on the skull, fits over hair). Single mesh, T-pose neutral, no skeleton, baked diffuse texture only.","photoreal, hyperreal, realistic skin pores, no humans, no faces in armor, no text, no logos, no watermarks, no excess geometry, no PBR maps"
Human,WK_Units_head_F,Head,F,heavy/plate tier,,Bip001 Head,21×20×21 cm (W×H×D),"A low-poly stylized 3D model: western-kingdoms knight helmet/head piece. heavy/plate tier variant F. Materials/feel: polished plate steel, royal cloth, gold trim, leather straps. Color palette: royal blue, gold, white tabard. Style: heroic, clean heraldic, paladin, hand-painted toon shading, clean silhouette, suitable for an RTS unit at ~2m tall. Approximate size: 21 cm wide × 20 cm tall × 21 cm deep. Placement: attaches to the Bip001 Head bone (rests on the skull, fits over hair). Single mesh, T-pose neutral, no skeleton, baked diffuse texture only.","photoreal, hyperreal, realistic skin pores, no humans, no faces in armor, no text, no logos, no watermarks, no excess geometry, no PBR maps"
Human,WK_Units_shoulderpads_B,Shoulders,B,light/cloth tier,,Bip001 R Clavicle,29×15×10 cm (W×H×D),"A low-poly stylized 3D model: western-kingdoms knight pauldron / shoulder pad pair. light/cloth tier variant B. Materials/feel: polished plate steel, royal cloth, gold trim, leather straps. Color palette: royal blue, gold, white tabard. Style: heroic, clean heraldic, paladin, hand-painted toon shading, clean silhouette, suitable for an RTS unit at ~2m tall. Approximate size: 29 cm wide × 15 cm tall × 10 cm deep. Placement: attaches to the Bip001 R Clavicle bone (sits on top of the shoulders). Single mesh, T-pose neutral, no skeleton, baked diffuse texture only.","photoreal, hyperreal, realistic skin pores, no humans, no faces in armor, no text, no logos, no watermarks, no excess geometry, no PBR maps"
Human,WK_Units_head_I,Head,I,heavy/plate tier,,Bip001 Head,10×13×13 cm (W×H×D),"A low-poly stylized 3D model: western-kingdoms knight helmet/head piece. heavy/plate tier variant I. Materials/feel: polished plate steel, royal cloth, gold trim, leather straps. Color palette: royal blue, gold, white tabard. Style: heroic, clean heraldic, paladin, hand-painted toon shading, clean silhouette, suitable for an RTS unit at ~2m tall. Approximate size: 10 cm wide × 13 cm tall × 13 cm deep. Placement: attaches to the Bip001 Head bone (rests on the skull, fits over hair). Single mesh, T-pose neutral, no skeleton, baked diffuse texture only.","photoreal, hyperreal, realistic skin pores, no humans, no faces in armor, no text, no logos, no watermarks, no excess geometry, no PBR maps"
Human,WK_weapon_staff_B,Staff,B,light/cloth tier,right,,75×15×8 cm (W×H×D),"A low-poly stylized 3D model: western-kingdoms knight magic staff with crystal/orb finial. light/cloth tier variant B. Materials/feel: polished plate steel, royal cloth, gold trim, leather straps. Color palette: royal blue, gold, white tabard. Style: heroic, clean heraldic, paladin, hand-painted toon shading, clean silhouette, suitable for an RTS unit at ~2m tall. Approximate size: 75 cm wide × 15 cm tall × 8 cm deep. Placement: right hand, vertical. Single mesh, T-pose neutral, no skeleton, baked diffuse texture only.","photoreal, hyperreal, realistic skin pores, no humans, no faces in armor, no text, no logos, no watermarks, no excess geometry, no PBR maps"
Human,WK_weapon_sword_A,Sword,A,light/cloth tier,right,,43×3×10 cm (W×H×D),"A low-poly stylized 3D model: western-kingdoms knight one-handed sword. light/cloth tier variant A. Materials/feel: polished plate steel, royal cloth, gold trim, leather straps. Color palette: royal blue, gold, white tabard. Style: heroic, clean heraldic, paladin, hand-painted toon shading, clean silhouette, suitable for an RTS unit at ~2m tall. Approximate size: 43 cm wide × 3 cm tall × 10 cm deep. Placement: right hand grip, blade pointing up. Single mesh, T-pose neutral, no skeleton, baked diffuse texture only.","photoreal, hyperreal, realistic skin pores, no humans, no faces in armor, no text, no logos, no watermarks, no excess geometry, no PBR maps"