Race,FileCategory,File,PartType,PartName,Group,Slot,Subtype,Variant,Description,Vertices,PolyIndices
Barbarian,animation,Barbarians/animation/Mage/BRB_mage_11_cast_B.FBX,bone,Bip001 Pelvis,Skeleton,Bone,,,Skeleton bone (Bip001 Pelvis),,
Barbarian,animation,Barbarians/animation/Mage/BRB_mage_11_cast_B.FBX,bone,Bip001 Spine,Skeleton,Bone,,,Skeleton bone (Bip001 Spine),,
Barbarian,animation,Barbarians/animation/Mage/BRB_mage_11_cast_B.FBX,bone,Bip001 Neck,Skeleton,Bone,,,Skeleton bone (Bip001 Neck),,
Barbarian,animation,Barbarians/animation/Mage/BRB_mage_11_cast_B.FBX,bone,Bip001 Head,Skeleton,Bone,,,Skeleton bone (Bip001 Head),,
Barbarian,animation,Barbarians/animation/Mage/BRB_mage_11_cast_B.FBX,bone,Bip001 L Clavicle,Skeleton,Bone,,,Skeleton bone (Bip001 L Clavicle),,
Barbarian,animation,Barbarians/animation/Mage/BRB_mage_11_cast_B.FBX,bone,Bip001 L UpperArm,Skeleton,Bone,,,Skeleton bone (Bip001 L UpperArm),,
Barbarian,animation,Barbarians/animation/Mage/BRB_mage_11_cast_B.FBX,bone,Bip001 L Forearm,Skeleton,Bone,,,Skeleton bone (Bip001 L Forearm),,
Barbarian,animation,Barbarians/animation/Mage/BRB_mage_11_cast_B.FBX,bone,Bip001 L Hand,Skeleton,Bone,,,Skeleton bone (Bip001 L Hand),,
Barbarian,animation,Barbarians/animation/Mage/BRB_mage_11_cast_B.FBX,bone,Bip001 R Clavicle,Skeleton,Bone,,,Skeleton bone (Bip001 R Clavicle),,
Barbarian,animation,Barbarians/animation/Mage/BRB_mage_11_cast_B.FBX,bone,Bip001 R UpperArm,Skeleton,Bone,,,Skeleton bone (Bip001 R UpperArm),,
Barbarian,animation,Barbarians/animation/Mage/BRB_mage_11_cast_B.FBX,bone,Bip001 R Forearm,Skeleton,Bone,,,Skeleton bone (Bip001 R Forearm),,
Barbarian,animation,Barbarians/animation/Mage/BRB_mage_11_cast_B.FBX,bone,Bip001 R Hand,Skeleton,Bone,,,Skeleton bone (Bip001 R Hand),,
Barbarian,animation,Barbarians/animation/Mage/BRB_mage_11_cast_B.FBX,bone,Bip001 L Thigh,Skeleton,Bone,,,Skeleton bone (Bip001 L Thigh),,
Barbarian,animation,Barbarians/animation/Mage/BRB_mage_11_cast_B.FBX,bone,Bip001 L Calf,Skeleton,Bone,,,Skeleton bone (Bip001 L Calf),,
Barbarian,animation,Barbarians/animation/Mage/BRB_mage_11_cast_B.FBX,bone,Bip001 L Foot,Skeleton,Bone,,,Skeleton bone (Bip001 L Foot),,
Barbarian,animation,Barbarians/animation/Mage/BRB_mage_11_cast_B.FBX,bone,Bip001 L Toe0,Skeleton,Bone,,,Skeleton bone (Bip001 L Toe0),,
Barbarian,animation,Barbarians/animation/Mage/BRB_mage_11_cast_B.FBX,bone,Bip001 R Thigh,Skeleton,Bone,,,Skeleton bone (Bip001 R Thigh),,
Barbarian,animation,Barbarians/animation/Mage/BRB_mage_11_cast_B.FBX,bone,Bip001 R Calf,Skeleton,Bone,,,Skeleton bone (Bip001 R Calf),,
Barbarian,animation,Barbarians/animation/Mage/BRB_mage_11_cast_B.FBX,bone,Bip001 R Foot,Skeleton,Bone,,,Skeleton bone (Bip001 R Foot),,
Barbarian,animation,Barbarians/animation/Mage/BRB_mage_11_cast_B.FBX,bone,Bip001 R Toe0,Skeleton,Bone,,,Skeleton bone (Bip001 R Toe0),,
Barbarian,animation,Barbarians/animation/Mage/BRB_mage_11_cast_B.FBX,anim_stack,Take 001,anim_stack,,,,Take 001,,
Barbarian,animation,Barbarians/animation/Spearman/BRB_spearman_07_attack.FBX,bone,Bip001 Pelvis,Skeleton,Bone,,,Skeleton bone (Bip001 Pelvis),,
Barbarian,animation,Barbarians/animation/Spearman/BRB_spearman_07_attack.FBX,bone,Bip001 Spine,Skeleton,Bone,,,Skeleton bone (Bip001 Spine),,
Barbarian,animation,Barbarians/animation/Spearman/BRB_spearman_07_attack.FBX,bone,Bip001 Neck,Skeleton,Bone,,,Skeleton bone (Bip001 Neck),,
Barbarian,animation,Barbarians/animation/Spearman/BRB_spearman_07_attack.FBX,bone,Bip001 Head,Skeleton,Bone,,,Skeleton bone (Bip001 Head),,
Barbarian,animation,Barbarians/animation/Spearman/BRB_spearman_07_attack.FBX,bone,Bip001 L Clavicle,Skeleton,Bone,,,Skeleton bone (Bip001 L Clavicle),,
Barbarian,animation,Barbarians/animation/Spearman/BRB_spearman_07_attack.FBX,bone,Bip001 L UpperArm,Skeleton,Bone,,,Skeleton bone (Bip001 L UpperArm),,
Barbarian,animation,Barbarians/animation/Spearman/BRB_spearman_07_attack.FBX,bone,Bip001 L Forearm,Skeleton,Bone,,,Skeleton bone (Bip001 L Forearm),,
Barbarian,animation,Barbarians/animation/Spearman/BRB_spearman_07_attack.FBX,bone,Bip001 L Hand,Skeleton,Bone,,,Skeleton bone (Bip001 L Hand),,
Barbarian,animation,Barbarians/animation/Spearman/BRB_spearman_07_attack.FBX,bone,Bip001 R Clavicle,Skeleton,Bone,,,Skeleton bone (Bip001 R Clavicle),,
Barbarian,animation,Barbarians/animation/Spearman/BRB_spearman_07_attack.FBX,bone,Bip001 R UpperArm,Skeleton,Bone,,,Skeleton bone (Bip001 R UpperArm),,
Barbarian,animation,Barbarians/animation/Spearman/BRB_spearman_07_attack.FBX,bone,Bip001 R Forearm,Skeleton,Bone,,,Skeleton bone (Bip001 R Forearm),,
Barbarian,animation,Barbarians/animation/Spearman/BRB_spearman_07_attack.FBX,bone,Bip001 R Hand,Skeleton,Bone,,,Skeleton bone (Bip001 R Hand),,
Barbarian,animation,Barbarians/animation/Spearman/BRB_spearman_07_attack.FBX,bone,Bip001 L Thigh,Skeleton,Bone,,,Skeleton bone (Bip001 L Thigh),,
Barbarian,animation,Barbarians/animation/Spearman/BRB_spearman_07_attack.FBX,bone,Bip001 L Calf,Skeleton,Bone,,,Skeleton bone (Bip001 L Calf),,
Barbarian,animation,Barbarians/animation/Spearman/BRB_spearman_07_attack.FBX,bone,Bip001 L Foot,Skeleton,Bone,,,Skeleton bone (Bip001 L Foot),,
Barbarian,animation,Barbarians/animation/Spearman/BRB_spearman_07_attack.FBX,bone,Bip001 L Toe0,Skeleton,Bone,,,Skeleton bone (Bip001 L Toe0),,
Barbarian,animation,Barbarians/animation/Spearman/BRB_spearman_07_attack.FBX,bone,Bip001 R Thigh,Skeleton,Bone,,,Skeleton bone (Bip001 R Thigh),,
Barbarian,animation,Barbarians/animation/Spearman/BRB_spearman_07_attack.FBX,bone,Bip001 R Calf,Skeleton,Bone,,,Skeleton bone (Bip001 R Calf),,
Barbarian,animation,Barbarians/animation/Spearman/BRB_spearman_07_attack.FBX,bone,Bip001 R Foot,Skeleton,Bone,,,Skeleton bone (Bip001 R Foot),,
Barbarian,animation,Barbarians/animation/Spearman/BRB_spearman_07_attack.FBX,bone,Bip001 R Toe0,Skeleton,Bone,,,Skeleton bone (Bip001 R Toe0),,
Barbarian,animation,Barbarians/animation/Spearman/BRB_spearman_07_attack.FBX,anim_stack,Take 001,anim_stack,,,,Take 001,,
Barbarian,cavalry-character,Barbarians/models/BRB_Cavalry_customizable.FBX,mesh_part,BRB_Horse,Mount,Creature,horse,,Mount creature: horse,,
Barbarian,cavalry-character,Barbarians/models/BRB_Cavalry_customizable.FBX,mesh_part,BRB_weapon_staff_A,Equipment,Weapon,staff,A,Staff (caster) variant A (right-hand weapon mesh),,
Barbarian,cavalry-character,Barbarians/models/BRB_Cavalry_customizable.FBX,mesh_part,BRB_weapon_Bow,Equipment,Weapon,bow,,Bow (ranged) variant - (right-hand weapon mesh),,
Barbarian,cavalry-character,Barbarians/models/BRB_Cavalry_customizable.FBX,mesh_part,BRB_weapon_staff_C,Equipment,Weapon,staff,C,Staff (caster) variant C (right-hand weapon mesh),,
Barbarian,cavalry-character,Barbarians/models/BRB_Cavalry_customizable.FBX,mesh_part,BRB_weapon_staff_B,Equipment,Weapon,staff,B,Staff (caster) variant B (right-hand weapon mesh),,
Barbarian,cavalry-character,Barbarians/models/BRB_Cavalry_customizable.FBX,mesh_part,BRB_Shield_A,Equipment,Shield,shield,A,Shield variant A (off-hand),,
Barbarian,cavalry-character,Barbarians/models/BRB_Cavalry_customizable.FBX,mesh_part,BRB_Shield_C,Equipment,Shield,shield,C,Shield variant C (off-hand),,
Barbarian,cavalry-character,Barbarians/models/BRB_Cavalry_customizable.FBX,mesh_part,BRB_Shield_D,Equipment,Shield,shield,D,Shield variant D (off-hand),,
Barbarian,cavalry-character,Barbarians/models/BRB_Cavalry_customizable.FBX,mesh_part,BRB_Shield_B,Equipment,Shield,shield,B,Shield variant B (off-hand),,
Barbarian,cavalry-character,Barbarians/models/BRB_Cavalry_customizable.FBX,mesh_part,BRB_weapon_sword_A,Equipment,Weapon,sword,A,Sword variant A (right-hand weapon mesh),,
Barbarian,cavalry-character,Barbarians/models/BRB_Cavalry_customizable.FBX,mesh_part,BRB_weapon_spear,Equipment,Weapon,spear,,Spear variant - (right-hand weapon mesh),,
Barbarian,cavalry-character,Barbarians/models/BRB_Cavalry_customizable.FBX,mesh_part,BRB_weapon_axe_A,Equipment,Weapon,axe,A,Axe variant A (right-hand weapon mesh),,
Barbarian,cavalry-character,Barbarians/models/BRB_Cavalry_customizable.FBX,mesh_part,BRB_weapon_sword_B,Equipment,Weapon,sword,B,Sword variant B (right-hand weapon mesh),,
Barbarian,cavalry-character,Barbarians/models/BRB_Cavalry_customizable.FBX,mesh_part,BRB_weapon_hammer_A,Equipment,Weapon,hammer,A,Hammer variant A (right-hand weapon mesh),,
Barbarian,cavalry-character,Barbarians/models/BRB_Cavalry_customizable.FBX,mesh_part,BRB_weapon_Dagger,Equipment,Weapon,dagger,,Dagger variant - (right-hand weapon mesh),,
Barbarian,cavalry-character,Barbarians/models/BRB_Cavalry_customizable.FBX,mesh_part,BRB_weapon_axe_B,Equipment,Weapon,axe,B,Axe variant B (right-hand weapon mesh),,
Barbarian,cavalry-character,Barbarians/models/BRB_Cavalry_customizable.FBX,mesh_part,BRB_weapon_hammer_B,Equipment,Weapon,hammer,B,Hammer variant B (right-hand weapon mesh),,
Barbarian,cavalry-character,Barbarians/models/BRB_Cavalry_customizable.FBX,mesh_part,BRB_weapon_axe_C,Equipment,Weapon,axe,C,Axe variant C (right-hand weapon mesh),,
Barbarian,cavalry-character,Barbarians/models/BRB_Cavalry_customizable.FBX,mesh_part,BRB_Xtra_quiver,Accessory,Extra,quiver,,Arrow quiver (back),,
Barbarian,cavalry-character,Barbarians/models/BRB_Cavalry_customizable.FBX,mesh_part,BRB_horse_Seat,Mount,Saddle,,,Saddle / rider seat for mount,,
Barbarian,cavalry-character,Barbarians/models/BRB_Cavalry_customizable.FBX,mesh_part,BRB_body_F,Body,Body / Torso,,F,Body / Torso variant F (swappable body mesh),,
Barbarian,cavalry-character,Barbarians/models/BRB_Cavalry_customizable.FBX,mesh_part,BRB_head_I,Body,Head,,I,Head variant I (swappable body mesh),,
Barbarian,cavalry-character,Barbarians/models/BRB_Cavalry_customizable.FBX,mesh_part,BRB_head_J,Body,Head,,J,Head variant J (swappable body mesh),,
Barbarian,cavalry-character,Barbarians/models/BRB_Cavalry_customizable.FBX,mesh_part,BRB_head_C,Body,Head,,C,Head variant C (swappable body mesh),,
Barbarian,cavalry-character,Barbarians/models/BRB_Cavalry_customizable.FBX,mesh_part,BRB_body_A,Body,Body / Torso,,A,Body / Torso variant A (swappable body mesh),,
Barbarian,cavalry-character,Barbarians/models/BRB_Cavalry_customizable.FBX,mesh_part,BRB_body_B,Body,Body / Torso,,B,Body / Torso variant B (swappable body mesh),,
Barbarian,cavalry-character,Barbarians/models/BRB_Cavalry_customizable.FBX,mesh_part,BRB_body_E,Body,Body / Torso,,E,Body / Torso variant E (swappable body mesh),,
Barbarian,cavalry-character,Barbarians/models/BRB_Cavalry_customizable.FBX,mesh_part,BRB_head_B,Body,Head,,B,Head variant B (swappable body mesh),,
Barbarian,cavalry-character,Barbarians/models/BRB_Cavalry_customizable.FBX,mesh_part,BRB_body_D,Body,Body / Torso,,D,Body / Torso variant D (swappable body mesh),,
Barbarian,cavalry-character,Barbarians/models/BRB_Cavalry_customizable.FBX,mesh_part,BRB_head_A,Body,Head,,A,Head variant A (swappable body mesh),,
Barbarian,cavalry-character,Barbarians/models/BRB_Cavalry_customizable.FBX,mesh_part,BRB_shoulderpads_B,Body,Shoulders,,B,Shoulders variant B (swappable body mesh),,
Barbarian,cavalry-character,Barbarians/models/BRB_Cavalry_customizable.FBX,mesh_part,BRB_body_G,Body,Body / Torso,,G,Body / Torso variant G (swappable body mesh),,
Barbarian,cavalry-character,Barbarians/models/BRB_Cavalry_customizable.FBX,mesh_part,BRB_head_D,Body,Head,,D,Head variant D (swappable body mesh),,
Barbarian,cavalry-character,Barbarians/models/BRB_Cavalry_customizable.FBX,mesh_part,BRB_head_F,Body,Head,,F,Head variant F (swappable body mesh),,
Barbarian,cavalry-character,Barbarians/models/BRB_Cavalry_customizable.FBX,mesh_part,BRB_head_H,Body,Head,,H,Head variant H (swappable body mesh),,
Barbarian,cavalry-character,Barbarians/models/BRB_Cavalry_customizable.FBX,mesh_part,BRB_shoulderpads_C,Body,Shoulders,,C,Shoulders variant C (swappable body mesh),,
Barbarian,cavalry-character,Barbarians/models/BRB_Cavalry_customizable.FBX,mesh_part,BRB_shoulderpads_A,Body,Shoulders,,A,Shoulders variant A (swappable body mesh),,
Barbarian,cavalry-character,Barbarians/models/BRB_Cavalry_customizable.FBX,mesh_part,BRB_head_E,Body,Head,,E,Head variant E (swappable body mesh),,
Barbarian,cavalry-character,Barbarians/models/BRB_Cavalry_customizable.FBX,mesh_part,BRB_head_G,Body,Head,,G,Head variant G (swappable body mesh),,
Barbarian,cavalry-character,Barbarians/models/BRB_Cavalry_customizable.FBX,mesh_part,BRB_body_C,Body,Body / Torso,,C,Body / Torso variant C (swappable body mesh),,
Barbarian,cavalry-character,Barbarians/models/BRB_Cavalry_customizable.FBX,mesh_part,BRB_body_H,Body,Body / Torso,,H,Body / Torso variant H (swappable body mesh),,
Barbarian,cavalry-character,Barbarians/models/BRB_Cavalry_customizable.FBX,mesh_part,BRB_arms_A,Body,Arms,,A,Arms variant A (swappable body mesh),,
Barbarian,cavalry-character,Barbarians/models/BRB_Cavalry_customizable.FBX,mesh_part,BRB_legs_A,Body,Legs,,A,Legs variant A (swappable body mesh),,
Barbarian,cavalry-character,Barbarians/models/BRB_Cavalry_customizable.FBX,mesh_part,BRB_arms_B,Body,Arms,,B,Arms variant B (swappable body mesh),,
Barbarian,cavalry-character,Barbarians/models/BRB_Cavalry_customizable.FBX,mesh_part,BRB_legs_B,Body,Legs,,B,Legs variant B (swappable body mesh),,
Barbarian,cavalry-character,Barbarians/models/BRB_Cavalry_customizable.FBX,mesh_part,BRB_arms_C,Body,Arms,,C,Arms variant C (swappable body mesh),,
Barbarian,cavalry-character,Barbarians/models/BRB_Cavalry_customizable.FBX,mesh_part,BRB_legs_C,Body,Legs,,C,Legs variant C (swappable body mesh),,
Barbarian,cavalry-character,Barbarians/models/BRB_Cavalry_customizable.FBX,geometry,(unnamed),geometry,,,,(unnamed),174,794
Barbarian,cavalry-character,Barbarians/models/BRB_Cavalry_customizable.FBX,geometry,(unnamed),geometry,,,,(unnamed),21,84
Barbarian,cavalry-character,Barbarians/models/BRB_Cavalry_customizable.FBX,geometry,(unnamed),geometry,,,,(unnamed),23,114
Barbarian,cavalry-character,Barbarians/models/BRB_Cavalry_customizable.FBX,geometry,(unnamed),geometry,,,,(unnamed),134,364
Barbarian,cavalry-character,Barbarians/models/BRB_Cavalry_customizable.FBX,geometry,(unnamed),geometry,,,,(unnamed),29,126
Barbarian,cavalry-character,Barbarians/models/BRB_Cavalry_customizable.FBX,geometry,(unnamed),geometry,,,,(unnamed),17,86
Barbarian,cavalry-character,Barbarians/models/BRB_Cavalry_customizable.FBX,geometry,(unnamed),geometry,,,,(unnamed),25,102
Barbarian,cavalry-character,Barbarians/models/BRB_Cavalry_customizable.FBX,geometry,(unnamed),geometry,,,,(unnamed),27,110
Barbarian,cavalry-character,Barbarians/models/BRB_Cavalry_customizable.FBX,geometry,(unnamed),geometry,,,,(unnamed),27,110
Barbarian,cavalry-character,Barbarians/models/BRB_Cavalry_customizable.FBX,geometry,(unnamed),geometry,,,,(unnamed),17,70
Barbarian,cavalry-character,Barbarians/models/BRB_Cavalry_customizable.FBX,geometry,(unnamed),geometry,,,,(unnamed),21,86
Barbarian,cavalry-character,Barbarians/models/BRB_Cavalry_customizable.FBX,geometry,(unnamed),geometry,,,,(unnamed),24,88
Barbarian,cavalry-character,Barbarians/models/BRB_Cavalry_customizable.FBX,geometry,(unnamed),geometry,,,,(unnamed),26,114
Barbarian,cavalry-character,Barbarians/models/BRB_Cavalry_customizable.FBX,geometry,(unnamed),geometry,,,,(unnamed),18,56
Barbarian,cavalry-character,Barbarians/models/BRB_Cavalry_customizable.FBX,geometry,(unnamed),geometry,,,,(unnamed),15,52
Barbarian,cavalry-character,Barbarians/models/BRB_Cavalry_customizable.FBX,geometry,(unnamed),geometry,,,,(unnamed),40,134
Barbarian,cavalry-character,Barbarians/models/BRB_Cavalry_customizable.FBX,geometry,(unnamed),geometry,,,,(unnamed),23,84
Barbarian,cavalry-character,Barbarians/models/BRB_Cavalry_customizable.FBX,geometry,(unnamed),geometry,,,,(unnamed),47,168
Barbarian,cavalry-character,Barbarians/models/BRB_Cavalry_customizable.FBX,geometry,(unnamed),geometry,,,,(unnamed),56,129
Barbarian,cavalry-character,Barbarians/models/BRB_Cavalry_customizable.FBX,geometry,(unnamed),geometry,,,,(unnamed),19,90
Barbarian,cavalry-character,Barbarians/models/BRB_Cavalry_customizable.FBX,geometry,(unnamed),geometry,,,,(unnamed),119,506
Barbarian,cavalry-character,Barbarians/models/BRB_Cavalry_customizable.FBX,geometry,(unnamed),geometry,,,,(unnamed),101,316
Barbarian,cavalry-character,Barbarians/models/BRB_Cavalry_customizable.FBX,geometry,(unnamed),geometry,,,,(unnamed),48,212
Barbarian,cavalry-character,Barbarians/models/BRB_Cavalry_customizable.FBX,geometry,(unnamed),geometry,,,,(unnamed),55,255
Barbarian,cavalry-character,Barbarians/models/BRB_Cavalry_customizable.FBX,geometry,(unnamed),geometry,,,,(unnamed),92,356
Barbarian,cavalry-character,Barbarians/models/BRB_Cavalry_customizable.FBX,geometry,(unnamed),geometry,,,,(unnamed),92,364
Barbarian,cavalry-character,Barbarians/models/BRB_Cavalry_customizable.FBX,geometry,(unnamed),geometry,,,,(unnamed),92,360
Barbarian,cavalry-character,Barbarians/models/BRB_Cavalry_customizable.FBX,geometry,(unnamed),geometry,,,,(unnamed),57,258
Barbarian,cavalry-character,Barbarians/models/BRB_Cavalry_customizable.FBX,geometry,(unnamed),geometry,,,,(unnamed),92,364
Barbarian,cavalry-character,Barbarians/models/BRB_Cavalry_customizable.FBX,geometry,(unnamed),geometry,,,,(unnamed),34,164
Barbarian,cavalry-character,Barbarians/models/BRB_Cavalry_customizable.FBX,geometry,(unnamed),geometry,,,,(unnamed),34,148
Barbarian,cavalry-character,Barbarians/models/BRB_Cavalry_customizable.FBX,geometry,(unnamed),geometry,,,,(unnamed),122,502
Barbarian,cavalry-character,Barbarians/models/BRB_Cavalry_customizable.FBX,geometry,(unnamed),geometry,,,,(unnamed),71,282
Barbarian,cavalry-character,Barbarians/models/BRB_Cavalry_customizable.FBX,geometry,(unnamed),geometry,,,,(unnamed),97,408
Barbarian,cavalry-character,Barbarians/models/BRB_Cavalry_customizable.FBX,geometry,(unnamed),geometry,,,,(unnamed),120,350
Barbarian,cavalry-character,Barbarians/models/BRB_Cavalry_customizable.FBX,geometry,(unnamed),geometry,,,,(unnamed),127,672
Barbarian,cavalry-character,Barbarians/models/BRB_Cavalry_customizable.FBX,geometry,(unnamed),geometry,,,,(unnamed),31,133
Barbarian,cavalry-character,Barbarians/models/BRB_Cavalry_customizable.FBX,geometry,(unnamed),geometry,,,,(unnamed),68,286
Barbarian,cavalry-character,Barbarians/models/BRB_Cavalry_customizable.FBX,geometry,(unnamed),geometry,,,,(unnamed),54,220
Barbarian,cavalry-character,Barbarians/models/BRB_Cavalry_customizable.FBX,geometry,(unnamed),geometry,,,,(unnamed),92,364
Barbarian,cavalry-character,Barbarians/models/BRB_Cavalry_customizable.FBX,geometry,(unnamed),geometry,,,,(unnamed),122,502
Barbarian,cavalry-character,Barbarians/models/BRB_Cavalry_customizable.FBX,geometry,(unnamed),geometry,,,,(unnamed),26,112
Barbarian,cavalry-character,Barbarians/models/BRB_Cavalry_customizable.FBX,geometry,(unnamed),geometry,,,,(unnamed),36,156
Barbarian,cavalry-character,Barbarians/models/BRB_Cavalry_customizable.FBX,geometry,(unnamed),geometry,,,,(unnamed),26,112
Barbarian,cavalry-character,Barbarians/models/BRB_Cavalry_customizable.FBX,geometry,(unnamed),geometry,,,,(unnamed),36,156
Barbarian,cavalry-character,Barbarians/models/BRB_Cavalry_customizable.FBX,geometry,(unnamed),geometry,,,,(unnamed),50,224
Barbarian,cavalry-character,Barbarians/models/BRB_Cavalry_customizable.FBX,geometry,(unnamed),geometry,,,,(unnamed),36,156
Barbarian,cavalry-character,Barbarians/models/BRB_Cavalry_customizable.FBX,bone,Bip001 Pelvis,Skeleton,Bone,,,Skeleton bone (Bip001 Pelvis),,
Barbarian,cavalry-character,Barbarians/models/BRB_Cavalry_customizable.FBX,bone,Bip001 Spine,Skeleton,Bone,,,Skeleton bone (Bip001 Spine),,
Barbarian,cavalry-character,Barbarians/models/BRB_Cavalry_customizable.FBX,bone,Bip001 Neck,Skeleton,Bone,,,Skeleton bone (Bip001 Neck),,
Barbarian,cavalry-character,Barbarians/models/BRB_Cavalry_customizable.FBX,bone,Bip001 Head,Skeleton,Bone,,,Skeleton bone (Bip001 Head),,
Barbarian,cavalry-character,Barbarians/models/BRB_Cavalry_customizable.FBX,bone,Bip001 HeadNub,Skeleton,Bone,,,Skeleton bone (Bip001 HeadNub),,
Barbarian,cavalry-character,Barbarians/models/BRB_Cavalry_customizable.FBX,bone,Bip001 L Clavicle,Skeleton,Bone,,,Skeleton bone (Bip001 L Clavicle),,
Barbarian,cavalry-character,Barbarians/models/BRB_Cavalry_customizable.FBX,bone,Bip001 L UpperArm,Skeleton,Bone,,,Skeleton bone (Bip001 L UpperArm),,
Barbarian,cavalry-character,Barbarians/models/BRB_Cavalry_customizable.FBX,bone,Bip001 L Forearm,Skeleton,Bone,,,Skeleton bone (Bip001 L Forearm),,
Barbarian,cavalry-character,Barbarians/models/BRB_Cavalry_customizable.FBX,bone,Bip001 L Hand,Skeleton,Bone,,,Skeleton bone (Bip001 L Hand),,
Barbarian,cavalry-character,Barbarians/models/BRB_Cavalry_customizable.FBX,bone,Bip001 L Finger0,Skeleton,Bone,,,Skeleton bone (Bip001 L Finger0),,
Barbarian,cavalry-character,Barbarians/models/BRB_Cavalry_customizable.FBX,bone,Bip001 L Finger0Nub,Skeleton,Bone,,,Skeleton bone (Bip001 L Finger0Nub),,
Barbarian,cavalry-character,Barbarians/models/BRB_Cavalry_customizable.FBX,bone,Bip001 R Clavicle,Skeleton,Bone,,,Skeleton bone (Bip001 R Clavicle),,
Barbarian,cavalry-character,Barbarians/models/BRB_Cavalry_customizable.FBX,bone,Bip001 R UpperArm,Skeleton,Bone,,,Skeleton bone (Bip001 R UpperArm),,
Barbarian,cavalry-character,Barbarians/models/BRB_Cavalry_customizable.FBX,bone,Bip001 R Forearm,Skeleton,Bone,,,Skeleton bone (Bip001 R Forearm),,
Barbarian,cavalry-character,Barbarians/models/BRB_Cavalry_customizable.FBX,bone,Bip001 R Hand,Skeleton,Bone,,,Skeleton bone (Bip001 R Hand),,
Barbarian,cavalry-character,Barbarians/models/BRB_Cavalry_customizable.FBX,bone,Bip001 R Finger0,Skeleton,Bone,,,Skeleton bone (Bip001 R Finger0),,
Barbarian,cavalry-character,Barbarians/models/BRB_Cavalry_customizable.FBX,bone,Bip001 R Finger0Nub,Skeleton,Bone,,,Skeleton bone (Bip001 R Finger0Nub),,
Barbarian,cavalry-character,Barbarians/models/BRB_Cavalry_customizable.FBX,bone,Bip001 L Thigh,Skeleton,Bone,,,Skeleton bone (Bip001 L Thigh),,
Barbarian,cavalry-character,Barbarians/models/BRB_Cavalry_customizable.FBX,bone,Bip001 L Calf,Skeleton,Bone,,,Skeleton bone (Bip001 L Calf),,
Barbarian,cavalry-character,Barbarians/models/BRB_Cavalry_customizable.FBX,bone,Bip001 L Foot,Skeleton,Bone,,,Skeleton bone (Bip001 L Foot),,
Barbarian,cavalry-character,Barbarians/models/BRB_Cavalry_customizable.FBX,bone,Bip001 L Toe0,Skeleton,Bone,,,Skeleton bone (Bip001 L Toe0),,
Barbarian,cavalry-character,Barbarians/models/BRB_Cavalry_customizable.FBX,bone,Bip001 L Toe0Nub,Skeleton,Bone,,,Skeleton bone (Bip001 L Toe0Nub),,
Barbarian,cavalry-character,Barbarians/models/BRB_Cavalry_customizable.FBX,bone,Bip001 R Thigh,Skeleton,Bone,,,Skeleton bone (Bip001 R Thigh),,
Barbarian,cavalry-character,Barbarians/models/BRB_Cavalry_customizable.FBX,bone,Bip001 R Calf,Skeleton,Bone,,,Skeleton bone (Bip001 R Calf),,
Barbarian,cavalry-character,Barbarians/models/BRB_Cavalry_customizable.FBX,bone,Bip001 R Foot,Skeleton,Bone,,,Skeleton bone (Bip001 R Foot),,
Barbarian,cavalry-character,Barbarians/models/BRB_Cavalry_customizable.FBX,bone,Bip001 R Toe0,Skeleton,Bone,,,Skeleton bone (Bip001 R Toe0),,
Barbarian,cavalry-character,Barbarians/models/BRB_Cavalry_customizable.FBX,bone,Bip001 R Toe0Nub,Skeleton,Bone,,,Skeleton bone (Bip001 R Toe0Nub),,
Barbarian,cavalry-character,Barbarians/models/BRB_Cavalry_customizable.FBX,bone,Bip001 Tail,Skeleton,Bone,,,Skeleton bone (Bip001 Tail),,
Barbarian,cavalry-character,Barbarians/models/BRB_Cavalry_customizable.FBX,bone,Bip001 Tail1,Skeleton,Bone,,,Skeleton bone (Bip001 Tail1),,
Barbarian,cavalry-character,Barbarians/models/BRB_Cavalry_customizable.FBX,bone,Bip001 TailNub,Skeleton,Bone,,,Skeleton bone (Bip001 TailNub),,
Barbarian,cavalry-character,Barbarians/models/BRB_Cavalry_customizable.FBX,bone,Bone_Mount,Skeleton,Bone,,,Skeleton bone (Bone_Mount),,
Barbarian,cavalry-character,Barbarians/models/BRB_Cavalry_customizable.FBX,bone,Bip001 Pelvis001,Skeleton,Bone,,,Skeleton bone (Bip001 Pelvis001),,
Barbarian,cavalry-character,Barbarians/models/BRB_Cavalry_customizable.FBX,bone,Bip001 Spine001,Skeleton,Bone,,,Skeleton bone (Bip001 Spine001),,
Barbarian,cavalry-character,Barbarians/models/BRB_Cavalry_customizable.FBX,bone,Bip001 Neck001,Skeleton,Bone,,,Skeleton bone (Bip001 Neck001),,
Barbarian,cavalry-character,Barbarians/models/BRB_Cavalry_customizable.FBX,bone,Bip001 Head001,Skeleton,Bone,,,Skeleton bone (Bip001 Head001),,
Barbarian,cavalry-character,Barbarians/models/BRB_Cavalry_customizable.FBX,bone,Bip001 HeadNub001,Skeleton,Bone,,,Skeleton bone (Bip001 HeadNub001),,
Barbarian,cavalry-character,Barbarians/models/BRB_Cavalry_customizable.FBX,bone,Bip001 L Clavicle001,Skeleton,Bone,,,Skeleton bone (Bip001 L Clavicle001),,
Barbarian,cavalry-character,Barbarians/models/BRB_Cavalry_customizable.FBX,bone,Bip001 L UpperArm001,Skeleton,Bone,,,Skeleton bone (Bip001 L UpperArm001),,
Barbarian,cavalry-character,Barbarians/models/BRB_Cavalry_customizable.FBX,bone,Bip001 L Forearm001,Skeleton,Bone,,,Skeleton bone (Bip001 L Forearm001),,
Barbarian,cavalry-character,Barbarians/models/BRB_Cavalry_customizable.FBX,bone,Bip001 L Hand001,Skeleton,Bone,,,Skeleton bone (Bip001 L Hand001),,
Barbarian,cavalry-character,Barbarians/models/BRB_Cavalry_customizable.FBX,bone,L_hand_container,Skeleton,Bone,,,Skeleton bone (L_hand_container),,
Barbarian,cavalry-character,Barbarians/models/BRB_Cavalry_customizable.FBX,bone,L_shield_container,Skeleton,Bone,,,Skeleton bone (L_shield_container),,
Barbarian,cavalry-character,Barbarians/models/BRB_Cavalry_customizable.FBX,bone,Bip001 R Clavicle001,Skeleton,Bone,,,Skeleton bone (Bip001 R Clavicle001),,
Barbarian,cavalry-character,Barbarians/models/BRB_Cavalry_customizable.FBX,bone,Bip001 R UpperArm001,Skeleton,Bone,,,Skeleton bone (Bip001 R UpperArm001),,
Barbarian,cavalry-character,Barbarians/models/BRB_Cavalry_customizable.FBX,bone,Bip001 R Forearm001,Skeleton,Bone,,,Skeleton bone (Bip001 R Forearm001),,
Barbarian,cavalry-character,Barbarians/models/BRB_Cavalry_customizable.FBX,bone,Bip001 R Hand001,Skeleton,Bone,,,Skeleton bone (Bip001 R Hand001),,
Barbarian,cavalry-character,Barbarians/models/BRB_Cavalry_customizable.FBX,bone,R_hand_container,Skeleton,Bone,,,Skeleton bone (R_hand_container),,
Barbarian,cavalry-character,Barbarians/models/BRB_Cavalry_customizable.FBX,bone,Quiver_container,Skeleton,Bone,,,Skeleton bone (Quiver_container),,
Barbarian,cavalry-character,Barbarians/models/BRB_Cavalry_customizable.FBX,bone,Bip001 L Thigh001,Skeleton,Bone,,,Skeleton bone (Bip001 L Thigh001),,
Barbarian,cavalry-character,Barbarians/models/BRB_Cavalry_customizable.FBX,bone,Bip001 L Calf001,Skeleton,Bone,,,Skeleton bone (Bip001 L Calf001),,
Barbarian,cavalry-character,Barbarians/models/BRB_Cavalry_customizable.FBX,bone,Bip001 L Foot001,Skeleton,Bone,,,Skeleton bone (Bip001 L Foot001),,
Barbarian,cavalry-character,Barbarians/models/BRB_Cavalry_customizable.FBX,bone,Bip001 L Toe001,Skeleton,Bone,,,Skeleton bone (Bip001 L Toe001),,
Barbarian,cavalry-character,Barbarians/models/BRB_Cavalry_customizable.FBX,bone,Bip001 L Toe0Nub001,Skeleton,Bone,,,Skeleton bone (Bip001 L Toe0Nub001),,
Barbarian,cavalry-character,Barbarians/models/BRB_Cavalry_customizable.FBX,bone,Bip001 R Thigh001,Skeleton,Bone,,,Skeleton bone (Bip001 R Thigh001),,
Barbarian,cavalry-character,Barbarians/models/BRB_Cavalry_customizable.FBX,bone,Bip001 R Calf001,Skeleton,Bone,,,Skeleton bone (Bip001 R Calf001),,
Barbarian,cavalry-character,Barbarians/models/BRB_Cavalry_customizable.FBX,bone,Bip001 R Foot001,Skeleton,Bone,,,Skeleton bone (Bip001 R Foot001),,
Barbarian,cavalry-character,Barbarians/models/BRB_Cavalry_customizable.FBX,bone,Bip001 R Toe001,Skeleton,Bone,,,Skeleton bone (Bip001 R Toe001),,
Barbarian,cavalry-character,Barbarians/models/BRB_Cavalry_customizable.FBX,bone,Bip001 R Toe0Nub001,Skeleton,Bone,,,Skeleton bone (Bip001 R Toe0Nub001),,
Barbarian,cavalry-character,Barbarians/models/BRB_Cavalry_customizable.FBX,null,Bip001 Footsteps,Rig,Helper,,,Null helper / rig node (Bip001 Footsteps),,
Barbarian,cavalry-character,Barbarians/models/BRB_Cavalry_customizable.FBX,null,Bip001 Footsteps001,Rig,Helper,,,Null helper / rig node (Bip001 Footsteps001),,
Barbarian,cavalry-character,Barbarians/models/BRB_Cavalry_customizable.FBX,material,BRB_Standard_Units,material,,,,BRB_Standard_Units,,
Barbarian,cavalry-character,Barbarians/models/BRB_Cavalry_customizable.FBX,texture,Map #9,texture,,,,Map #9,,
Barbarian,cavalry-character,Barbarians/models/BRB_Cavalry_customizable.FBX,anim_stack,Take 001,anim_stack,,,,Take 001,,
Barbarian,character,Barbarians/models/BRB_Characters_customizable.FBX,mesh_part,BRB_weapon_staff_A,Equipment,Weapon,staff,A,Staff (caster) variant A (right-hand weapon mesh),,
Barbarian,character,Barbarians/models/BRB_Characters_customizable.FBX,mesh_part,BRB_weapon_Bow,Equipment,Weapon,bow,,Bow (ranged) variant - (right-hand weapon mesh),,
Barbarian,character,Barbarians/models/BRB_Characters_customizable.FBX,mesh_part,BRB_weapon_staff_C,Equipment,Weapon,staff,C,Staff (caster) variant C (right-hand weapon mesh),,
Barbarian,character,Barbarians/models/BRB_Characters_customizable.FBX,mesh_part,BRB_weapon_staff_B,Equipment,Weapon,staff,B,Staff (caster) variant B (right-hand weapon mesh),,
Barbarian,character,Barbarians/models/BRB_Characters_customizable.FBX,mesh_part,BRB_Shield_A,Equipment,Shield,shield,A,Shield variant A (off-hand),,
Barbarian,character,Barbarians/models/BRB_Characters_customizable.FBX,mesh_part,BRB_Shield_C,Equipment,Shield,shield,C,Shield variant C (off-hand),,
Barbarian,character,Barbarians/models/BRB_Characters_customizable.FBX,mesh_part,BRB_Shield_D,Equipment,Shield,shield,D,Shield variant D (off-hand),,
Barbarian,character,Barbarians/models/BRB_Characters_customizable.FBX,mesh_part,BRB_Shield_B,Equipment,Shield,shield,B,Shield variant B (off-hand),,
Barbarian,character,Barbarians/models/BRB_Characters_customizable.FBX,mesh_part,BRB_weapon_sword_A,Equipment,Weapon,sword,A,Sword variant A (right-hand weapon mesh),,
Barbarian,character,Barbarians/models/BRB_Characters_customizable.FBX,mesh_part,BRB_weapon_spear,Equipment,Weapon,spear,,Spear variant - (right-hand weapon mesh),,
Barbarian,character,Barbarians/models/BRB_Characters_customizable.FBX,mesh_part,BRB_weapon_axe_A,Equipment,Weapon,axe,A,Axe variant A (right-hand weapon mesh),,
Barbarian,character,Barbarians/models/BRB_Characters_customizable.FBX,mesh_part,BRB_weapon_sword_B,Equipment,Weapon,sword,B,Sword variant B (right-hand weapon mesh),,
Barbarian,character,Barbarians/models/BRB_Characters_customizable.FBX,mesh_part,BRB_weapon_hammer_A,Equipment,Weapon,hammer,A,Hammer variant A (right-hand weapon mesh),,
Barbarian,character,Barbarians/models/BRB_Characters_customizable.FBX,mesh_part,BRB_weapon_Dagger,Equipment,Weapon,dagger,,Dagger variant - (right-hand weapon mesh),,
Barbarian,character,Barbarians/models/BRB_Characters_customizable.FBX,mesh_part,BRB_weapon_axe_B,Equipment,Weapon,axe,B,Axe variant B (right-hand weapon mesh),,
Barbarian,character,Barbarians/models/BRB_Characters_customizable.FBX,mesh_part,BRB_weapon_hammer_B,Equipment,Weapon,hammer,B,Hammer variant B (right-hand weapon mesh),,
Barbarian,character,Barbarians/models/BRB_Characters_customizable.FBX,mesh_part,BRB_weapon_axe_C,Equipment,Weapon,axe,C,Axe variant C (right-hand weapon mesh),,
Barbarian,character,Barbarians/models/BRB_Characters_customizable.FBX,mesh_part,BRB_Xtra_wood,Accessory,Extra,wood,,Wood/log carry prop,,
Barbarian,character,Barbarians/models/BRB_Characters_customizable.FBX,mesh_part,BRB_Xtra_bag,Accessory,Extra,bag,,Belt bag / pouch,,
Barbarian,character,Barbarians/models/BRB_Characters_customizable.FBX,mesh_part,BRB_Xtra_quiver,Accessory,Extra,quiver,,Arrow quiver (back),,
Barbarian,character,Barbarians/models/BRB_Characters_customizable.FBX,mesh_part,BRB_body_F,Body,Body / Torso,,F,Body / Torso variant F (swappable body mesh),,
Barbarian,character,Barbarians/models/BRB_Characters_customizable.FBX,mesh_part,BRB_head_I,Body,Head,,I,Head variant I (swappable body mesh),,
Barbarian,character,Barbarians/models/BRB_Characters_customizable.FBX,mesh_part,BRB_head_J,Body,Head,,J,Head variant J (swappable body mesh),,
Barbarian,character,Barbarians/models/BRB_Characters_customizable.FBX,mesh_part,BRB_head_C,Body,Head,,C,Head variant C (swappable body mesh),,
Barbarian,character,Barbarians/models/BRB_Characters_customizable.FBX,mesh_part,BRB_body_A,Body,Body / Torso,,A,Body / Torso variant A (swappable body mesh),,
Barbarian,character,Barbarians/models/BRB_Characters_customizable.FBX,mesh_part,BRB_body_B,Body,Body / Torso,,B,Body / Torso variant B (swappable body mesh),,
Barbarian,character,Barbarians/models/BRB_Characters_customizable.FBX,mesh_part,BRB_body_E,Body,Body / Torso,,E,Body / Torso variant E (swappable body mesh),,
Barbarian,character,Barbarians/models/BRB_Characters_customizable.FBX,mesh_part,BRB_head_B,Body,Head,,B,Head variant B (swappable body mesh),,
Barbarian,character,Barbarians/models/BRB_Characters_customizable.FBX,mesh_part,BRB_body_D,Body,Body / Torso,,D,Body / Torso variant D (swappable body mesh),,
Barbarian,character,Barbarians/models/BRB_Characters_customizable.FBX,mesh_part,BRB_head_A,Body,Head,,A,Head variant A (swappable body mesh),,
Barbarian,character,Barbarians/models/BRB_Characters_customizable.FBX,mesh_part,BRB_shoulderpads_B,Body,Shoulders,,B,Shoulders variant B (swappable body mesh),,
Barbarian,character,Barbarians/models/BRB_Characters_customizable.FBX,mesh_part,BRB_body_G,Body,Body / Torso,,G,Body / Torso variant G (swappable body mesh),,
Barbarian,character,Barbarians/models/BRB_Characters_customizable.FBX,mesh_part,BRB_head_D,Body,Head,,D,Head variant D (swappable body mesh),,
Barbarian,character,Barbarians/models/BRB_Characters_customizable.FBX,mesh_part,BRB_head_F,Body,Head,,F,Head variant F (swappable body mesh),,
Barbarian,character,Barbarians/models/BRB_Characters_customizable.FBX,mesh_part,BRB_head_H,Body,Head,,H,Head variant H (swappable body mesh),,
Barbarian,character,Barbarians/models/BRB_Characters_customizable.FBX,mesh_part,BRB_shoulderpads_C,Body,Shoulders,,C,Shoulders variant C (swappable body mesh),,
Barbarian,character,Barbarians/models/BRB_Characters_customizable.FBX,mesh_part,BRB_shoulderpads_A,Body,Shoulders,,A,Shoulders variant A (swappable body mesh),,
Barbarian,character,Barbarians/models/BRB_Characters_customizable.FBX,mesh_part,BRB_head_E,Body,Head,,E,Head variant E (swappable body mesh),,
Barbarian,character,Barbarians/models/BRB_Characters_customizable.FBX,mesh_part,BRB_head_G,Body,Head,,G,Head variant G (swappable body mesh),,
Barbarian,character,Barbarians/models/BRB_Characters_customizable.FBX,mesh_part,BRB_body_C,Body,Body / Torso,,C,Body / Torso variant C (swappable body mesh),,
Barbarian,character,Barbarians/models/BRB_Characters_customizable.FBX,mesh_part,BRB_body_H,Body,Body / Torso,,H,Body / Torso variant H (swappable body mesh),,
Barbarian,character,Barbarians/models/BRB_Characters_customizable.FBX,mesh_part,BRB_arms_A,Body,Arms,,A,Arms variant A (swappable body mesh),,
Barbarian,character,Barbarians/models/BRB_Characters_customizable.FBX,mesh_part,BRB_legs_A,Body,Legs,,A,Legs variant A (swappable body mesh),,
Barbarian,character,Barbarians/models/BRB_Characters_customizable.FBX,mesh_part,BRB_arms_B,Body,Arms,,B,Arms variant B (swappable body mesh),,
Barbarian,character,Barbarians/models/BRB_Characters_customizable.FBX,mesh_part,BRB_legs_B,Body,Legs,,B,Legs variant B (swappable body mesh),,
Barbarian,character,Barbarians/models/BRB_Characters_customizable.FBX,mesh_part,BRB_arms_C,Body,Arms,,C,Arms variant C (swappable body mesh),,
Barbarian,character,Barbarians/models/BRB_Characters_customizable.FBX,mesh_part,BRB_legs_C,Body,Legs,,C,Legs variant C (swappable body mesh),,
Barbarian,character,Barbarians/models/BRB_Characters_customizable.FBX,geometry,(unnamed),geometry,,,,(unnamed),21,84
Barbarian,character,Barbarians/models/BRB_Characters_customizable.FBX,geometry,(unnamed),geometry,,,,(unnamed),23,114
Barbarian,character,Barbarians/models/BRB_Characters_customizable.FBX,geometry,(unnamed),geometry,,,,(unnamed),134,364
Barbarian,character,Barbarians/models/BRB_Characters_customizable.FBX,geometry,(unnamed),geometry,,,,(unnamed),29,126
Barbarian,character,Barbarians/models/BRB_Characters_customizable.FBX,geometry,(unnamed),geometry,,,,(unnamed),17,86
Barbarian,character,Barbarians/models/BRB_Characters_customizable.FBX,geometry,(unnamed),geometry,,,,(unnamed),25,102
Barbarian,character,Barbarians/models/BRB_Characters_customizable.FBX,geometry,(unnamed),geometry,,,,(unnamed),27,110
Barbarian,character,Barbarians/models/BRB_Characters_customizable.FBX,geometry,(unnamed),geometry,,,,(unnamed),27,110
Barbarian,character,Barbarians/models/BRB_Characters_customizable.FBX,geometry,(unnamed),geometry,,,,(unnamed),17,70
Barbarian,character,Barbarians/models/BRB_Characters_customizable.FBX,geometry,(unnamed),geometry,,,,(unnamed),21,86
Barbarian,character,Barbarians/models/BRB_Characters_customizable.FBX,geometry,(unnamed),geometry,,,,(unnamed),24,88
Barbarian,character,Barbarians/models/BRB_Characters_customizable.FBX,geometry,(unnamed),geometry,,,,(unnamed),26,114
Barbarian,character,Barbarians/models/BRB_Characters_customizable.FBX,geometry,(unnamed),geometry,,,,(unnamed),18,56
Barbarian,character,Barbarians/models/BRB_Characters_customizable.FBX,geometry,(unnamed),geometry,,,,(unnamed),15,52
Barbarian,character,Barbarians/models/BRB_Characters_customizable.FBX,geometry,(unnamed),geometry,,,,(unnamed),40,134
Barbarian,character,Barbarians/models/BRB_Characters_customizable.FBX,geometry,(unnamed),geometry,,,,(unnamed),23,84
Barbarian,character,Barbarians/models/BRB_Characters_customizable.FBX,geometry,(unnamed),geometry,,,,(unnamed),47,168
Barbarian,character,Barbarians/models/BRB_Characters_customizable.FBX,geometry,(unnamed),geometry,,,,(unnamed),30,90
Barbarian,character,Barbarians/models/BRB_Characters_customizable.FBX,geometry,(unnamed),geometry,,,,(unnamed),33,162
Barbarian,character,Barbarians/models/BRB_Characters_customizable.FBX,geometry,(unnamed),geometry,,,,(unnamed),56,129
Barbarian,character,Barbarians/models/BRB_Characters_customizable.FBX,geometry,(unnamed),geometry,,,,(unnamed),119,506
Barbarian,character,Barbarians/models/BRB_Characters_customizable.FBX,geometry,(unnamed),geometry,,,,(unnamed),101,316
Barbarian,character,Barbarians/models/BRB_Characters_customizable.FBX,geometry,(unnamed),geometry,,,,(unnamed),48,212
Barbarian,character,Barbarians/models/BRB_Characters_customizable.FBX,geometry,(unnamed),geometry,,,,(unnamed),55,255
Barbarian,character,Barbarians/models/BRB_Characters_customizable.FBX,geometry,(unnamed),geometry,,,,(unnamed),92,356
Barbarian,character,Barbarians/models/BRB_Characters_customizable.FBX,geometry,(unnamed),geometry,,,,(unnamed),92,364
Barbarian,character,Barbarians/models/BRB_Characters_customizable.FBX,geometry,(unnamed),geometry,,,,(unnamed),92,360
Barbarian,character,Barbarians/models/BRB_Characters_customizable.FBX,geometry,(unnamed),geometry,,,,(unnamed),57,258
Barbarian,character,Barbarians/models/BRB_Characters_customizable.FBX,geometry,(unnamed),geometry,,,,(unnamed),92,364
Barbarian,character,Barbarians/models/BRB_Characters_customizable.FBX,geometry,(unnamed),geometry,,,,(unnamed),34,164
Barbarian,character,Barbarians/models/BRB_Characters_customizable.FBX,geometry,(unnamed),geometry,,,,(unnamed),34,148
Barbarian,character,Barbarians/models/BRB_Characters_customizable.FBX,geometry,(unnamed),geometry,,,,(unnamed),122,502
Barbarian,character,Barbarians/models/BRB_Characters_customizable.FBX,geometry,(unnamed),geometry,,,,(unnamed),71,282
Barbarian,character,Barbarians/models/BRB_Characters_customizable.FBX,geometry,(unnamed),geometry,,,,(unnamed),97,408
Barbarian,character,Barbarians/models/BRB_Characters_customizable.FBX,geometry,(unnamed),geometry,,,,(unnamed),120,350
Barbarian,character,Barbarians/models/BRB_Characters_customizable.FBX,geometry,(unnamed),geometry,,,,(unnamed),127,672
Barbarian,character,Barbarians/models/BRB_Characters_customizable.FBX,geometry,(unnamed),geometry,,,,(unnamed),31,133
Barbarian,character,Barbarians/models/BRB_Characters_customizable.FBX,geometry,(unnamed),geometry,,,,(unnamed),68,286
Barbarian,character,Barbarians/models/BRB_Characters_customizable.FBX,geometry,(unnamed),geometry,,,,(unnamed),54,220
Barbarian,character,Barbarians/models/BRB_Characters_customizable.FBX,geometry,(unnamed),geometry,,,,(unnamed),92,364
Barbarian,character,Barbarians/models/BRB_Characters_customizable.FBX,geometry,(unnamed),geometry,,,,(unnamed),122,502
Barbarian,character,Barbarians/models/BRB_Characters_customizable.FBX,geometry,(unnamed),geometry,,,,(unnamed),26,112
Barbarian,character,Barbarians/models/BRB_Characters_customizable.FBX,geometry,(unnamed),geometry,,,,(unnamed),36,156
Barbarian,character,Barbarians/models/BRB_Characters_customizable.FBX,geometry,(unnamed),geometry,,,,(unnamed),26,112
Barbarian,character,Barbarians/models/BRB_Characters_customizable.FBX,geometry,(unnamed),geometry,,,,(unnamed),36,156
Barbarian,character,Barbarians/models/BRB_Characters_customizable.FBX,geometry,(unnamed),geometry,,,,(unnamed),50,224
Barbarian,character,Barbarians/models/BRB_Characters_customizable.FBX,geometry,(unnamed),geometry,,,,(unnamed),36,156
Barbarian,character,Barbarians/models/BRB_Characters_customizable.FBX,bone,Bip001 Pelvis,Skeleton,Bone,,,Skeleton bone (Bip001 Pelvis),,
Barbarian,character,Barbarians/models/BRB_Characters_customizable.FBX,bone,Bip001 Spine,Skeleton,Bone,,,Skeleton bone (Bip001 Spine),,
Barbarian,character,Barbarians/models/BRB_Characters_customizable.FBX,bone,Bip001 Neck,Skeleton,Bone,,,Skeleton bone (Bip001 Neck),,
Barbarian,character,Barbarians/models/BRB_Characters_customizable.FBX,bone,Bip001 Head,Skeleton,Bone,,,Skeleton bone (Bip001 Head),,
Barbarian,character,Barbarians/models/BRB_Characters_customizable.FBX,bone,Bip001 HeadNub,Skeleton,Bone,,,Skeleton bone (Bip001 HeadNub),,
Barbarian,character,Barbarians/models/BRB_Characters_customizable.FBX,bone,Bip001 L Clavicle,Skeleton,Bone,,,Skeleton bone (Bip001 L Clavicle),,
Barbarian,character,Barbarians/models/BRB_Characters_customizable.FBX,bone,Bip001 L UpperArm,Skeleton,Bone,,,Skeleton bone (Bip001 L UpperArm),,
Barbarian,character,Barbarians/models/BRB_Characters_customizable.FBX,bone,Bip001 L Forearm,Skeleton,Bone,,,Skeleton bone (Bip001 L Forearm),,
Barbarian,character,Barbarians/models/BRB_Characters_customizable.FBX,bone,Bip001 L Hand,Skeleton,Bone,,,Skeleton bone (Bip001 L Hand),,
Barbarian,character,Barbarians/models/BRB_Characters_customizable.FBX,bone,L_hand_container,Skeleton,Bone,,,Skeleton bone (L_hand_container),,
Barbarian,character,Barbarians/models/BRB_Characters_customizable.FBX,bone,L_shield_container,Skeleton,Bone,,,Skeleton bone (L_shield_container),,
Barbarian,character,Barbarians/models/BRB_Characters_customizable.FBX,bone,Bip001 R Clavicle,Skeleton,Bone,,,Skeleton bone (Bip001 R Clavicle),,
Barbarian,character,Barbarians/models/BRB_Characters_customizable.FBX,bone,Bip001 R UpperArm,Skeleton,Bone,,,Skeleton bone (Bip001 R UpperArm),,
Barbarian,character,Barbarians/models/BRB_Characters_customizable.FBX,bone,Bip001 R Forearm,Skeleton,Bone,,,Skeleton bone (Bip001 R Forearm),,
Barbarian,character,Barbarians/models/BRB_Characters_customizable.FBX,bone,Bip001 R Hand,Skeleton,Bone,,,Skeleton bone (Bip001 R Hand),,
Barbarian,character,Barbarians/models/BRB_Characters_customizable.FBX,bone,R_hand_container,Skeleton,Bone,,,Skeleton bone (R_hand_container),,
Barbarian,character,Barbarians/models/BRB_Characters_customizable.FBX,bone,Bone_wood,Skeleton,Bone,,,Skeleton bone (Bone_wood),,
Barbarian,character,Barbarians/models/BRB_Characters_customizable.FBX,bone,Bone_bag,Skeleton,Bone,,,Skeleton bone (Bone_bag),,
Barbarian,character,Barbarians/models/BRB_Characters_customizable.FBX,bone,Quiver_container,Skeleton,Bone,,,Skeleton bone (Quiver_container),,
Barbarian,character,Barbarians/models/BRB_Characters_customizable.FBX,bone,Bip001 L Thigh,Skeleton,Bone,,,Skeleton bone (Bip001 L Thigh),,
Barbarian,character,Barbarians/models/BRB_Characters_customizable.FBX,bone,Bip001 L Calf,Skeleton,Bone,,,Skeleton bone (Bip001 L Calf),,
Barbarian,character,Barbarians/models/BRB_Characters_customizable.FBX,bone,Bip001 L Foot,Skeleton,Bone,,,Skeleton bone (Bip001 L Foot),,
Barbarian,character,Barbarians/models/BRB_Characters_customizable.FBX,bone,Bip001 L Toe0,Skeleton,Bone,,,Skeleton bone (Bip001 L Toe0),,
Barbarian,character,Barbarians/models/BRB_Characters_customizable.FBX,bone,Bip001 L Toe0Nub,Skeleton,Bone,,,Skeleton bone (Bip001 L Toe0Nub),,
Barbarian,character,Barbarians/models/BRB_Characters_customizable.FBX,bone,Bip001 R Thigh,Skeleton,Bone,,,Skeleton bone (Bip001 R Thigh),,
Barbarian,character,Barbarians/models/BRB_Characters_customizable.FBX,bone,Bip001 R Calf,Skeleton,Bone,,,Skeleton bone (Bip001 R Calf),,
Barbarian,character,Barbarians/models/BRB_Characters_customizable.FBX,bone,Bip001 R Foot,Skeleton,Bone,,,Skeleton bone (Bip001 R Foot),,
Barbarian,character,Barbarians/models/BRB_Characters_customizable.FBX,bone,Bip001 R Toe0,Skeleton,Bone,,,Skeleton bone (Bip001 R Toe0),,
Barbarian,character,Barbarians/models/BRB_Characters_customizable.FBX,bone,Bip001 R Toe0Nub,Skeleton,Bone,,,Skeleton bone (Bip001 R Toe0Nub),,
Barbarian,character,Barbarians/models/BRB_Characters_customizable.FBX,null,Bip001 Footsteps,Rig,Helper,,,Null helper / rig node (Bip001 Footsteps),,
Barbarian,character,Barbarians/models/BRB_Characters_customizable.FBX,material,BRB_Standard_Units,material,,,,BRB_Standard_Units,,
Barbarian,character,Barbarians/models/BRB_Characters_customizable.FBX,texture,Map #9,texture,,,,Map #9,,
Barbarian,character,Barbarians/models/BRB_Characters_customizable.FBX,anim_stack,Take 001,anim_stack,,,,Take 001,,
Barbarian,extra,Barbarians/models/extra_models/BRB_bag.FBX,mesh_part,WK_Xtra_bag,Accessory,Extra,bag,,Belt bag / pouch,,
Barbarian,extra,Barbarians/models/extra_models/BRB_bag.FBX,geometry,(unnamed),geometry,,,,(unnamed),33,162
Barbarian,extra,Barbarians/models/extra_models/BRB_bag.FBX,material,BRB_Standard_Units,material,,,,BRB_Standard_Units,,
Barbarian,extra,Barbarians/models/extra_models/BRB_bag.FBX,texture,Map #9,texture,,,,Map #9,,
Barbarian,equipment,Barbarians/models/extra_models/Equipment/BRB_weapon_hammer_B.FBX,mesh_part,BRB_weapon_hammer_B,Equipment,Weapon,hammer,B,Hammer variant B (right-hand weapon mesh),,
Barbarian,equipment,Barbarians/models/extra_models/Equipment/BRB_weapon_hammer_B.FBX,geometry,(unnamed),geometry,,,,(unnamed),23,84
Barbarian,equipment,Barbarians/models/extra_models/Equipment/BRB_weapon_hammer_B.FBX,bone,Bip001 Pelvis,Skeleton,Bone,,,Skeleton bone (Bip001 Pelvis),,
Barbarian,equipment,Barbarians/models/extra_models/Equipment/BRB_weapon_hammer_B.FBX,bone,Bip001 Spine,Skeleton,Bone,,,Skeleton bone (Bip001 Spine),,
Barbarian,equipment,Barbarians/models/extra_models/Equipment/BRB_weapon_hammer_B.FBX,bone,Bip001 R Clavicle,Skeleton,Bone,,,Skeleton bone (Bip001 R Clavicle),,
Barbarian,equipment,Barbarians/models/extra_models/Equipment/BRB_weapon_hammer_B.FBX,bone,Bip001 R UpperArm,Skeleton,Bone,,,Skeleton bone (Bip001 R UpperArm),,
Barbarian,equipment,Barbarians/models/extra_models/Equipment/BRB_weapon_hammer_B.FBX,bone,Bip001 R Forearm,Skeleton,Bone,,,Skeleton bone (Bip001 R Forearm),,
Barbarian,equipment,Barbarians/models/extra_models/Equipment/BRB_weapon_hammer_B.FBX,bone,Bip001 R Hand,Skeleton,Bone,,,Skeleton bone (Bip001 R Hand),,
Barbarian,equipment,Barbarians/models/extra_models/Equipment/BRB_weapon_hammer_B.FBX,bone,R_hand_container,Skeleton,Bone,,,Skeleton bone (R_hand_container),,
Barbarian,equipment,Barbarians/models/extra_models/Equipment/BRB_weapon_hammer_B.FBX,material,BRB_Standard_Units,material,,,,BRB_Standard_Units,,
Barbarian,equipment,Barbarians/models/extra_models/Equipment/BRB_weapon_hammer_B.FBX,texture,Map #9,texture,,,,Map #9,,
Barbarian,equipment,Barbarians/models/extra_models/Equipment/BRB_weapon_spear.FBX,mesh_part,BRB_weapon_spear,Equipment,Weapon,spear,,Spear variant - (right-hand weapon mesh),,
Barbarian,equipment,Barbarians/models/extra_models/Equipment/BRB_weapon_spear.FBX,geometry,(unnamed),geometry,,,,(unnamed),21,86
Barbarian,equipment,Barbarians/models/extra_models/Equipment/BRB_weapon_spear.FBX,bone,Bip001 Pelvis,Skeleton,Bone,,,Skeleton bone (Bip001 Pelvis),,
Barbarian,equipment,Barbarians/models/extra_models/Equipment/BRB_weapon_spear.FBX,bone,Bip001 Spine,Skeleton,Bone,,,Skeleton bone (Bip001 Spine),,
Barbarian,equipment,Barbarians/models/extra_models/Equipment/BRB_weapon_spear.FBX,bone,Bip001 R Clavicle,Skeleton,Bone,,,Skeleton bone (Bip001 R Clavicle),,
Barbarian,equipment,Barbarians/models/extra_models/Equipment/BRB_weapon_spear.FBX,bone,Bip001 R UpperArm,Skeleton,Bone,,,Skeleton bone (Bip001 R UpperArm),,
Barbarian,equipment,Barbarians/models/extra_models/Equipment/BRB_weapon_spear.FBX,bone,Bip001 R Forearm,Skeleton,Bone,,,Skeleton bone (Bip001 R Forearm),,
Barbarian,equipment,Barbarians/models/extra_models/Equipment/BRB_weapon_spear.FBX,bone,Bip001 R Hand,Skeleton,Bone,,,Skeleton bone (Bip001 R Hand),,
Barbarian,equipment,Barbarians/models/extra_models/Equipment/BRB_weapon_spear.FBX,bone,R_hand_container,Skeleton,Bone,,,Skeleton bone (R_hand_container),,
Barbarian,equipment,Barbarians/models/extra_models/Equipment/BRB_weapon_spear.FBX,material,BRB_Standard_Units,material,,,,BRB_Standard_Units,,
Barbarian,equipment,Barbarians/models/extra_models/Equipment/BRB_weapon_spear.FBX,texture,Map #9,texture,,,,Map #9,,
Barbarian,equipment,Barbarians/models/extra_models/Equipment/BRB_weapon_staff_B.FBX,mesh_part,BRB_weapon_staff_B,Equipment,Weapon,staff,B,Staff (caster) variant B (right-hand weapon mesh),,
Barbarian,equipment,Barbarians/models/extra_models/Equipment/BRB_weapon_staff_B.FBX,geometry,(unnamed),geometry,,,,(unnamed),29,126
Barbarian,equipment,Barbarians/models/extra_models/Equipment/BRB_weapon_staff_B.FBX,bone,Bip001 Pelvis,Skeleton,Bone,,,Skeleton bone (Bip001 Pelvis),,
Barbarian,equipment,Barbarians/models/extra_models/Equipment/BRB_weapon_staff_B.FBX,bone,Bip001 Spine,Skeleton,Bone,,,Skeleton bone (Bip001 Spine),,
Barbarian,equipment,Barbarians/models/extra_models/Equipment/BRB_weapon_staff_B.FBX,bone,Bip001 L Clavicle,Skeleton,Bone,,,Skeleton bone (Bip001 L Clavicle),,
Barbarian,equipment,Barbarians/models/extra_models/Equipment/BRB_weapon_staff_B.FBX,bone,Bip001 L UpperArm,Skeleton,Bone,,,Skeleton bone (Bip001 L UpperArm),,
Barbarian,equipment,Barbarians/models/extra_models/Equipment/BRB_weapon_staff_B.FBX,bone,Bip001 L Forearm,Skeleton,Bone,,,Skeleton bone (Bip001 L Forearm),,
Barbarian,equipment,Barbarians/models/extra_models/Equipment/BRB_weapon_staff_B.FBX,bone,Bip001 L Hand,Skeleton,Bone,,,Skeleton bone (Bip001 L Hand),,
Barbarian,equipment,Barbarians/models/extra_models/Equipment/BRB_weapon_staff_B.FBX,bone,L_hand_container,Skeleton,Bone,,,Skeleton bone (L_hand_container),,
Barbarian,equipment,Barbarians/models/extra_models/Equipment/BRB_weapon_staff_B.FBX,material,BRB_Standard_Units,material,,,,BRB_Standard_Units,,
Barbarian,equipment,Barbarians/models/extra_models/Equipment/BRB_weapon_staff_B.FBX,texture,Map #9,texture,,,,Map #9,,
Barbarian,equipment,Barbarians/models/extra_models/Equipment/BRB_weapon_sword_B.FBX,mesh_part,BRB_weapon_sword_B,Equipment,Weapon,sword,B,Sword variant B (right-hand weapon mesh),,
Barbarian,equipment,Barbarians/models/extra_models/Equipment/BRB_weapon_sword_B.FBX,geometry,(unnamed),geometry,,,,(unnamed),26,114
Barbarian,equipment,Barbarians/models/extra_models/Equipment/BRB_weapon_sword_B.FBX,bone,Bip001 Pelvis,Skeleton,Bone,,,Skeleton bone (Bip001 Pelvis),,
Barbarian,equipment,Barbarians/models/extra_models/Equipment/BRB_weapon_sword_B.FBX,bone,Bip001 Spine,Skeleton,Bone,,,Skeleton bone (Bip001 Spine),,
Barbarian,equipment,Barbarians/models/extra_models/Equipment/BRB_weapon_sword_B.FBX,bone,Bip001 R Clavicle,Skeleton,Bone,,,Skeleton bone (Bip001 R Clavicle),,
Barbarian,equipment,Barbarians/models/extra_models/Equipment/BRB_weapon_sword_B.FBX,bone,Bip001 R UpperArm,Skeleton,Bone,,,Skeleton bone (Bip001 R UpperArm),,
Barbarian,equipment,Barbarians/models/extra_models/Equipment/BRB_weapon_sword_B.FBX,bone,Bip001 R Forearm,Skeleton,Bone,,,Skeleton bone (Bip001 R Forearm),,
Barbarian,equipment,Barbarians/models/extra_models/Equipment/BRB_weapon_sword_B.FBX,bone,Bip001 R Hand,Skeleton,Bone,,,Skeleton bone (Bip001 R Hand),,
Barbarian,equipment,Barbarians/models/extra_models/Equipment/BRB_weapon_sword_B.FBX,bone,R_hand_container,Skeleton,Bone,,,Skeleton bone (R_hand_container),,
Barbarian,equipment,Barbarians/models/extra_models/Equipment/BRB_weapon_sword_B.FBX,material,BRB_Standard_Units,material,,,,BRB_Standard_Units,,
Barbarian,equipment,Barbarians/models/extra_models/Equipment/BRB_weapon_sword_B.FBX,texture,Map #9,texture,,,,Map #9,,
Dwarf,animation,Dwarves/animation/Cavalry/DWF_cavalry_01_idle.FBX,bone,Bip001 Pelvis,Skeleton,Bone,,,Skeleton bone (Bip001 Pelvis),,
Dwarf,animation,Dwarves/animation/Cavalry/DWF_cavalry_01_idle.FBX,bone,Bip001 Spine,Skeleton,Bone,,,Skeleton bone (Bip001 Spine),,
Dwarf,animation,Dwarves/animation/Cavalry/DWF_cavalry_01_idle.FBX,bone,Bip001 Neck,Skeleton,Bone,,,Skeleton bone (Bip001 Neck),,
Dwarf,animation,Dwarves/animation/Cavalry/DWF_cavalry_01_idle.FBX,bone,Bip001 Head,Skeleton,Bone,,,Skeleton bone (Bip001 Head),,
Dwarf,animation,Dwarves/animation/Cavalry/DWF_cavalry_01_idle.FBX,bone,Bip001 L Clavicle,Skeleton,Bone,,,Skeleton bone (Bip001 L Clavicle),,
Dwarf,animation,Dwarves/animation/Cavalry/DWF_cavalry_01_idle.FBX,bone,Bip001 L UpperArm,Skeleton,Bone,,,Skeleton bone (Bip001 L UpperArm),,
Dwarf,animation,Dwarves/animation/Cavalry/DWF_cavalry_01_idle.FBX,bone,Bip001 L Forearm,Skeleton,Bone,,,Skeleton bone (Bip001 L Forearm),,
Dwarf,animation,Dwarves/animation/Cavalry/DWF_cavalry_01_idle.FBX,bone,Bip001 L Hand,Skeleton,Bone,,,Skeleton bone (Bip001 L Hand),,
Dwarf,animation,Dwarves/animation/Cavalry/DWF_cavalry_01_idle.FBX,bone,Bip001 L Finger0,Skeleton,Bone,,,Skeleton bone (Bip001 L Finger0),,
Dwarf,animation,Dwarves/animation/Cavalry/DWF_cavalry_01_idle.FBX,bone,Bip001 R Clavicle,Skeleton,Bone,,,Skeleton bone (Bip001 R Clavicle),,
Dwarf,animation,Dwarves/animation/Cavalry/DWF_cavalry_01_idle.FBX,bone,Bip001 R UpperArm,Skeleton,Bone,,,Skeleton bone (Bip001 R UpperArm),,
Dwarf,animation,Dwarves/animation/Cavalry/DWF_cavalry_01_idle.FBX,bone,Bip001 R Forearm,Skeleton,Bone,,,Skeleton bone (Bip001 R Forearm),,
Dwarf,animation,Dwarves/animation/Cavalry/DWF_cavalry_01_idle.FBX,bone,Bip001 R Hand,Skeleton,Bone,,,Skeleton bone (Bip001 R Hand),,
Dwarf,animation,Dwarves/animation/Cavalry/DWF_cavalry_01_idle.FBX,bone,Bip001 R Finger0,Skeleton,Bone,,,Skeleton bone (Bip001 R Finger0),,
Dwarf,animation,Dwarves/animation/Cavalry/DWF_cavalry_01_idle.FBX,bone,Bip001 L Thigh,Skeleton,Bone,,,Skeleton bone (Bip001 L Thigh),,
Dwarf,animation,Dwarves/animation/Cavalry/DWF_cavalry_01_idle.FBX,bone,Bip001 L Calf,Skeleton,Bone,,,Skeleton bone (Bip001 L Calf),,
Dwarf,animation,Dwarves/animation/Cavalry/DWF_cavalry_01_idle.FBX,bone,Bip001 L Foot,Skeleton,Bone,,,Skeleton bone (Bip001 L Foot),,
Dwarf,animation,Dwarves/animation/Cavalry/DWF_cavalry_01_idle.FBX,bone,Bip001 L Toe0,Skeleton,Bone,,,Skeleton bone (Bip001 L Toe0),,
Dwarf,animation,Dwarves/animation/Cavalry/DWF_cavalry_01_idle.FBX,bone,Bip001 R Thigh,Skeleton,Bone,,,Skeleton bone (Bip001 R Thigh),,
Dwarf,animation,Dwarves/animation/Cavalry/DWF_cavalry_01_idle.FBX,bone,Bip001 R Calf,Skeleton,Bone,,,Skeleton bone (Bip001 R Calf),,
Dwarf,animation,Dwarves/animation/Cavalry/DWF_cavalry_01_idle.FBX,bone,Bip001 R Foot,Skeleton,Bone,,,Skeleton bone (Bip001 R Foot),,
Dwarf,animation,Dwarves/animation/Cavalry/DWF_cavalry_01_idle.FBX,bone,Bip001 R Toe0,Skeleton,Bone,,,Skeleton bone (Bip001 R Toe0),,
Dwarf,animation,Dwarves/animation/Cavalry/DWF_cavalry_01_idle.FBX,bone,Bip001 Tail,Skeleton,Bone,,,Skeleton bone (Bip001 Tail),,
Dwarf,animation,Dwarves/animation/Cavalry/DWF_cavalry_01_idle.FBX,bone,Bone_Mount,Skeleton,Bone,,,Skeleton bone (Bone_Mount),,
Dwarf,animation,Dwarves/animation/Cavalry/DWF_cavalry_01_idle.FBX,bone,Bip001 Pelvis001,Skeleton,Bone,,,Skeleton bone (Bip001 Pelvis001),,
Dwarf,animation,Dwarves/animation/Cavalry/DWF_cavalry_01_idle.FBX,bone,Bip001 Spine001,Skeleton,Bone,,,Skeleton bone (Bip001 Spine001),,
Dwarf,animation,Dwarves/animation/Cavalry/DWF_cavalry_01_idle.FBX,bone,Bip001 Neck001,Skeleton,Bone,,,Skeleton bone (Bip001 Neck001),,
Dwarf,animation,Dwarves/animation/Cavalry/DWF_cavalry_01_idle.FBX,bone,Bip001 Head001,Skeleton,Bone,,,Skeleton bone (Bip001 Head001),,
Dwarf,animation,Dwarves/animation/Cavalry/DWF_cavalry_01_idle.FBX,bone,Bip001 L Clavicle001,Skeleton,Bone,,,Skeleton bone (Bip001 L Clavicle001),,
Dwarf,animation,Dwarves/animation/Cavalry/DWF_cavalry_01_idle.FBX,bone,Bip001 L UpperArm001,Skeleton,Bone,,,Skeleton bone (Bip001 L UpperArm001),,
Dwarf,animation,Dwarves/animation/Cavalry/DWF_cavalry_01_idle.FBX,bone,Bip001 L Forearm001,Skeleton,Bone,,,Skeleton bone (Bip001 L Forearm001),,
Dwarf,animation,Dwarves/animation/Cavalry/DWF_cavalry_01_idle.FBX,bone,Bip001 L Hand001,Skeleton,Bone,,,Skeleton bone (Bip001 L Hand001),,
Dwarf,animation,Dwarves/animation/Cavalry/DWF_cavalry_01_idle.FBX,bone,Bip001 R Clavicle001,Skeleton,Bone,,,Skeleton bone (Bip001 R Clavicle001),,
Dwarf,animation,Dwarves/animation/Cavalry/DWF_cavalry_01_idle.FBX,bone,Bip001 R UpperArm001,Skeleton,Bone,,,Skeleton bone (Bip001 R UpperArm001),,
Dwarf,animation,Dwarves/animation/Cavalry/DWF_cavalry_01_idle.FBX,bone,Bip001 R Forearm001,Skeleton,Bone,,,Skeleton bone (Bip001 R Forearm001),,
Dwarf,animation,Dwarves/animation/Cavalry/DWF_cavalry_01_idle.FBX,bone,Bip001 R Hand001,Skeleton,Bone,,,Skeleton bone (Bip001 R Hand001),,
Dwarf,animation,Dwarves/animation/Cavalry/DWF_cavalry_01_idle.FBX,bone,Bip001 L Thigh001,Skeleton,Bone,,,Skeleton bone (Bip001 L Thigh001),,
Dwarf,animation,Dwarves/animation/Cavalry/DWF_cavalry_01_idle.FBX,bone,Bip001 L Calf001,Skeleton,Bone,,,Skeleton bone (Bip001 L Calf001),,
Dwarf,animation,Dwarves/animation/Cavalry/DWF_cavalry_01_idle.FBX,bone,Bip001 L Foot001,Skeleton,Bone,,,Skeleton bone (Bip001 L Foot001),,
Dwarf,animation,Dwarves/animation/Cavalry/DWF_cavalry_01_idle.FBX,bone,Bip001 L Toe001,Skeleton,Bone,,,Skeleton bone (Bip001 L Toe001),,
Dwarf,animation,Dwarves/animation/Cavalry/DWF_cavalry_01_idle.FBX,bone,Bip001 R Thigh001,Skeleton,Bone,,,Skeleton bone (Bip001 R Thigh001),,
Dwarf,animation,Dwarves/animation/Cavalry/DWF_cavalry_01_idle.FBX,bone,Bip001 R Calf001,Skeleton,Bone,,,Skeleton bone (Bip001 R Calf001),,
Dwarf,animation,Dwarves/animation/Cavalry/DWF_cavalry_01_idle.FBX,bone,Bip001 R Foot001,Skeleton,Bone,,,Skeleton bone (Bip001 R Foot001),,
Dwarf,animation,Dwarves/animation/Cavalry/DWF_cavalry_01_idle.FBX,bone,Bip001 R Toe001,Skeleton,Bone,,,Skeleton bone (Bip001 R Toe001),,
Dwarf,animation,Dwarves/animation/Cavalry/DWF_cavalry_01_idle.FBX,anim_stack,Take 001,anim_stack,,,,Take 001,,
Dwarf,animation,Dwarves/animation/Cavalry/DWF_cavalry_03_run.FBX,bone,Bip001 Pelvis,Skeleton,Bone,,,Skeleton bone (Bip001 Pelvis),,
Dwarf,animation,Dwarves/animation/Cavalry/DWF_cavalry_03_run.FBX,bone,Bip001 Spine,Skeleton,Bone,,,Skeleton bone (Bip001 Spine),,
Dwarf,animation,Dwarves/animation/Cavalry/DWF_cavalry_03_run.FBX,bone,Bip001 Neck,Skeleton,Bone,,,Skeleton bone (Bip001 Neck),,
Dwarf,animation,Dwarves/animation/Cavalry/DWF_cavalry_03_run.FBX,bone,Bip001 Head,Skeleton,Bone,,,Skeleton bone (Bip001 Head),,
Dwarf,animation,Dwarves/animation/Cavalry/DWF_cavalry_03_run.FBX,bone,Bip001 L Clavicle,Skeleton,Bone,,,Skeleton bone (Bip001 L Clavicle),,
Dwarf,animation,Dwarves/animation/Cavalry/DWF_cavalry_03_run.FBX,bone,Bip001 L UpperArm,Skeleton,Bone,,,Skeleton bone (Bip001 L UpperArm),,
Dwarf,animation,Dwarves/animation/Cavalry/DWF_cavalry_03_run.FBX,bone,Bip001 L Forearm,Skeleton,Bone,,,Skeleton bone (Bip001 L Forearm),,
Dwarf,animation,Dwarves/animation/Cavalry/DWF_cavalry_03_run.FBX,bone,Bip001 L Hand,Skeleton,Bone,,,Skeleton bone (Bip001 L Hand),,
Dwarf,animation,Dwarves/animation/Cavalry/DWF_cavalry_03_run.FBX,bone,Bip001 L Finger0,Skeleton,Bone,,,Skeleton bone (Bip001 L Finger0),,
Dwarf,animation,Dwarves/animation/Cavalry/DWF_cavalry_03_run.FBX,bone,Bip001 R Clavicle,Skeleton,Bone,,,Skeleton bone (Bip001 R Clavicle),,
Dwarf,animation,Dwarves/animation/Cavalry/DWF_cavalry_03_run.FBX,bone,Bip001 R UpperArm,Skeleton,Bone,,,Skeleton bone (Bip001 R UpperArm),,
Dwarf,animation,Dwarves/animation/Cavalry/DWF_cavalry_03_run.FBX,bone,Bip001 R Forearm,Skeleton,Bone,,,Skeleton bone (Bip001 R Forearm),,
Dwarf,animation,Dwarves/animation/Cavalry/DWF_cavalry_03_run.FBX,bone,Bip001 R Hand,Skeleton,Bone,,,Skeleton bone (Bip001 R Hand),,
Dwarf,animation,Dwarves/animation/Cavalry/DWF_cavalry_03_run.FBX,bone,Bip001 R Finger0,Skeleton,Bone,,,Skeleton bone (Bip001 R Finger0),,
Dwarf,animation,Dwarves/animation/Cavalry/DWF_cavalry_03_run.FBX,bone,Bip001 L Thigh,Skeleton,Bone,,,Skeleton bone (Bip001 L Thigh),,
Dwarf,animation,Dwarves/animation/Cavalry/DWF_cavalry_03_run.FBX,bone,Bip001 L Calf,Skeleton,Bone,,,Skeleton bone (Bip001 L Calf),,
Dwarf,animation,Dwarves/animation/Cavalry/DWF_cavalry_03_run.FBX,bone,Bip001 L Foot,Skeleton,Bone,,,Skeleton bone (Bip001 L Foot),,
Dwarf,animation,Dwarves/animation/Cavalry/DWF_cavalry_03_run.FBX,bone,Bip001 L Toe0,Skeleton,Bone,,,Skeleton bone (Bip001 L Toe0),,
Dwarf,animation,Dwarves/animation/Cavalry/DWF_cavalry_03_run.FBX,bone,Bip001 R Thigh,Skeleton,Bone,,,Skeleton bone (Bip001 R Thigh),,
Dwarf,animation,Dwarves/animation/Cavalry/DWF_cavalry_03_run.FBX,bone,Bip001 R Calf,Skeleton,Bone,,,Skeleton bone (Bip001 R Calf),,
Dwarf,animation,Dwarves/animation/Cavalry/DWF_cavalry_03_run.FBX,bone,Bip001 R Foot,Skeleton,Bone,,,Skeleton bone (Bip001 R Foot),,
Dwarf,animation,Dwarves/animation/Cavalry/DWF_cavalry_03_run.FBX,bone,Bip001 R Toe0,Skeleton,Bone,,,Skeleton bone (Bip001 R Toe0),,
Dwarf,animation,Dwarves/animation/Cavalry/DWF_cavalry_03_run.FBX,bone,Bip001 Tail,Skeleton,Bone,,,Skeleton bone (Bip001 Tail),,
Dwarf,animation,Dwarves/animation/Cavalry/DWF_cavalry_03_run.FBX,bone,Bone_Mount,Skeleton,Bone,,,Skeleton bone (Bone_Mount),,
Dwarf,animation,Dwarves/animation/Cavalry/DWF_cavalry_03_run.FBX,bone,Bip001 Pelvis001,Skeleton,Bone,,,Skeleton bone (Bip001 Pelvis001),,
Dwarf,animation,Dwarves/animation/Cavalry/DWF_cavalry_03_run.FBX,bone,Bip001 Spine001,Skeleton,Bone,,,Skeleton bone (Bip001 Spine001),,
Dwarf,animation,Dwarves/animation/Cavalry/DWF_cavalry_03_run.FBX,bone,Bip001 Neck001,Skeleton,Bone,,,Skeleton bone (Bip001 Neck001),,
Dwarf,animation,Dwarves/animation/Cavalry/DWF_cavalry_03_run.FBX,bone,Bip001 Head001,Skeleton,Bone,,,Skeleton bone (Bip001 Head001),,
Dwarf,animation,Dwarves/animation/Cavalry/DWF_cavalry_03_run.FBX,bone,Bip001 L Clavicle001,Skeleton,Bone,,,Skeleton bone (Bip001 L Clavicle001),,
Dwarf,animation,Dwarves/animation/Cavalry/DWF_cavalry_03_run.FBX,bone,Bip001 L UpperArm001,Skeleton,Bone,,,Skeleton bone (Bip001 L UpperArm001),,
Dwarf,animation,Dwarves/animation/Cavalry/DWF_cavalry_03_run.FBX,bone,Bip001 L Forearm001,Skeleton,Bone,,,Skeleton bone (Bip001 L Forearm001),,
Dwarf,animation,Dwarves/animation/Cavalry/DWF_cavalry_03_run.FBX,bone,Bip001 L Hand001,Skeleton,Bone,,,Skeleton bone (Bip001 L Hand001),,
Dwarf,animation,Dwarves/animation/Cavalry/DWF_cavalry_03_run.FBX,bone,Bip001 R Clavicle001,Skeleton,Bone,,,Skeleton bone (Bip001 R Clavicle001),,
Dwarf,animation,Dwarves/animation/Cavalry/DWF_cavalry_03_run.FBX,bone,Bip001 R UpperArm001,Skeleton,Bone,,,Skeleton bone (Bip001 R UpperArm001),,
Dwarf,animation,Dwarves/animation/Cavalry/DWF_cavalry_03_run.FBX,bone,Bip001 R Forearm001,Skeleton,Bone,,,Skeleton bone (Bip001 R Forearm001),,
Dwarf,animation,Dwarves/animation/Cavalry/DWF_cavalry_03_run.FBX,bone,Bip001 R Hand001,Skeleton,Bone,,,Skeleton bone (Bip001 R Hand001),,
Dwarf,animation,Dwarves/animation/Cavalry/DWF_cavalry_03_run.FBX,bone,Bip001 L Thigh001,Skeleton,Bone,,,Skeleton bone (Bip001 L Thigh001),,
Dwarf,animation,Dwarves/animation/Cavalry/DWF_cavalry_03_run.FBX,bone,Bip001 L Calf001,Skeleton,Bone,,,Skeleton bone (Bip001 L Calf001),,
Dwarf,animation,Dwarves/animation/Cavalry/DWF_cavalry_03_run.FBX,bone,Bip001 L Foot001,Skeleton,Bone,,,Skeleton bone (Bip001 L Foot001),,
Dwarf,animation,Dwarves/animation/Cavalry/DWF_cavalry_03_run.FBX,bone,Bip001 L Toe001,Skeleton,Bone,,,Skeleton bone (Bip001 L Toe001),,
Dwarf,animation,Dwarves/animation/Cavalry/DWF_cavalry_03_run.FBX,bone,Bip001 R Thigh001,Skeleton,Bone,,,Skeleton bone (Bip001 R Thigh001),,
Dwarf,animation,Dwarves/animation/Cavalry/DWF_cavalry_03_run.FBX,bone,Bip001 R Calf001,Skeleton,Bone,,,Skeleton bone (Bip001 R Calf001),,
Dwarf,animation,Dwarves/animation/Cavalry/DWF_cavalry_03_run.FBX,bone,Bip001 R Foot001,Skeleton,Bone,,,Skeleton bone (Bip001 R Foot001),,
Dwarf,animation,Dwarves/animation/Cavalry/DWF_cavalry_03_run.FBX,bone,Bip001 R Toe001,Skeleton,Bone,,,Skeleton bone (Bip001 R Toe001),,
Dwarf,animation,Dwarves/animation/Cavalry/DWF_cavalry_03_run.FBX,anim_stack,Take 001,anim_stack,,,,Take 001,,
Dwarf,animation,Dwarves/animation/Cavalry/DWF_cavalry_10_death_B.FBX,bone,Bip001 Pelvis,Skeleton,Bone,,,Skeleton bone (Bip001 Pelvis),,
Dwarf,animation,Dwarves/animation/Cavalry/DWF_cavalry_10_death_B.FBX,bone,Bip001 Spine,Skeleton,Bone,,,Skeleton bone (Bip001 Spine),,
Dwarf,animation,Dwarves/animation/Cavalry/DWF_cavalry_10_death_B.FBX,bone,Bip001 Neck,Skeleton,Bone,,,Skeleton bone (Bip001 Neck),,
Dwarf,animation,Dwarves/animation/Cavalry/DWF_cavalry_10_death_B.FBX,bone,Bip001 Head,Skeleton,Bone,,,Skeleton bone (Bip001 Head),,
Dwarf,animation,Dwarves/animation/Cavalry/DWF_cavalry_10_death_B.FBX,bone,Bip001 L Clavicle,Skeleton,Bone,,,Skeleton bone (Bip001 L Clavicle),,
Dwarf,animation,Dwarves/animation/Cavalry/DWF_cavalry_10_death_B.FBX,bone,Bip001 L UpperArm,Skeleton,Bone,,,Skeleton bone (Bip001 L UpperArm),,
Dwarf,animation,Dwarves/animation/Cavalry/DWF_cavalry_10_death_B.FBX,bone,Bip001 L Forearm,Skeleton,Bone,,,Skeleton bone (Bip001 L Forearm),,
Dwarf,animation,Dwarves/animation/Cavalry/DWF_cavalry_10_death_B.FBX,bone,Bip001 L Hand,Skeleton,Bone,,,Skeleton bone (Bip001 L Hand),,
Dwarf,animation,Dwarves/animation/Cavalry/DWF_cavalry_10_death_B.FBX,bone,Bip001 L Finger0,Skeleton,Bone,,,Skeleton bone (Bip001 L Finger0),,
Dwarf,animation,Dwarves/animation/Cavalry/DWF_cavalry_10_death_B.FBX,bone,Bip001 R Clavicle,Skeleton,Bone,,,Skeleton bone (Bip001 R Clavicle),,
Dwarf,animation,Dwarves/animation/Cavalry/DWF_cavalry_10_death_B.FBX,bone,Bip001 R UpperArm,Skeleton,Bone,,,Skeleton bone (Bip001 R UpperArm),,
Dwarf,animation,Dwarves/animation/Cavalry/DWF_cavalry_10_death_B.FBX,bone,Bip001 R Forearm,Skeleton,Bone,,,Skeleton bone (Bip001 R Forearm),,
Dwarf,animation,Dwarves/animation/Cavalry/DWF_cavalry_10_death_B.FBX,bone,Bip001 R Hand,Skeleton,Bone,,,Skeleton bone (Bip001 R Hand),,
Dwarf,animation,Dwarves/animation/Cavalry/DWF_cavalry_10_death_B.FBX,bone,Bip001 R Finger0,Skeleton,Bone,,,Skeleton bone (Bip001 R Finger0),,
Dwarf,animation,Dwarves/animation/Cavalry/DWF_cavalry_10_death_B.FBX,bone,Bip001 L Thigh,Skeleton,Bone,,,Skeleton bone (Bip001 L Thigh),,
Dwarf,animation,Dwarves/animation/Cavalry/DWF_cavalry_10_death_B.FBX,bone,Bip001 L Calf,Skeleton,Bone,,,Skeleton bone (Bip001 L Calf),,
Dwarf,animation,Dwarves/animation/Cavalry/DWF_cavalry_10_death_B.FBX,bone,Bip001 L Foot,Skeleton,Bone,,,Skeleton bone (Bip001 L Foot),,
Dwarf,animation,Dwarves/animation/Cavalry/DWF_cavalry_10_death_B.FBX,bone,Bip001 L Toe0,Skeleton,Bone,,,Skeleton bone (Bip001 L Toe0),,
Dwarf,animation,Dwarves/animation/Cavalry/DWF_cavalry_10_death_B.FBX,bone,Bip001 R Thigh,Skeleton,Bone,,,Skeleton bone (Bip001 R Thigh),,
Dwarf,animation,Dwarves/animation/Cavalry/DWF_cavalry_10_death_B.FBX,bone,Bip001 R Calf,Skeleton,Bone,,,Skeleton bone (Bip001 R Calf),,
Dwarf,animation,Dwarves/animation/Cavalry/DWF_cavalry_10_death_B.FBX,bone,Bip001 R Foot,Skeleton,Bone,,,Skeleton bone (Bip001 R Foot),,
Dwarf,animation,Dwarves/animation/Cavalry/DWF_cavalry_10_death_B.FBX,bone,Bip001 R Toe0,Skeleton,Bone,,,Skeleton bone (Bip001 R Toe0),,
Dwarf,animation,Dwarves/animation/Cavalry/DWF_cavalry_10_death_B.FBX,bone,Bip001 Tail,Skeleton,Bone,,,Skeleton bone (Bip001 Tail),,
Dwarf,animation,Dwarves/animation/Cavalry/DWF_cavalry_10_death_B.FBX,bone,Bone_Mount,Skeleton,Bone,,,Skeleton bone (Bone_Mount),,
Dwarf,animation,Dwarves/animation/Cavalry/DWF_cavalry_10_death_B.FBX,bone,Bip001 Pelvis001,Skeleton,Bone,,,Skeleton bone (Bip001 Pelvis001),,
Dwarf,animation,Dwarves/animation/Cavalry/DWF_cavalry_10_death_B.FBX,bone,Bip001 Spine001,Skeleton,Bone,,,Skeleton bone (Bip001 Spine001),,
Dwarf,animation,Dwarves/animation/Cavalry/DWF_cavalry_10_death_B.FBX,bone,Bip001 Neck001,Skeleton,Bone,,,Skeleton bone (Bip001 Neck001),,
Dwarf,animation,Dwarves/animation/Cavalry/DWF_cavalry_10_death_B.FBX,bone,Bip001 Head001,Skeleton,Bone,,,Skeleton bone (Bip001 Head001),,
Dwarf,animation,Dwarves/animation/Cavalry/DWF_cavalry_10_death_B.FBX,bone,Bip001 L Clavicle001,Skeleton,Bone,,,Skeleton bone (Bip001 L Clavicle001),,
Dwarf,animation,Dwarves/animation/Cavalry/DWF_cavalry_10_death_B.FBX,bone,Bip001 L UpperArm001,Skeleton,Bone,,,Skeleton bone (Bip001 L UpperArm001),,
Dwarf,animation,Dwarves/animation/Cavalry/DWF_cavalry_10_death_B.FBX,bone,Bip001 L Forearm001,Skeleton,Bone,,,Skeleton bone (Bip001 L Forearm001),,
Dwarf,animation,Dwarves/animation/Cavalry/DWF_cavalry_10_death_B.FBX,bone,Bip001 L Hand001,Skeleton,Bone,,,Skeleton bone (Bip001 L Hand001),,
Dwarf,animation,Dwarves/animation/Cavalry/DWF_cavalry_10_death_B.FBX,bone,Bip001 R Clavicle001,Skeleton,Bone,,,Skeleton bone (Bip001 R Clavicle001),,
Dwarf,animation,Dwarves/animation/Cavalry/DWF_cavalry_10_death_B.FBX,bone,Bip001 R UpperArm001,Skeleton,Bone,,,Skeleton bone (Bip001 R UpperArm001),,
Dwarf,animation,Dwarves/animation/Cavalry/DWF_cavalry_10_death_B.FBX,bone,Bip001 R Forearm001,Skeleton,Bone,,,Skeleton bone (Bip001 R Forearm001),,
Dwarf,animation,Dwarves/animation/Cavalry/DWF_cavalry_10_death_B.FBX,bone,Bip001 R Hand001,Skeleton,Bone,,,Skeleton bone (Bip001 R Hand001),,
Dwarf,animation,Dwarves/animation/Cavalry/DWF_cavalry_10_death_B.FBX,bone,Bip001 L Thigh001,Skeleton,Bone,,,Skeleton bone (Bip001 L Thigh001),,
Dwarf,animation,Dwarves/animation/Cavalry/DWF_cavalry_10_death_B.FBX,bone,Bip001 L Calf001,Skeleton,Bone,,,Skeleton bone (Bip001 L Calf001),,
Dwarf,animation,Dwarves/animation/Cavalry/DWF_cavalry_10_death_B.FBX,bone,Bip001 L Foot001,Skeleton,Bone,,,Skeleton bone (Bip001 L Foot001),,
Dwarf,animation,Dwarves/animation/Cavalry/DWF_cavalry_10_death_B.FBX,bone,Bip001 L Toe001,Skeleton,Bone,,,Skeleton bone (Bip001 L Toe001),,
Dwarf,animation,Dwarves/animation/Cavalry/DWF_cavalry_10_death_B.FBX,bone,Bip001 R Thigh001,Skeleton,Bone,,,Skeleton bone (Bip001 R Thigh001),,
Dwarf,animation,Dwarves/animation/Cavalry/DWF_cavalry_10_death_B.FBX,bone,Bip001 R Calf001,Skeleton,Bone,,,Skeleton bone (Bip001 R Calf001),,
Dwarf,animation,Dwarves/animation/Cavalry/DWF_cavalry_10_death_B.FBX,bone,Bip001 R Foot001,Skeleton,Bone,,,Skeleton bone (Bip001 R Foot001),,
Dwarf,animation,Dwarves/animation/Cavalry/DWF_cavalry_10_death_B.FBX,bone,Bip001 R Toe001,Skeleton,Bone,,,Skeleton bone (Bip001 R Toe001),,
Dwarf,animation,Dwarves/animation/Cavalry/DWF_cavalry_10_death_B.FBX,anim_stack,Take 001,anim_stack,,,,Take 001,,
Dwarf,animation,Dwarves/animation/Worker/DWF_worker_07_attack.FBX,bone,Bip001 Pelvis,Skeleton,Bone,,,Skeleton bone (Bip001 Pelvis),,
Dwarf,animation,Dwarves/animation/Worker/DWF_worker_07_attack.FBX,bone,Bip001 Spine,Skeleton,Bone,,,Skeleton bone (Bip001 Spine),,
Dwarf,animation,Dwarves/animation/Worker/DWF_worker_07_attack.FBX,bone,Bip001 Neck,Skeleton,Bone,,,Skeleton bone (Bip001 Neck),,
Dwarf,animation,Dwarves/animation/Worker/DWF_worker_07_attack.FBX,bone,Bip001 Head,Skeleton,Bone,,,Skeleton bone (Bip001 Head),,
Dwarf,animation,Dwarves/animation/Worker/DWF_worker_07_attack.FBX,bone,Bip001 L Clavicle,Skeleton,Bone,,,Skeleton bone (Bip001 L Clavicle),,
Dwarf,animation,Dwarves/animation/Worker/DWF_worker_07_attack.FBX,bone,Bip001 L UpperArm,Skeleton,Bone,,,Skeleton bone (Bip001 L UpperArm),,
Dwarf,animation,Dwarves/animation/Worker/DWF_worker_07_attack.FBX,bone,Bip001 L Forearm,Skeleton,Bone,,,Skeleton bone (Bip001 L Forearm),,
Dwarf,animation,Dwarves/animation/Worker/DWF_worker_07_attack.FBX,bone,Bip001 L Hand,Skeleton,Bone,,,Skeleton bone (Bip001 L Hand),,
Dwarf,animation,Dwarves/animation/Worker/DWF_worker_07_attack.FBX,bone,Bip001 R Clavicle,Skeleton,Bone,,,Skeleton bone (Bip001 R Clavicle),,
Dwarf,animation,Dwarves/animation/Worker/DWF_worker_07_attack.FBX,bone,Bip001 R UpperArm,Skeleton,Bone,,,Skeleton bone (Bip001 R UpperArm),,
Dwarf,animation,Dwarves/animation/Worker/DWF_worker_07_attack.FBX,bone,Bip001 R Forearm,Skeleton,Bone,,,Skeleton bone (Bip001 R Forearm),,
Dwarf,animation,Dwarves/animation/Worker/DWF_worker_07_attack.FBX,bone,Bip001 R Hand,Skeleton,Bone,,,Skeleton bone (Bip001 R Hand),,
Dwarf,animation,Dwarves/animation/Worker/DWF_worker_07_attack.FBX,bone,Bone_wood,Skeleton,Bone,,,Skeleton bone (Bone_wood),,
Dwarf,animation,Dwarves/animation/Worker/DWF_worker_07_attack.FBX,bone,Bone_bag,Skeleton,Bone,,,Skeleton bone (Bone_bag),,
Dwarf,animation,Dwarves/animation/Worker/DWF_worker_07_attack.FBX,bone,Bip001 L Thigh,Skeleton,Bone,,,Skeleton bone (Bip001 L Thigh),,
Dwarf,animation,Dwarves/animation/Worker/DWF_worker_07_attack.FBX,bone,Bip001 L Calf,Skeleton,Bone,,,Skeleton bone (Bip001 L Calf),,
Dwarf,animation,Dwarves/animation/Worker/DWF_worker_07_attack.FBX,bone,Bip001 L Foot,Skeleton,Bone,,,Skeleton bone (Bip001 L Foot),,
Dwarf,animation,Dwarves/animation/Worker/DWF_worker_07_attack.FBX,bone,Bip001 L Toe0,Skeleton,Bone,,,Skeleton bone (Bip001 L Toe0),,
Dwarf,animation,Dwarves/animation/Worker/DWF_worker_07_attack.FBX,bone,Bip001 R Thigh,Skeleton,Bone,,,Skeleton bone (Bip001 R Thigh),,
Dwarf,animation,Dwarves/animation/Worker/DWF_worker_07_attack.FBX,bone,Bip001 R Calf,Skeleton,Bone,,,Skeleton bone (Bip001 R Calf),,
Dwarf,animation,Dwarves/animation/Worker/DWF_worker_07_attack.FBX,bone,Bip001 R Foot,Skeleton,Bone,,,Skeleton bone (Bip001 R Foot),,
Dwarf,animation,Dwarves/animation/Worker/DWF_worker_07_attack.FBX,bone,Bip001 R Toe0,Skeleton,Bone,,,Skeleton bone (Bip001 R Toe0),,
Dwarf,animation,Dwarves/animation/Worker/DWF_worker_07_attack.FBX,anim_stack,Take 001,anim_stack,,,,Take 001,,
Dwarf,animation,Dwarves/animation/Worker/DWF_worker_10_death_B.FBX,bone,Bip001 Pelvis,Skeleton,Bone,,,Skeleton bone (Bip001 Pelvis),,
Dwarf,animation,Dwarves/animation/Worker/DWF_worker_10_death_B.FBX,bone,Bip001 Spine,Skeleton,Bone,,,Skeleton bone (Bip001 Spine),,
Dwarf,animation,Dwarves/animation/Worker/DWF_worker_10_death_B.FBX,bone,Bip001 Neck,Skeleton,Bone,,,Skeleton bone (Bip001 Neck),,
Dwarf,animation,Dwarves/animation/Worker/DWF_worker_10_death_B.FBX,bone,Bip001 Head,Skeleton,Bone,,,Skeleton bone (Bip001 Head),,
Dwarf,animation,Dwarves/animation/Worker/DWF_worker_10_death_B.FBX,bone,Bip001 L Clavicle,Skeleton,Bone,,,Skeleton bone (Bip001 L Clavicle),,
Dwarf,animation,Dwarves/animation/Worker/DWF_worker_10_death_B.FBX,bone,Bip001 L UpperArm,Skeleton,Bone,,,Skeleton bone (Bip001 L UpperArm),,
Dwarf,animation,Dwarves/animation/Worker/DWF_worker_10_death_B.FBX,bone,Bip001 L Forearm,Skeleton,Bone,,,Skeleton bone (Bip001 L Forearm),,
Dwarf,animation,Dwarves/animation/Worker/DWF_worker_10_death_B.FBX,bone,Bip001 L Hand,Skeleton,Bone,,,Skeleton bone (Bip001 L Hand),,
Dwarf,animation,Dwarves/animation/Worker/DWF_worker_10_death_B.FBX,bone,Bip001 R Clavicle,Skeleton,Bone,,,Skeleton bone (Bip001 R Clavicle),,
Dwarf,animation,Dwarves/animation/Worker/DWF_worker_10_death_B.FBX,bone,Bip001 R UpperArm,Skeleton,Bone,,,Skeleton bone (Bip001 R UpperArm),,
Dwarf,animation,Dwarves/animation/Worker/DWF_worker_10_death_B.FBX,bone,Bip001 R Forearm,Skeleton,Bone,,,Skeleton bone (Bip001 R Forearm),,
Dwarf,animation,Dwarves/animation/Worker/DWF_worker_10_death_B.FBX,bone,Bip001 R Hand,Skeleton,Bone,,,Skeleton bone (Bip001 R Hand),,
Dwarf,animation,Dwarves/animation/Worker/DWF_worker_10_death_B.FBX,bone,Bone_wood,Skeleton,Bone,,,Skeleton bone (Bone_wood),,
Dwarf,animation,Dwarves/animation/Worker/DWF_worker_10_death_B.FBX,bone,Bone_bag,Skeleton,Bone,,,Skeleton bone (Bone_bag),,
Dwarf,animation,Dwarves/animation/Worker/DWF_worker_10_death_B.FBX,bone,Bip001 L Thigh,Skeleton,Bone,,,Skeleton bone (Bip001 L Thigh),,
Dwarf,animation,Dwarves/animation/Worker/DWF_worker_10_death_B.FBX,bone,Bip001 L Calf,Skeleton,Bone,,,Skeleton bone (Bip001 L Calf),,
Dwarf,animation,Dwarves/animation/Worker/DWF_worker_10_death_B.FBX,bone,Bip001 L Foot,Skeleton,Bone,,,Skeleton bone (Bip001 L Foot),,
Dwarf,animation,Dwarves/animation/Worker/DWF_worker_10_death_B.FBX,bone,Bip001 L Toe0,Skeleton,Bone,,,Skeleton bone (Bip001 L Toe0),,
Dwarf,animation,Dwarves/animation/Worker/DWF_worker_10_death_B.FBX,bone,Bip001 R Thigh,Skeleton,Bone,,,Skeleton bone (Bip001 R Thigh),,
Dwarf,animation,Dwarves/animation/Worker/DWF_worker_10_death_B.FBX,bone,Bip001 R Calf,Skeleton,Bone,,,Skeleton bone (Bip001 R Calf),,
Dwarf,animation,Dwarves/animation/Worker/DWF_worker_10_death_B.FBX,bone,Bip001 R Foot,Skeleton,Bone,,,Skeleton bone (Bip001 R Foot),,
Dwarf,animation,Dwarves/animation/Worker/DWF_worker_10_death_B.FBX,bone,Bip001 R Toe0,Skeleton,Bone,,,Skeleton bone (Bip001 R Toe0),,
Dwarf,animation,Dwarves/animation/Worker/DWF_worker_10_death_B.FBX,anim_stack,Take 001,anim_stack,,,,Take 001,,
Dwarf,animation,Dwarves/animation/Worker/_idle.FBX,bone,Bip001 Pelvis,Skeleton,Bone,,,Skeleton bone (Bip001 Pelvis),,
Dwarf,animation,Dwarves/animation/Worker/_idle.FBX,bone,Bip001 Spine,Skeleton,Bone,,,Skeleton bone (Bip001 Spine),,
Dwarf,animation,Dwarves/animation/Worker/_idle.FBX,bone,Bip001 Neck,Skeleton,Bone,,,Skeleton bone (Bip001 Neck),,
Dwarf,animation,Dwarves/animation/Worker/_idle.FBX,bone,Bip001 Head,Skeleton,Bone,,,Skeleton bone (Bip001 Head),,
Dwarf,animation,Dwarves/animation/Worker/_idle.FBX,bone,Bip001 L Clavicle,Skeleton,Bone,,,Skeleton bone (Bip001 L Clavicle),,
Dwarf,animation,Dwarves/animation/Worker/_idle.FBX,bone,Bip001 L UpperArm,Skeleton,Bone,,,Skeleton bone (Bip001 L UpperArm),,
Dwarf,animation,Dwarves/animation/Worker/_idle.FBX,bone,Bip001 L Forearm,Skeleton,Bone,,,Skeleton bone (Bip001 L Forearm),,
Dwarf,animation,Dwarves/animation/Worker/_idle.FBX,bone,Bip001 L Hand,Skeleton,Bone,,,Skeleton bone (Bip001 L Hand),,
Dwarf,animation,Dwarves/animation/Worker/_idle.FBX,bone,Bip001 R Clavicle,Skeleton,Bone,,,Skeleton bone (Bip001 R Clavicle),,
Dwarf,animation,Dwarves/animation/Worker/_idle.FBX,bone,Bip001 R UpperArm,Skeleton,Bone,,,Skeleton bone (Bip001 R UpperArm),,
Dwarf,animation,Dwarves/animation/Worker/_idle.FBX,bone,Bip001 R Forearm,Skeleton,Bone,,,Skeleton bone (Bip001 R Forearm),,
Dwarf,animation,Dwarves/animation/Worker/_idle.FBX,bone,Bip001 R Hand,Skeleton,Bone,,,Skeleton bone (Bip001 R Hand),,
Dwarf,animation,Dwarves/animation/Worker/_idle.FBX,bone,Bone_wood,Skeleton,Bone,,,Skeleton bone (Bone_wood),,
Dwarf,animation,Dwarves/animation/Worker/_idle.FBX,bone,Bone_bag,Skeleton,Bone,,,Skeleton bone (Bone_bag),,
Dwarf,animation,Dwarves/animation/Worker/_idle.FBX,bone,Bip001 L Thigh,Skeleton,Bone,,,Skeleton bone (Bip001 L Thigh),,
Dwarf,animation,Dwarves/animation/Worker/_idle.FBX,bone,Bip001 L Calf,Skeleton,Bone,,,Skeleton bone (Bip001 L Calf),,
Dwarf,animation,Dwarves/animation/Worker/_idle.FBX,bone,Bip001 L Foot,Skeleton,Bone,,,Skeleton bone (Bip001 L Foot),,
Dwarf,animation,Dwarves/animation/Worker/_idle.FBX,bone,Bip001 L Toe0,Skeleton,Bone,,,Skeleton bone (Bip001 L Toe0),,
Dwarf,animation,Dwarves/animation/Worker/_idle.FBX,bone,Bip001 R Thigh,Skeleton,Bone,,,Skeleton bone (Bip001 R Thigh),,
Dwarf,animation,Dwarves/animation/Worker/_idle.FBX,bone,Bip001 R Calf,Skeleton,Bone,,,Skeleton bone (Bip001 R Calf),,
Dwarf,animation,Dwarves/animation/Worker/_idle.FBX,bone,Bip001 R Foot,Skeleton,Bone,,,Skeleton bone (Bip001 R Foot),,
Dwarf,animation,Dwarves/animation/Worker/_idle.FBX,bone,Bip001 R Toe0,Skeleton,Bone,,,Skeleton bone (Bip001 R Toe0),,
Dwarf,animation,Dwarves/animation/Worker/_idle.FBX,anim_stack,Take 001,anim_stack,,,,Take 001,,
Dwarf,animation,Dwarves/animation/Worker/run Reverse.FBX,bone,Bip001 Pelvis,Skeleton,Bone,,,Skeleton bone (Bip001 Pelvis),,
Dwarf,animation,Dwarves/animation/Worker/run Reverse.FBX,bone,Bip001 Spine,Skeleton,Bone,,,Skeleton bone (Bip001 Spine),,
Dwarf,animation,Dwarves/animation/Worker/run Reverse.FBX,bone,Bip001 Neck,Skeleton,Bone,,,Skeleton bone (Bip001 Neck),,
Dwarf,animation,Dwarves/animation/Worker/run Reverse.FBX,bone,Bip001 Head,Skeleton,Bone,,,Skeleton bone (Bip001 Head),,
Dwarf,animation,Dwarves/animation/Worker/run Reverse.FBX,bone,Bip001 L Clavicle,Skeleton,Bone,,,Skeleton bone (Bip001 L Clavicle),,
Dwarf,animation,Dwarves/animation/Worker/run Reverse.FBX,bone,Bip001 L UpperArm,Skeleton,Bone,,,Skeleton bone (Bip001 L UpperArm),,
Dwarf,animation,Dwarves/animation/Worker/run Reverse.FBX,bone,Bip001 L Forearm,Skeleton,Bone,,,Skeleton bone (Bip001 L Forearm),,
Dwarf,animation,Dwarves/animation/Worker/run Reverse.FBX,bone,Bip001 L Hand,Skeleton,Bone,,,Skeleton bone (Bip001 L Hand),,
Dwarf,animation,Dwarves/animation/Worker/run Reverse.FBX,bone,Bip001 R Clavicle,Skeleton,Bone,,,Skeleton bone (Bip001 R Clavicle),,
Dwarf,animation,Dwarves/animation/Worker/run Reverse.FBX,bone,Bip001 R UpperArm,Skeleton,Bone,,,Skeleton bone (Bip001 R UpperArm),,
Dwarf,animation,Dwarves/animation/Worker/run Reverse.FBX,bone,Bip001 R Forearm,Skeleton,Bone,,,Skeleton bone (Bip001 R Forearm),,
Dwarf,animation,Dwarves/animation/Worker/run Reverse.FBX,bone,Bip001 R Hand,Skeleton,Bone,,,Skeleton bone (Bip001 R Hand),,
Dwarf,animation,Dwarves/animation/Worker/run Reverse.FBX,bone,Bone_wood,Skeleton,Bone,,,Skeleton bone (Bone_wood),,
Dwarf,animation,Dwarves/animation/Worker/run Reverse.FBX,bone,Bone_bag,Skeleton,Bone,,,Skeleton bone (Bone_bag),,
Dwarf,animation,Dwarves/animation/Worker/run Reverse.FBX,bone,Bip001 L Thigh,Skeleton,Bone,,,Skeleton bone (Bip001 L Thigh),,
Dwarf,animation,Dwarves/animation/Worker/run Reverse.FBX,bone,Bip001 L Calf,Skeleton,Bone,,,Skeleton bone (Bip001 L Calf),,
Dwarf,animation,Dwarves/animation/Worker/run Reverse.FBX,bone,Bip001 L Foot,Skeleton,Bone,,,Skeleton bone (Bip001 L Foot),,
Dwarf,animation,Dwarves/animation/Worker/run Reverse.FBX,bone,Bip001 L Toe0,Skeleton,Bone,,,Skeleton bone (Bip001 L Toe0),,
Dwarf,animation,Dwarves/animation/Worker/run Reverse.FBX,bone,Bip001 R Thigh,Skeleton,Bone,,,Skeleton bone (Bip001 R Thigh),,
Dwarf,animation,Dwarves/animation/Worker/run Reverse.FBX,bone,Bip001 R Calf,Skeleton,Bone,,,Skeleton bone (Bip001 R Calf),,
Dwarf,animation,Dwarves/animation/Worker/run Reverse.FBX,bone,Bip001 R Foot,Skeleton,Bone,,,Skeleton bone (Bip001 R Foot),,
Dwarf,animation,Dwarves/animation/Worker/run Reverse.FBX,bone,Bip001 R Toe0,Skeleton,Bone,,,Skeleton bone (Bip001 R Toe0),,
Dwarf,animation,Dwarves/animation/Worker/run Reverse.FBX,anim_stack,Take 001,anim_stack,,,,Take 001,,
Dwarf,animation,Dwarves/animation/Worker/run diagonal 1.FBX,bone,Bip001 Pelvis,Skeleton,Bone,,,Skeleton bone (Bip001 Pelvis),,
Dwarf,animation,Dwarves/animation/Worker/run diagonal 1.FBX,bone,Bip001 Spine,Skeleton,Bone,,,Skeleton bone (Bip001 Spine),,
Dwarf,animation,Dwarves/animation/Worker/run diagonal 1.FBX,bone,Bip001 Neck,Skeleton,Bone,,,Skeleton bone (Bip001 Neck),,
Dwarf,animation,Dwarves/animation/Worker/run diagonal 1.FBX,bone,Bip001 Head,Skeleton,Bone,,,Skeleton bone (Bip001 Head),,
Dwarf,animation,Dwarves/animation/Worker/run diagonal 1.FBX,bone,Bip001 L Clavicle,Skeleton,Bone,,,Skeleton bone (Bip001 L Clavicle),,
Dwarf,animation,Dwarves/animation/Worker/run diagonal 1.FBX,bone,Bip001 L UpperArm,Skeleton,Bone,,,Skeleton bone (Bip001 L UpperArm),,
Dwarf,animation,Dwarves/animation/Worker/run diagonal 1.FBX,bone,Bip001 L Forearm,Skeleton,Bone,,,Skeleton bone (Bip001 L Forearm),,
Dwarf,animation,Dwarves/animation/Worker/run diagonal 1.FBX,bone,Bip001 L Hand,Skeleton,Bone,,,Skeleton bone (Bip001 L Hand),,
Dwarf,animation,Dwarves/animation/Worker/run diagonal 1.FBX,bone,Bip001 R Clavicle,Skeleton,Bone,,,Skeleton bone (Bip001 R Clavicle),,
Dwarf,animation,Dwarves/animation/Worker/run diagonal 1.FBX,bone,Bip001 R UpperArm,Skeleton,Bone,,,Skeleton bone (Bip001 R UpperArm),,
Dwarf,animation,Dwarves/animation/Worker/run diagonal 1.FBX,bone,Bip001 R Forearm,Skeleton,Bone,,,Skeleton bone (Bip001 R Forearm),,
Dwarf,animation,Dwarves/animation/Worker/run diagonal 1.FBX,bone,Bip001 R Hand,Skeleton,Bone,,,Skeleton bone (Bip001 R Hand),,
Dwarf,animation,Dwarves/animation/Worker/run diagonal 1.FBX,bone,Bone_wood,Skeleton,Bone,,,Skeleton bone (Bone_wood),,
Dwarf,animation,Dwarves/animation/Worker/run diagonal 1.FBX,bone,Bone_bag,Skeleton,Bone,,,Skeleton bone (Bone_bag),,
Dwarf,animation,Dwarves/animation/Worker/run diagonal 1.FBX,bone,Bip001 L Thigh,Skeleton,Bone,,,Skeleton bone (Bip001 L Thigh),,
Dwarf,animation,Dwarves/animation/Worker/run diagonal 1.FBX,bone,Bip001 L Calf,Skeleton,Bone,,,Skeleton bone (Bip001 L Calf),,
Dwarf,animation,Dwarves/animation/Worker/run diagonal 1.FBX,bone,Bip001 L Foot,Skeleton,Bone,,,Skeleton bone (Bip001 L Foot),,
Dwarf,animation,Dwarves/animation/Worker/run diagonal 1.FBX,bone,Bip001 L Toe0,Skeleton,Bone,,,Skeleton bone (Bip001 L Toe0),,
Dwarf,animation,Dwarves/animation/Worker/run diagonal 1.FBX,bone,Bip001 R Thigh,Skeleton,Bone,,,Skeleton bone (Bip001 R Thigh),,
Dwarf,animation,Dwarves/animation/Worker/run diagonal 1.FBX,bone,Bip001 R Calf,Skeleton,Bone,,,Skeleton bone (Bip001 R Calf),,
Dwarf,animation,Dwarves/animation/Worker/run diagonal 1.FBX,bone,Bip001 R Foot,Skeleton,Bone,,,Skeleton bone (Bip001 R Foot),,
Dwarf,animation,Dwarves/animation/Worker/run diagonal 1.FBX,bone,Bip001 R Toe0,Skeleton,Bone,,,Skeleton bone (Bip001 R Toe0),,
Dwarf,animation,Dwarves/animation/Worker/run diagonal 1.FBX,anim_stack,Take 001,anim_stack,,,,Take 001,,
Dwarf,animation,Dwarves/animation/Worker/run diagonal.FBX,bone,Bip001 Pelvis,Skeleton,Bone,,,Skeleton bone (Bip001 Pelvis),,
Dwarf,animation,Dwarves/animation/Worker/run diagonal.FBX,bone,Bip001 Spine,Skeleton,Bone,,,Skeleton bone (Bip001 Spine),,
Dwarf,animation,Dwarves/animation/Worker/run diagonal.FBX,bone,Bip001 Neck,Skeleton,Bone,,,Skeleton bone (Bip001 Neck),,
Dwarf,animation,Dwarves/animation/Worker/run diagonal.FBX,bone,Bip001 Head,Skeleton,Bone,,,Skeleton bone (Bip001 Head),,
Dwarf,animation,Dwarves/animation/Worker/run diagonal.FBX,bone,Bip001 L Clavicle,Skeleton,Bone,,,Skeleton bone (Bip001 L Clavicle),,
Dwarf,animation,Dwarves/animation/Worker/run diagonal.FBX,bone,Bip001 L UpperArm,Skeleton,Bone,,,Skeleton bone (Bip001 L UpperArm),,
Dwarf,animation,Dwarves/animation/Worker/run diagonal.FBX,bone,Bip001 L Forearm,Skeleton,Bone,,,Skeleton bone (Bip001 L Forearm),,
Dwarf,animation,Dwarves/animation/Worker/run diagonal.FBX,bone,Bip001 L Hand,Skeleton,Bone,,,Skeleton bone (Bip001 L Hand),,
Dwarf,animation,Dwarves/animation/Worker/run diagonal.FBX,bone,Bip001 R Clavicle,Skeleton,Bone,,,Skeleton bone (Bip001 R Clavicle),,
Dwarf,animation,Dwarves/animation/Worker/run diagonal.FBX,bone,Bip001 R UpperArm,Skeleton,Bone,,,Skeleton bone (Bip001 R UpperArm),,
Dwarf,animation,Dwarves/animation/Worker/run diagonal.FBX,bone,Bip001 R Forearm,Skeleton,Bone,,,Skeleton bone (Bip001 R Forearm),,
Dwarf,animation,Dwarves/animation/Worker/run diagonal.FBX,bone,Bip001 R Hand,Skeleton,Bone,,,Skeleton bone (Bip001 R Hand),,
Dwarf,animation,Dwarves/animation/Worker/run diagonal.FBX,bone,Bone_wood,Skeleton,Bone,,,Skeleton bone (Bone_wood),,
Dwarf,animation,Dwarves/animation/Worker/run diagonal.FBX,bone,Bone_bag,Skeleton,Bone,,,Skeleton bone (Bone_bag),,
Dwarf,animation,Dwarves/animation/Worker/run diagonal.FBX,bone,Bip001 L Thigh,Skeleton,Bone,,,Skeleton bone (Bip001 L Thigh),,
Dwarf,animation,Dwarves/animation/Worker/run diagonal.FBX,bone,Bip001 L Calf,Skeleton,Bone,,,Skeleton bone (Bip001 L Calf),,
Dwarf,animation,Dwarves/animation/Worker/run diagonal.FBX,bone,Bip001 L Foot,Skeleton,Bone,,,Skeleton bone (Bip001 L Foot),,
Dwarf,animation,Dwarves/animation/Worker/run diagonal.FBX,bone,Bip001 L Toe0,Skeleton,Bone,,,Skeleton bone (Bip001 L Toe0),,
Dwarf,animation,Dwarves/animation/Worker/run diagonal.FBX,bone,Bip001 R Thigh,Skeleton,Bone,,,Skeleton bone (Bip001 R Thigh),,
Dwarf,animation,Dwarves/animation/Worker/run diagonal.FBX,bone,Bip001 R Calf,Skeleton,Bone,,,Skeleton bone (Bip001 R Calf),,
Dwarf,animation,Dwarves/animation/Worker/run diagonal.FBX,bone,Bip001 R Foot,Skeleton,Bone,,,Skeleton bone (Bip001 R Foot),,
Dwarf,animation,Dwarves/animation/Worker/run diagonal.FBX,bone,Bip001 R Toe0,Skeleton,Bone,,,Skeleton bone (Bip001 R Toe0),,
Dwarf,animation,Dwarves/animation/Worker/run diagonal.FBX,anim_stack,Take 001,anim_stack,,,,Take 001,,
Dwarf,animation,Dwarves/animation/Worker/run.FBX,bone,Bip001 Pelvis,Skeleton,Bone,,,Skeleton bone (Bip001 Pelvis),,
Dwarf,animation,Dwarves/animation/Worker/run.FBX,bone,Bip001 Spine,Skeleton,Bone,,,Skeleton bone (Bip001 Spine),,
Dwarf,animation,Dwarves/animation/Worker/run.FBX,bone,Bip001 Neck,Skeleton,Bone,,,Skeleton bone (Bip001 Neck),,
Dwarf,animation,Dwarves/animation/Worker/run.FBX,bone,Bip001 Head,Skeleton,Bone,,,Skeleton bone (Bip001 Head),,
Dwarf,animation,Dwarves/animation/Worker/run.FBX,bone,Bip001 L Clavicle,Skeleton,Bone,,,Skeleton bone (Bip001 L Clavicle),,
Dwarf,animation,Dwarves/animation/Worker/run.FBX,bone,Bip001 L UpperArm,Skeleton,Bone,,,Skeleton bone (Bip001 L UpperArm),,
Dwarf,animation,Dwarves/animation/Worker/run.FBX,bone,Bip001 L Forearm,Skeleton,Bone,,,Skeleton bone (Bip001 L Forearm),,
Dwarf,animation,Dwarves/animation/Worker/run.FBX,bone,Bip001 L Hand,Skeleton,Bone,,,Skeleton bone (Bip001 L Hand),,
Dwarf,animation,Dwarves/animation/Worker/run.FBX,bone,Bip001 R Clavicle,Skeleton,Bone,,,Skeleton bone (Bip001 R Clavicle),,
Dwarf,animation,Dwarves/animation/Worker/run.FBX,bone,Bip001 R UpperArm,Skeleton,Bone,,,Skeleton bone (Bip001 R UpperArm),,
Dwarf,animation,Dwarves/animation/Worker/run.FBX,bone,Bip001 R Forearm,Skeleton,Bone,,,Skeleton bone (Bip001 R Forearm),,
Dwarf,animation,Dwarves/animation/Worker/run.FBX,bone,Bip001 R Hand,Skeleton,Bone,,,Skeleton bone (Bip001 R Hand),,
Dwarf,animation,Dwarves/animation/Worker/run.FBX,bone,Bone_wood,Skeleton,Bone,,,Skeleton bone (Bone_wood),,
Dwarf,animation,Dwarves/animation/Worker/run.FBX,bone,Bone_bag,Skeleton,Bone,,,Skeleton bone (Bone_bag),,
Dwarf,animation,Dwarves/animation/Worker/run.FBX,bone,Bip001 L Thigh,Skeleton,Bone,,,Skeleton bone (Bip001 L Thigh),,
Dwarf,animation,Dwarves/animation/Worker/run.FBX,bone,Bip001 L Calf,Skeleton,Bone,,,Skeleton bone (Bip001 L Calf),,
Dwarf,animation,Dwarves/animation/Worker/run.FBX,bone,Bip001 L Foot,Skeleton,Bone,,,Skeleton bone (Bip001 L Foot),,
Dwarf,animation,Dwarves/animation/Worker/run.FBX,bone,Bip001 L Toe0,Skeleton,Bone,,,Skeleton bone (Bip001 L Toe0),,
Dwarf,animation,Dwarves/animation/Worker/run.FBX,bone,Bip001 R Thigh,Skeleton,Bone,,,Skeleton bone (Bip001 R Thigh),,
Dwarf,animation,Dwarves/animation/Worker/run.FBX,bone,Bip001 R Calf,Skeleton,Bone,,,Skeleton bone (Bip001 R Calf),,
Dwarf,animation,Dwarves/animation/Worker/run.FBX,bone,Bip001 R Foot,Skeleton,Bone,,,Skeleton bone (Bip001 R Foot),,
Dwarf,animation,Dwarves/animation/Worker/run.FBX,bone,Bip001 R Toe0,Skeleton,Bone,,,Skeleton bone (Bip001 R Toe0),,
Dwarf,animation,Dwarves/animation/Worker/run.FBX,anim_stack,Take 001,anim_stack,,,,Take 001,,
Dwarf,cavalry-character,Dwarves/models/DWF_Cavalry_customizable.FBX,mesh_part,DWF_Weapon_bow,Equipment,Weapon,bow,,Bow (ranged) variant - (right-hand weapon mesh),,
Dwarf,cavalry-character,Dwarves/models/DWF_Cavalry_customizable.FBX,mesh_part,DWF_Weapon_staff_B,Equipment,Weapon,staff,B,Staff (caster) variant B (right-hand weapon mesh),,
Dwarf,cavalry-character,Dwarves/models/DWF_Cavalry_customizable.FBX,mesh_part,DWF_Weapon_staff_A,Equipment,Weapon,staff,A,Staff (caster) variant A (right-hand weapon mesh),,
Dwarf,cavalry-character,Dwarves/models/DWF_Cavalry_customizable.FBX,mesh_part,DWF_Shield_B,Equipment,Shield,shield,B,Shield variant B (off-hand),,
Dwarf,cavalry-character,Dwarves/models/DWF_Cavalry_customizable.FBX,mesh_part,DWF_Shield_A,Equipment,Shield,shield,A,Shield variant A (off-hand),,
Dwarf,cavalry-character,Dwarves/models/DWF_Cavalry_customizable.FBX,mesh_part,DWF_Shield_C,Equipment,Shield,shield,C,Shield variant C (off-hand),,
Dwarf,cavalry-character,Dwarves/models/DWF_Cavalry_customizable.FBX,mesh_part,DWF_Shield_D,Equipment,Shield,shield,D,Shield variant D (off-hand),,
Dwarf,cavalry-character,Dwarves/models/DWF_Cavalry_customizable.FBX,mesh_part,DWF_Weapon_dagger,Equipment,Weapon,dagger,,Dagger variant - (right-hand weapon mesh),,
Dwarf,cavalry-character,Dwarves/models/DWF_Cavalry_customizable.FBX,mesh_part,DWF_Weapon_spear,Equipment,Weapon,spear,,Spear variant - (right-hand weapon mesh),,
Dwarf,cavalry-character,Dwarves/models/DWF_Cavalry_customizable.FBX,mesh_part,DWF_Weapon_axe_B,Equipment,Weapon,axe,B,Axe variant B (right-hand weapon mesh),,
Dwarf,cavalry-character,Dwarves/models/DWF_Cavalry_customizable.FBX,mesh_part,DWF_Weapon_pick,Equipment,Weapon,pick,,Pick (worker tool) variant - (right-hand weapon mesh),,
Dwarf,cavalry-character,Dwarves/models/DWF_Cavalry_customizable.FBX,mesh_part,DWF_Weapon_axe_A,Equipment,Weapon,axe,A,Axe variant A (right-hand weapon mesh),,
Dwarf,cavalry-character,Dwarves/models/DWF_Cavalry_customizable.FBX,mesh_part,DWF_Weapon_axe_C,Equipment,Weapon,axe,C,Axe variant C (right-hand weapon mesh),,
Dwarf,cavalry-character,Dwarves/models/DWF_Cavalry_customizable.FBX,mesh_part,DWF_Weapon_sword_B,Equipment,Weapon,sword,B,Sword variant B (right-hand weapon mesh),,
Dwarf,cavalry-character,Dwarves/models/DWF_Cavalry_customizable.FBX,mesh_part,DWF_Weapon_hammer_B,Equipment,Weapon,hammer,B,Hammer variant B (right-hand weapon mesh),,
Dwarf,cavalry-character,Dwarves/models/DWF_Cavalry_customizable.FBX,mesh_part,DWF_Weapon_hammer_A,Equipment,Weapon,hammer,A,Hammer variant A (right-hand weapon mesh),,
Dwarf,cavalry-character,Dwarves/models/DWF_Cavalry_customizable.FBX,mesh_part,DWF_Weapon_sword_A,Equipment,Weapon,sword,A,Sword variant A (right-hand weapon mesh),,
Dwarf,cavalry-character,Dwarves/models/DWF_Cavalry_customizable.FBX,mesh_part,DWF_Xtra_quiver,Accessory,Extra,quiver,,Arrow quiver (back),,
Dwarf,cavalry-character,Dwarves/models/DWF_Cavalry_customizable.FBX,mesh_part,DWF_Mount_Ram,Mount,Creature,ram,,Mount creature: ram,,
Dwarf,cavalry-character,Dwarves/models/DWF_Cavalry_customizable.FBX,mesh_part,DWF_Units_Body_A,Body,Body / Torso,,A,Body / Torso variant A (swappable body mesh),,
Dwarf,cavalry-character,Dwarves/models/DWF_Cavalry_customizable.FBX,mesh_part,DWF_Units_Head_A,Body,Head,,A,Head variant A (swappable body mesh),,
Dwarf,cavalry-character,Dwarves/models/DWF_Cavalry_customizable.FBX,mesh_part,DWF_Units_Body_E,Body,Body / Torso,,E,Body / Torso variant E (swappable body mesh),,
Dwarf,cavalry-character,Dwarves/models/DWF_Cavalry_customizable.FBX,mesh_part,DWF_Units_Body_B,Body,Body / Torso,,B,Body / Torso variant B (swappable body mesh),,
Dwarf,cavalry-character,Dwarves/models/DWF_Cavalry_customizable.FBX,mesh_part,DWF_Units_Body_C,Body,Body / Torso,,C,Body / Torso variant C (swappable body mesh),,
Dwarf,cavalry-character,Dwarves/models/DWF_Cavalry_customizable.FBX,mesh_part,DWF_Units_Body_D,Body,Body / Torso,,D,Body / Torso variant D (swappable body mesh),,
Dwarf,cavalry-character,Dwarves/models/DWF_Cavalry_customizable.FBX,mesh_part,DWF_Units_Shoulderpads_A,Body,Shoulders,,A,Shoulders variant A (swappable body mesh),,
Dwarf,cavalry-character,Dwarves/models/DWF_Cavalry_customizable.FBX,mesh_part,DWF_Units_Shoulderpads_B,Body,Shoulders,,B,Shoulders variant B (swappable body mesh),,
Dwarf,cavalry-character,Dwarves/models/DWF_Cavalry_customizable.FBX,mesh_part,DWF_Units_Shoulderpads_C,Body,Shoulders,,C,Shoulders variant C (swappable body mesh),,
Dwarf,cavalry-character,Dwarves/models/DWF_Cavalry_customizable.FBX,mesh_part,DWF_Units_Head_M,Body,Head,,M,Head variant M (swappable body mesh),,
Dwarf,cavalry-character,Dwarves/models/DWF_Cavalry_customizable.FBX,mesh_part,DWF_Units_Head_N,Body,Head,,N,Head variant N (swappable body mesh),,
Dwarf,cavalry-character,Dwarves/models/DWF_Cavalry_customizable.FBX,mesh_part,DWF_Units_Arms_A,Body,Arms,,A,Arms variant A (swappable body mesh),,
Dwarf,cavalry-character,Dwarves/models/DWF_Cavalry_customizable.FBX,mesh_part,DWF_Units_Legs_A,Body,Legs,,A,Legs variant A (swappable body mesh),,
Dwarf,cavalry-character,Dwarves/models/DWF_Cavalry_customizable.FBX,mesh_part,DWF_Units_Legs_B,Body,Legs,,B,Legs variant B (swappable body mesh),,
Dwarf,cavalry-character,Dwarves/models/DWF_Cavalry_customizable.FBX,mesh_part,DWF_Units_Arms_B,Body,Arms,,B,Arms variant B (swappable body mesh),,
Dwarf,cavalry-character,Dwarves/models/DWF_Cavalry_customizable.FBX,mesh_part,DWF_Units_Legs_C,Body,Legs,,C,Legs variant C (swappable body mesh),,
Dwarf,cavalry-character,Dwarves/models/DWF_Cavalry_customizable.FBX,mesh_part,DWF_Units_Arms_C,Body,Arms,,C,Arms variant C (swappable body mesh),,
Dwarf,cavalry-character,Dwarves/models/DWF_Cavalry_customizable.FBX,mesh_part,DWF_Units_Head_B,Body,Head,,B,Head variant B (swappable body mesh),,
Dwarf,cavalry-character,Dwarves/models/DWF_Cavalry_customizable.FBX,mesh_part,DWF_Units_Head_C,Body,Head,,C,Head variant C (swappable body mesh),,
Dwarf,cavalry-character,Dwarves/models/DWF_Cavalry_customizable.FBX,mesh_part,DWF_Units_Head_D,Body,Head,,D,Head variant D (swappable body mesh),,
Dwarf,cavalry-character,Dwarves/models/DWF_Cavalry_customizable.FBX,mesh_part,DWF_Units_Head_E,Body,Head,,E,Head variant E (swappable body mesh),,
Dwarf,cavalry-character,Dwarves/models/DWF_Cavalry_customizable.FBX,mesh_part,DWF_Units_Head_F,Body,Head,,F,Head variant F (swappable body mesh),,
Dwarf,cavalry-character,Dwarves/models/DWF_Cavalry_customizable.FBX,mesh_part,DWF_Units_Head_G,Body,Head,,G,Head variant G (swappable body mesh),,
Dwarf,cavalry-character,Dwarves/models/DWF_Cavalry_customizable.FBX,mesh_part,DWF_Units_Head_H,Body,Head,,H,Head variant H (swappable body mesh),,
Dwarf,cavalry-character,Dwarves/models/DWF_Cavalry_customizable.FBX,mesh_part,DWF_Units_Head_I,Body,Head,,I,Head variant I (swappable body mesh),,
Dwarf,cavalry-character,Dwarves/models/DWF_Cavalry_customizable.FBX,mesh_part,DWF_Units_Head_J,Body,Head,,J,Head variant J (swappable body mesh),,
Dwarf,cavalry-character,Dwarves/models/DWF_Cavalry_customizable.FBX,mesh_part,DWF_Units_Head_K,Body,Head,,K,Head variant K (swappable body mesh),,
Dwarf,cavalry-character,Dwarves/models/DWF_Cavalry_customizable.FBX,mesh_part,DWF_Units_Head_L,Body,Head,,L,Head variant L (swappable body mesh),,
Dwarf,cavalry-character,Dwarves/models/DWF_Cavalry_customizable.FBX,geometry,(unnamed),geometry,,,,(unnamed),27,134
Dwarf,cavalry-character,Dwarves/models/DWF_Cavalry_customizable.FBX,geometry,(unnamed),geometry,,,,(unnamed),73,244
Dwarf,cavalry-character,Dwarves/models/DWF_Cavalry_customizable.FBX,geometry,(unnamed),geometry,,,,(unnamed),22,76
Dwarf,cavalry-character,Dwarves/models/DWF_Cavalry_customizable.FBX,geometry,(unnamed),geometry,,,,(unnamed),27,110
Dwarf,cavalry-character,Dwarves/models/DWF_Cavalry_customizable.FBX,geometry,(unnamed),geometry,,,,(unnamed),17,86
Dwarf,cavalry-character,Dwarves/models/DWF_Cavalry_customizable.FBX,geometry,(unnamed),geometry,,,,(unnamed),21,90
Dwarf,cavalry-character,Dwarves/models/DWF_Cavalry_customizable.FBX,geometry,(unnamed),geometry,,,,(unnamed),32,144
Dwarf,cavalry-character,Dwarves/models/DWF_Cavalry_customizable.FBX,geometry,(unnamed),geometry,,,,(unnamed),16,58
Dwarf,cavalry-character,Dwarves/models/DWF_Cavalry_customizable.FBX,geometry,(unnamed),geometry,,,,(unnamed),15,52
Dwarf,cavalry-character,Dwarves/models/DWF_Cavalry_customizable.FBX,geometry,(unnamed),geometry,,,,(unnamed),33,130
Dwarf,cavalry-character,Dwarves/models/DWF_Cavalry_customizable.FBX,geometry,(unnamed),geometry,,,,(unnamed),40,128
Dwarf,cavalry-character,Dwarves/models/DWF_Cavalry_customizable.FBX,geometry,(unnamed),geometry,,,,(unnamed),33,134
Dwarf,cavalry-character,Dwarves/models/DWF_Cavalry_customizable.FBX,geometry,(unnamed),geometry,,,,(unnamed),56,246
Dwarf,cavalry-character,Dwarves/models/DWF_Cavalry_customizable.FBX,geometry,(unnamed),geometry,,,,(unnamed),31,106
Dwarf,cavalry-character,Dwarves/models/DWF_Cavalry_customizable.FBX,geometry,(unnamed),geometry,,,,(unnamed),26,96
Dwarf,cavalry-character,Dwarves/models/DWF_Cavalry_customizable.FBX,geometry,(unnamed),geometry,,,,(unnamed),20,68
Dwarf,cavalry-character,Dwarves/models/DWF_Cavalry_customizable.FBX,geometry,(unnamed),geometry,,,,(unnamed),22,78
Dwarf,cavalry-character,Dwarves/models/DWF_Cavalry_customizable.FBX,geometry,(unnamed),geometry,,,,(unnamed),56,123
Dwarf,cavalry-character,Dwarves/models/DWF_Cavalry_customizable.FBX,geometry,(unnamed),geometry,,,,(unnamed),186,1016
Dwarf,cavalry-character,Dwarves/models/DWF_Cavalry_customizable.FBX,geometry,(unnamed),geometry,,,,(unnamed),88,350
Dwarf,cavalry-character,Dwarves/models/DWF_Cavalry_customizable.FBX,geometry,(unnamed),geometry,,,,(unnamed),53,266
Dwarf,cavalry-character,Dwarves/models/DWF_Cavalry_customizable.FBX,geometry,(unnamed),geometry,,,,(unnamed),119,678
Dwarf,cavalry-character,Dwarves/models/DWF_Cavalry_customizable.FBX,geometry,(unnamed),geometry,,,,(unnamed),88,350
Dwarf,cavalry-character,Dwarves/models/DWF_Cavalry_customizable.FBX,geometry,(unnamed),geometry,,,,(unnamed),88,350
Dwarf,cavalry-character,Dwarves/models/DWF_Cavalry_customizable.FBX,geometry,(unnamed),geometry,,,,(unnamed),88,350
Dwarf,cavalry-character,Dwarves/models/DWF_Cavalry_customizable.FBX,geometry,(unnamed),geometry,,,,(unnamed),32,136
Dwarf,cavalry-character,Dwarves/models/DWF_Cavalry_customizable.FBX,geometry,(unnamed),geometry,,,,(unnamed),32,136
Dwarf,cavalry-character,Dwarves/models/DWF_Cavalry_customizable.FBX,geometry,(unnamed),geometry,,,,(unnamed),34,148
Dwarf,cavalry-character,Dwarves/models/DWF_Cavalry_customizable.FBX,geometry,(unnamed),geometry,,,,(unnamed),62,286
Dwarf,cavalry-character,Dwarves/models/DWF_Cavalry_customizable.FBX,geometry,(unnamed),geometry,,,,(unnamed),62,286
Dwarf,cavalry-character,Dwarves/models/DWF_Cavalry_customizable.FBX,geometry,(unnamed),geometry,,,,(unnamed),26,112
Dwarf,cavalry-character,Dwarves/models/DWF_Cavalry_customizable.FBX,geometry,(unnamed),geometry,,,,(unnamed),36,192
Dwarf,cavalry-character,Dwarves/models/DWF_Cavalry_customizable.FBX,geometry,(unnamed),geometry,,,,(unnamed),36,192
Dwarf,cavalry-character,Dwarves/models/DWF_Cavalry_customizable.FBX,geometry,(unnamed),geometry,,,,(unnamed),26,112
Dwarf,cavalry-character,Dwarves/models/DWF_Cavalry_customizable.FBX,geometry,(unnamed),geometry,,,,(unnamed),36,192
Dwarf,cavalry-character,Dwarves/models/DWF_Cavalry_customizable.FBX,geometry,(unnamed),geometry,,,,(unnamed),26,112
Dwarf,cavalry-character,Dwarves/models/DWF_Cavalry_customizable.FBX,geometry,(unnamed),geometry,,,,(unnamed),65,292
Dwarf,cavalry-character,Dwarves/models/DWF_Cavalry_customizable.FBX,geometry,(unnamed),geometry,,,,(unnamed),92,410
Dwarf,cavalry-character,Dwarves/models/DWF_Cavalry_customizable.FBX,geometry,(unnamed),geometry,,,,(unnamed),69,300
Dwarf,cavalry-character,Dwarves/models/DWF_Cavalry_customizable.FBX,geometry,(unnamed),geometry,,,,(unnamed),71,310
Dwarf,cavalry-character,Dwarves/models/DWF_Cavalry_customizable.FBX,geometry,(unnamed),geometry,,,,(unnamed),103,422
Dwarf,cavalry-character,Dwarves/models/DWF_Cavalry_customizable.FBX,geometry,(unnamed),geometry,,,,(unnamed),73,320
Dwarf,cavalry-character,Dwarves/models/DWF_Cavalry_customizable.FBX,geometry,(unnamed),geometry,,,,(unnamed),105,432
Dwarf,cavalry-character,Dwarves/models/DWF_Cavalry_customizable.FBX,geometry,(unnamed),geometry,,,,(unnamed),105,456
Dwarf,cavalry-character,Dwarves/models/DWF_Cavalry_customizable.FBX,geometry,(unnamed),geometry,,,,(unnamed),69,310
Dwarf,cavalry-character,Dwarves/models/DWF_Cavalry_customizable.FBX,geometry,(unnamed),geometry,,,,(unnamed),95,408
Dwarf,cavalry-character,Dwarves/models/DWF_Cavalry_customizable.FBX,geometry,(unnamed),geometry,,,,(unnamed),81,352
Dwarf,cavalry-character,Dwarves/models/DWF_Cavalry_customizable.FBX,bone,Bip001 Pelvis,Skeleton,Bone,,,Skeleton bone (Bip001 Pelvis),,
Dwarf,cavalry-character,Dwarves/models/DWF_Cavalry_customizable.FBX,bone,Bip001 Spine,Skeleton,Bone,,,Skeleton bone (Bip001 Spine),,
Dwarf,cavalry-character,Dwarves/models/DWF_Cavalry_customizable.FBX,bone,Bip001 Neck,Skeleton,Bone,,,Skeleton bone (Bip001 Neck),,
Dwarf,cavalry-character,Dwarves/models/DWF_Cavalry_customizable.FBX,bone,Bip001 Head,Skeleton,Bone,,,Skeleton bone (Bip001 Head),,
Dwarf,cavalry-character,Dwarves/models/DWF_Cavalry_customizable.FBX,bone,Bip001 HeadNub,Skeleton,Bone,,,Skeleton bone (Bip001 HeadNub),,
Dwarf,cavalry-character,Dwarves/models/DWF_Cavalry_customizable.FBX,bone,Bip001 L Clavicle,Skeleton,Bone,,,Skeleton bone (Bip001 L Clavicle),,
Dwarf,cavalry-character,Dwarves/models/DWF_Cavalry_customizable.FBX,bone,Bip001 L UpperArm,Skeleton,Bone,,,Skeleton bone (Bip001 L UpperArm),,
Dwarf,cavalry-character,Dwarves/models/DWF_Cavalry_customizable.FBX,bone,Bip001 L Forearm,Skeleton,Bone,,,Skeleton bone (Bip001 L Forearm),,
Dwarf,cavalry-character,Dwarves/models/DWF_Cavalry_customizable.FBX,bone,Bip001 L Hand,Skeleton,Bone,,,Skeleton bone (Bip001 L Hand),,
Dwarf,cavalry-character,Dwarves/models/DWF_Cavalry_customizable.FBX,bone,Bip001 L Finger0,Skeleton,Bone,,,Skeleton bone (Bip001 L Finger0),,
Dwarf,cavalry-character,Dwarves/models/DWF_Cavalry_customizable.FBX,bone,Bip001 L Finger0Nub,Skeleton,Bone,,,Skeleton bone (Bip001 L Finger0Nub),,
Dwarf,cavalry-character,Dwarves/models/DWF_Cavalry_customizable.FBX,bone,Bip001 R Clavicle,Skeleton,Bone,,,Skeleton bone (Bip001 R Clavicle),,
Dwarf,cavalry-character,Dwarves/models/DWF_Cavalry_customizable.FBX,bone,Bip001 R UpperArm,Skeleton,Bone,,,Skeleton bone (Bip001 R UpperArm),,
Dwarf,cavalry-character,Dwarves/models/DWF_Cavalry_customizable.FBX,bone,Bip001 R Forearm,Skeleton,Bone,,,Skeleton bone (Bip001 R Forearm),,
Dwarf,cavalry-character,Dwarves/models/DWF_Cavalry_customizable.FBX,bone,Bip001 R Hand,Skeleton,Bone,,,Skeleton bone (Bip001 R Hand),,
Dwarf,cavalry-character,Dwarves/models/DWF_Cavalry_customizable.FBX,bone,Bip001 R Finger0,Skeleton,Bone,,,Skeleton bone (Bip001 R Finger0),,
Dwarf,cavalry-character,Dwarves/models/DWF_Cavalry_customizable.FBX,bone,Bip001 R Finger0Nub,Skeleton,Bone,,,Skeleton bone (Bip001 R Finger0Nub),,
Dwarf,cavalry-character,Dwarves/models/DWF_Cavalry_customizable.FBX,bone,Bip001 L Thigh,Skeleton,Bone,,,Skeleton bone (Bip001 L Thigh),,
Dwarf,cavalry-character,Dwarves/models/DWF_Cavalry_customizable.FBX,bone,Bip001 L Calf,Skeleton,Bone,,,Skeleton bone (Bip001 L Calf),,
Dwarf,cavalry-character,Dwarves/models/DWF_Cavalry_customizable.FBX,bone,Bip001 L Foot,Skeleton,Bone,,,Skeleton bone (Bip001 L Foot),,
Dwarf,cavalry-character,Dwarves/models/DWF_Cavalry_customizable.FBX,bone,Bip001 L Toe0,Skeleton,Bone,,,Skeleton bone (Bip001 L Toe0),,
Dwarf,cavalry-character,Dwarves/models/DWF_Cavalry_customizable.FBX,bone,Bip001 L Toe0Nub,Skeleton,Bone,,,Skeleton bone (Bip001 L Toe0Nub),,
Dwarf,cavalry-character,Dwarves/models/DWF_Cavalry_customizable.FBX,bone,Bip001 R Thigh,Skeleton,Bone,,,Skeleton bone (Bip001 R Thigh),,
Dwarf,cavalry-character,Dwarves/models/DWF_Cavalry_customizable.FBX,bone,Bip001 R Calf,Skeleton,Bone,,,Skeleton bone (Bip001 R Calf),,
Dwarf,cavalry-character,Dwarves/models/DWF_Cavalry_customizable.FBX,bone,Bip001 R Foot,Skeleton,Bone,,,Skeleton bone (Bip001 R Foot),,
Dwarf,cavalry-character,Dwarves/models/DWF_Cavalry_customizable.FBX,bone,Bip001 R Toe0,Skeleton,Bone,,,Skeleton bone (Bip001 R Toe0),,
Dwarf,cavalry-character,Dwarves/models/DWF_Cavalry_customizable.FBX,bone,Bip001 R Toe0Nub,Skeleton,Bone,,,Skeleton bone (Bip001 R Toe0Nub),,
Dwarf,cavalry-character,Dwarves/models/DWF_Cavalry_customizable.FBX,bone,Bip001 Tail,Skeleton,Bone,,,Skeleton bone (Bip001 Tail),,
Dwarf,cavalry-character,Dwarves/models/DWF_Cavalry_customizable.FBX,bone,Bip001 TailNub,Skeleton,Bone,,,Skeleton bone (Bip001 TailNub),,
Dwarf,cavalry-character,Dwarves/models/DWF_Cavalry_customizable.FBX,bone,Bone_Mount,Skeleton,Bone,,,Skeleton bone (Bone_Mount),,
Dwarf,cavalry-character,Dwarves/models/DWF_Cavalry_customizable.FBX,bone,Bip001 Pelvis001,Skeleton,Bone,,,Skeleton bone (Bip001 Pelvis001),,
Dwarf,cavalry-character,Dwarves/models/DWF_Cavalry_customizable.FBX,bone,Bip001 Spine001,Skeleton,Bone,,,Skeleton bone (Bip001 Spine001),,
Dwarf,cavalry-character,Dwarves/models/DWF_Cavalry_customizable.FBX,bone,Bip001 Neck001,Skeleton,Bone,,,Skeleton bone (Bip001 Neck001),,
Dwarf,cavalry-character,Dwarves/models/DWF_Cavalry_customizable.FBX,bone,Bip001 Head001,Skeleton,Bone,,,Skeleton bone (Bip001 Head001),,
Dwarf,cavalry-character,Dwarves/models/DWF_Cavalry_customizable.FBX,bone,Bip001 HeadNub001,Skeleton,Bone,,,Skeleton bone (Bip001 HeadNub001),,
Dwarf,cavalry-character,Dwarves/models/DWF_Cavalry_customizable.FBX,bone,Bip001 L Clavicle001,Skeleton,Bone,,,Skeleton bone (Bip001 L Clavicle001),,
Dwarf,cavalry-character,Dwarves/models/DWF_Cavalry_customizable.FBX,bone,Bip001 L UpperArm001,Skeleton,Bone,,,Skeleton bone (Bip001 L UpperArm001),,
Dwarf,cavalry-character,Dwarves/models/DWF_Cavalry_customizable.FBX,bone,Bip001 L Forearm001,Skeleton,Bone,,,Skeleton bone (Bip001 L Forearm001),,
Dwarf,cavalry-character,Dwarves/models/DWF_Cavalry_customizable.FBX,bone,Bip001 L Hand001,Skeleton,Bone,,,Skeleton bone (Bip001 L Hand001),,
Dwarf,cavalry-character,Dwarves/models/DWF_Cavalry_customizable.FBX,bone,L_hand_container,Skeleton,Bone,,,Skeleton bone (L_hand_container),,
Dwarf,cavalry-character,Dwarves/models/DWF_Cavalry_customizable.FBX,bone,L_shield_container,Skeleton,Bone,,,Skeleton bone (L_shield_container),,
Dwarf,cavalry-character,Dwarves/models/DWF_Cavalry_customizable.FBX,bone,Bip001 R Clavicle001,Skeleton,Bone,,,Skeleton bone (Bip001 R Clavicle001),,
Dwarf,cavalry-character,Dwarves/models/DWF_Cavalry_customizable.FBX,bone,Bip001 R UpperArm001,Skeleton,Bone,,,Skeleton bone (Bip001 R UpperArm001),,
Dwarf,cavalry-character,Dwarves/models/DWF_Cavalry_customizable.FBX,bone,Bip001 R Forearm001,Skeleton,Bone,,,Skeleton bone (Bip001 R Forearm001),,
Dwarf,cavalry-character,Dwarves/models/DWF_Cavalry_customizable.FBX,bone,Bip001 R Hand001,Skeleton,Bone,,,Skeleton bone (Bip001 R Hand001),,
Dwarf,cavalry-character,Dwarves/models/DWF_Cavalry_customizable.FBX,bone,R_hand_container,Skeleton,Bone,,,Skeleton bone (R_hand_container),,
Dwarf,cavalry-character,Dwarves/models/DWF_Cavalry_customizable.FBX,bone,Bone_wood,Skeleton,Bone,,,Skeleton bone (Bone_wood),,
Dwarf,cavalry-character,Dwarves/models/DWF_Cavalry_customizable.FBX,bone,Bone_bag,Skeleton,Bone,,,Skeleton bone (Bone_bag),,
Dwarf,cavalry-character,Dwarves/models/DWF_Cavalry_customizable.FBX,bone,Quiver_container,Skeleton,Bone,,,Skeleton bone (Quiver_container),,
Dwarf,cavalry-character,Dwarves/models/DWF_Cavalry_customizable.FBX,bone,Bip001 L Thigh001,Skeleton,Bone,,,Skeleton bone (Bip001 L Thigh001),,
Dwarf,cavalry-character,Dwarves/models/DWF_Cavalry_customizable.FBX,bone,Bip001 L Calf001,Skeleton,Bone,,,Skeleton bone (Bip001 L Calf001),,
Dwarf,cavalry-character,Dwarves/models/DWF_Cavalry_customizable.FBX,bone,Bip001 L Foot001,Skeleton,Bone,,,Skeleton bone (Bip001 L Foot001),,
Dwarf,cavalry-character,Dwarves/models/DWF_Cavalry_customizable.FBX,bone,Bip001 L Toe001,Skeleton,Bone,,,Skeleton bone (Bip001 L Toe001),,
Dwarf,cavalry-character,Dwarves/models/DWF_Cavalry_customizable.FBX,bone,Bip001 L Toe0Nub001,Skeleton,Bone,,,Skeleton bone (Bip001 L Toe0Nub001),,
Dwarf,cavalry-character,Dwarves/models/DWF_Cavalry_customizable.FBX,bone,Bip001 R Thigh001,Skeleton,Bone,,,Skeleton bone (Bip001 R Thigh001),,
Dwarf,cavalry-character,Dwarves/models/DWF_Cavalry_customizable.FBX,bone,Bip001 R Calf001,Skeleton,Bone,,,Skeleton bone (Bip001 R Calf001),,
Dwarf,cavalry-character,Dwarves/models/DWF_Cavalry_customizable.FBX,bone,Bip001 R Foot001,Skeleton,Bone,,,Skeleton bone (Bip001 R Foot001),,
Dwarf,cavalry-character,Dwarves/models/DWF_Cavalry_customizable.FBX,bone,Bip001 R Toe001,Skeleton,Bone,,,Skeleton bone (Bip001 R Toe001),,
Dwarf,cavalry-character,Dwarves/models/DWF_Cavalry_customizable.FBX,bone,Bip001 R Toe0Nub001,Skeleton,Bone,,,Skeleton bone (Bip001 R Toe0Nub001),,
Dwarf,cavalry-character,Dwarves/models/DWF_Cavalry_customizable.FBX,null,Bip001 Footsteps,Rig,Helper,,,Null helper / rig node (Bip001 Footsteps),,
Dwarf,cavalry-character,Dwarves/models/DWF_Cavalry_customizable.FBX,null,Bip001 Footsteps001,Rig,Helper,,,Null helper / rig node (Bip001 Footsteps001),,
Dwarf,cavalry-character,Dwarves/models/DWF_Cavalry_customizable.FBX,material,DWF_Standard_Units,material,,,,DWF_Standard_Units,,
Dwarf,cavalry-character,Dwarves/models/DWF_Cavalry_customizable.FBX,texture,Map #12,texture,,,,Map #12,,
Dwarf,cavalry-character,Dwarves/models/DWF_Cavalry_customizable.FBX,anim_stack,Take 001,anim_stack,,,,Take 001,,
Dwarf,character,Dwarves/models/DWF_Characters_customizable.FBX,mesh_part,DWF_Weapon_bow,Equipment,Weapon,bow,,Bow (ranged) variant - (right-hand weapon mesh),,
Dwarf,character,Dwarves/models/DWF_Characters_customizable.FBX,mesh_part,DWF_Weapon_staff_B,Equipment,Weapon,staff,B,Staff (caster) variant B (right-hand weapon mesh),,
Dwarf,character,Dwarves/models/DWF_Characters_customizable.FBX,mesh_part,DWF_Weapon_staff_A,Equipment,Weapon,staff,A,Staff (caster) variant A (right-hand weapon mesh),,
Dwarf,character,Dwarves/models/DWF_Characters_customizable.FBX,mesh_part,DWF_Shield_B,Equipment,Shield,shield,B,Shield variant B (off-hand),,
Dwarf,character,Dwarves/models/DWF_Characters_customizable.FBX,mesh_part,DWF_Shield_A,Equipment,Shield,shield,A,Shield variant A (off-hand),,
Dwarf,character,Dwarves/models/DWF_Characters_customizable.FBX,mesh_part,DWF_Shield_C,Equipment,Shield,shield,C,Shield variant C (off-hand),,
Dwarf,character,Dwarves/models/DWF_Characters_customizable.FBX,mesh_part,DWF_Shield_D,Equipment,Shield,shield,D,Shield variant D (off-hand),,
Dwarf,character,Dwarves/models/DWF_Characters_customizable.FBX,mesh_part,DWF_Weapon_dagger,Equipment,Weapon,dagger,,Dagger variant - (right-hand weapon mesh),,
Dwarf,character,Dwarves/models/DWF_Characters_customizable.FBX,mesh_part,DWF_Weapon_spear,Equipment,Weapon,spear,,Spear variant - (right-hand weapon mesh),,
Dwarf,character,Dwarves/models/DWF_Characters_customizable.FBX,mesh_part,DWF_Weapon_axe_B,Equipment,Weapon,axe,B,Axe variant B (right-hand weapon mesh),,
Dwarf,character,Dwarves/models/DWF_Characters_customizable.FBX,mesh_part,DWF_Weapon_pick,Equipment,Weapon,pick,,Pick (worker tool) variant - (right-hand weapon mesh),,
Dwarf,character,Dwarves/models/DWF_Characters_customizable.FBX,mesh_part,DWF_Weapon_axe_A,Equipment,Weapon,axe,A,Axe variant A (right-hand weapon mesh),,
Dwarf,character,Dwarves/models/DWF_Characters_customizable.FBX,mesh_part,DWF_Weapon_axe_C,Equipment,Weapon,axe,C,Axe variant C (right-hand weapon mesh),,
Dwarf,character,Dwarves/models/DWF_Characters_customizable.FBX,mesh_part,DWF_Weapon_sword_B,Equipment,Weapon,sword,B,Sword variant B (right-hand weapon mesh),,
Dwarf,character,Dwarves/models/DWF_Characters_customizable.FBX,mesh_part,DWF_Weapon_hammer_B,Equipment,Weapon,hammer,B,Hammer variant B (right-hand weapon mesh),,
Dwarf,character,Dwarves/models/DWF_Characters_customizable.FBX,mesh_part,DWF_Weapon_hammer_A,Equipment,Weapon,hammer,A,Hammer variant A (right-hand weapon mesh),,
Dwarf,character,Dwarves/models/DWF_Characters_customizable.FBX,mesh_part,DWF_Weapon_sword_A,Equipment,Weapon,sword,A,Sword variant A (right-hand weapon mesh),,
Dwarf,character,Dwarves/models/DWF_Characters_customizable.FBX,mesh_part,DWF_Xtra_wood,Accessory,Extra,wood,,Wood/log carry prop,,
Dwarf,character,Dwarves/models/DWF_Characters_customizable.FBX,mesh_part,DWF_Xtra_bag,Accessory,Extra,bag,,Belt bag / pouch,,
Dwarf,character,Dwarves/models/DWF_Characters_customizable.FBX,mesh_part,DWF_Xtra_quiver,Accessory,Extra,quiver,,Arrow quiver (back),,
Dwarf,character,Dwarves/models/DWF_Characters_customizable.FBX,mesh_part,DWF_Units_Body_A,Body,Body / Torso,,A,Body / Torso variant A (swappable body mesh),,
Dwarf,character,Dwarves/models/DWF_Characters_customizable.FBX,mesh_part,DWF_Units_Head_A,Body,Head,,A,Head variant A (swappable body mesh),,
Dwarf,character,Dwarves/models/DWF_Characters_customizable.FBX,mesh_part,DWF_Units_Body_E,Body,Body / Torso,,E,Body / Torso variant E (swappable body mesh),,
Dwarf,character,Dwarves/models/DWF_Characters_customizable.FBX,mesh_part,DWF_Units_Body_B,Body,Body / Torso,,B,Body / Torso variant B (swappable body mesh),,
Dwarf,character,Dwarves/models/DWF_Characters_customizable.FBX,mesh_part,DWF_Units_Body_C,Body,Body / Torso,,C,Body / Torso variant C (swappable body mesh),,
Dwarf,character,Dwarves/models/DWF_Characters_customizable.FBX,mesh_part,DWF_Units_Body_D,Body,Body / Torso,,D,Body / Torso variant D (swappable body mesh),,
Dwarf,character,Dwarves/models/DWF_Characters_customizable.FBX,mesh_part,DWF_Units_Shoulderpads_A,Body,Shoulders,,A,Shoulders variant A (swappable body mesh),,
Dwarf,character,Dwarves/models/DWF_Characters_customizable.FBX,mesh_part,DWF_Units_Shoulderpads_B,Body,Shoulders,,B,Shoulders variant B (swappable body mesh),,
Dwarf,character,Dwarves/models/DWF_Characters_customizable.FBX,mesh_part,DWF_Units_Shoulderpads_C,Body,Shoulders,,C,Shoulders variant C (swappable body mesh),,
Dwarf,character,Dwarves/models/DWF_Characters_customizable.FBX,mesh_part,DWF_Units_Head_M,Body,Head,,M,Head variant M (swappable body mesh),,
Dwarf,character,Dwarves/models/DWF_Characters_customizable.FBX,mesh_part,DWF_Units_Head_N,Body,Head,,N,Head variant N (swappable body mesh),,
Dwarf,character,Dwarves/models/DWF_Characters_customizable.FBX,mesh_part,DWF_Units_Arms_A,Body,Arms,,A,Arms variant A (swappable body mesh),,
Dwarf,character,Dwarves/models/DWF_Characters_customizable.FBX,mesh_part,DWF_Units_Legs_A,Body,Legs,,A,Legs variant A (swappable body mesh),,
Dwarf,character,Dwarves/models/DWF_Characters_customizable.FBX,mesh_part,DWF_Units_Legs_B,Body,Legs,,B,Legs variant B (swappable body mesh),,
Dwarf,character,Dwarves/models/DWF_Characters_customizable.FBX,mesh_part,DWF_Units_Arms_B,Body,Arms,,B,Arms variant B (swappable body mesh),,
Dwarf,character,Dwarves/models/DWF_Characters_customizable.FBX,mesh_part,DWF_Units_Legs_C,Body,Legs,,C,Legs variant C (swappable body mesh),,
Dwarf,character,Dwarves/models/DWF_Characters_customizable.FBX,mesh_part,DWF_Units_Arms_C,Body,Arms,,C,Arms variant C (swappable body mesh),,
Dwarf,character,Dwarves/models/DWF_Characters_customizable.FBX,mesh_part,DWF_Units_Head_B,Body,Head,,B,Head variant B (swappable body mesh),,
Dwarf,character,Dwarves/models/DWF_Characters_customizable.FBX,mesh_part,DWF_Units_Head_C,Body,Head,,C,Head variant C (swappable body mesh),,
Dwarf,character,Dwarves/models/DWF_Characters_customizable.FBX,mesh_part,DWF_Units_Head_D,Body,Head,,D,Head variant D (swappable body mesh),,
Dwarf,character,Dwarves/models/DWF_Characters_customizable.FBX,mesh_part,DWF_Units_Head_E,Body,Head,,E,Head variant E (swappable body mesh),,
Dwarf,character,Dwarves/models/DWF_Characters_customizable.FBX,mesh_part,DWF_Units_Head_F,Body,Head,,F,Head variant F (swappable body mesh),,
Dwarf,character,Dwarves/models/DWF_Characters_customizable.FBX,mesh_part,DWF_Units_Head_G,Body,Head,,G,Head variant G (swappable body mesh),,
Dwarf,character,Dwarves/models/DWF_Characters_customizable.FBX,mesh_part,DWF_Units_Head_H,Body,Head,,H,Head variant H (swappable body mesh),,
Dwarf,character,Dwarves/models/DWF_Characters_customizable.FBX,mesh_part,DWF_Units_Head_I,Body,Head,,I,Head variant I (swappable body mesh),,
Dwarf,character,Dwarves/models/DWF_Characters_customizable.FBX,mesh_part,DWF_Units_Head_J,Body,Head,,J,Head variant J (swappable body mesh),,
Dwarf,character,Dwarves/models/DWF_Characters_customizable.FBX,mesh_part,DWF_Units_Head_K,Body,Head,,K,Head variant K (swappable body mesh),,
Dwarf,character,Dwarves/models/DWF_Characters_customizable.FBX,mesh_part,DWF_Units_Head_L,Body,Head,,L,Head variant L (swappable body mesh),,
Dwarf,character,Dwarves/models/DWF_Characters_customizable.FBX,geometry,(unnamed),geometry,,,,(unnamed),27,134
Dwarf,character,Dwarves/models/DWF_Characters_customizable.FBX,geometry,(unnamed),geometry,,,,(unnamed),73,244
Dwarf,character,Dwarves/models/DWF_Characters_customizable.FBX,geometry,(unnamed),geometry,,,,(unnamed),22,76
Dwarf,character,Dwarves/models/DWF_Characters_customizable.FBX,geometry,(unnamed),geometry,,,,(unnamed),27,110
Dwarf,character,Dwarves/models/DWF_Characters_customizable.FBX,geometry,(unnamed),geometry,,,,(unnamed),17,86
Dwarf,character,Dwarves/models/DWF_Characters_customizable.FBX,geometry,(unnamed),geometry,,,,(unnamed),21,90
Dwarf,character,Dwarves/models/DWF_Characters_customizable.FBX,geometry,(unnamed),geometry,,,,(unnamed),32,144
Dwarf,character,Dwarves/models/DWF_Characters_customizable.FBX,geometry,(unnamed),geometry,,,,(unnamed),16,58
Dwarf,character,Dwarves/models/DWF_Characters_customizable.FBX,geometry,(unnamed),geometry,,,,(unnamed),15,52
Dwarf,character,Dwarves/models/DWF_Characters_customizable.FBX,geometry,(unnamed),geometry,,,,(unnamed),33,130
Dwarf,character,Dwarves/models/DWF_Characters_customizable.FBX,geometry,(unnamed),geometry,,,,(unnamed),40,128
Dwarf,character,Dwarves/models/DWF_Characters_customizable.FBX,geometry,(unnamed),geometry,,,,(unnamed),33,134
Dwarf,character,Dwarves/models/DWF_Characters_customizable.FBX,geometry,(unnamed),geometry,,,,(unnamed),56,246
Dwarf,character,Dwarves/models/DWF_Characters_customizable.FBX,geometry,(unnamed),geometry,,,,(unnamed),31,106
Dwarf,character,Dwarves/models/DWF_Characters_customizable.FBX,geometry,(unnamed),geometry,,,,(unnamed),26,96
Dwarf,character,Dwarves/models/DWF_Characters_customizable.FBX,geometry,(unnamed),geometry,,,,(unnamed),20,68
Dwarf,character,Dwarves/models/DWF_Characters_customizable.FBX,geometry,(unnamed),geometry,,,,(unnamed),22,78
Dwarf,character,Dwarves/models/DWF_Characters_customizable.FBX,geometry,(unnamed),geometry,,,,(unnamed),30,90
Dwarf,character,Dwarves/models/DWF_Characters_customizable.FBX,geometry,(unnamed),geometry,,,,(unnamed),33,162
Dwarf,character,Dwarves/models/DWF_Characters_customizable.FBX,geometry,(unnamed),geometry,,,,(unnamed),56,123
Dwarf,character,Dwarves/models/DWF_Characters_customizable.FBX,geometry,(unnamed),geometry,,,,(unnamed),88,350
Dwarf,character,Dwarves/models/DWF_Characters_customizable.FBX,geometry,(unnamed),geometry,,,,(unnamed),53,266
Dwarf,character,Dwarves/models/DWF_Characters_customizable.FBX,geometry,(unnamed),geometry,,,,(unnamed),119,678
Dwarf,character,Dwarves/models/DWF_Characters_customizable.FBX,geometry,(unnamed),geometry,,,,(unnamed),88,350
Dwarf,character,Dwarves/models/DWF_Characters_customizable.FBX,geometry,(unnamed),geometry,,,,(unnamed),88,350
Dwarf,character,Dwarves/models/DWF_Characters_customizable.FBX,geometry,(unnamed),geometry,,,,(unnamed),88,350
Dwarf,character,Dwarves/models/DWF_Characters_customizable.FBX,geometry,(unnamed),geometry,,,,(unnamed),32,136
Dwarf,character,Dwarves/models/DWF_Characters_customizable.FBX,geometry,(unnamed),geometry,,,,(unnamed),32,136
Dwarf,character,Dwarves/models/DWF_Characters_customizable.FBX,geometry,(unnamed),geometry,,,,(unnamed),34,148
Dwarf,character,Dwarves/models/DWF_Characters_customizable.FBX,geometry,(unnamed),geometry,,,,(unnamed),62,286
Dwarf,character,Dwarves/models/DWF_Characters_customizable.FBX,geometry,(unnamed),geometry,,,,(unnamed),62,286
Dwarf,character,Dwarves/models/DWF_Characters_customizable.FBX,geometry,(unnamed),geometry,,,,(unnamed),26,112
Dwarf,character,Dwarves/models/DWF_Characters_customizable.FBX,geometry,(unnamed),geometry,,,,(unnamed),36,192
Dwarf,character,Dwarves/models/DWF_Characters_customizable.FBX,geometry,(unnamed),geometry,,,,(unnamed),36,192
Dwarf,character,Dwarves/models/DWF_Characters_customizable.FBX,geometry,(unnamed),geometry,,,,(unnamed),26,112
Dwarf,character,Dwarves/models/DWF_Characters_customizable.FBX,geometry,(unnamed),geometry,,,,(unnamed),36,192
Dwarf,character,Dwarves/models/DWF_Characters_customizable.FBX,geometry,(unnamed),geometry,,,,(unnamed),26,112
Dwarf,character,Dwarves/models/DWF_Characters_customizable.FBX,geometry,(unnamed),geometry,,,,(unnamed),65,292
Dwarf,character,Dwarves/models/DWF_Characters_customizable.FBX,geometry,(unnamed),geometry,,,,(unnamed),92,410
Dwarf,character,Dwarves/models/DWF_Characters_customizable.FBX,geometry,(unnamed),geometry,,,,(unnamed),69,300
Dwarf,character,Dwarves/models/DWF_Characters_customizable.FBX,geometry,(unnamed),geometry,,,,(unnamed),71,310
Dwarf,character,Dwarves/models/DWF_Characters_customizable.FBX,geometry,(unnamed),geometry,,,,(unnamed),103,422
Dwarf,character,Dwarves/models/DWF_Characters_customizable.FBX,geometry,(unnamed),geometry,,,,(unnamed),73,320
Dwarf,character,Dwarves/models/DWF_Characters_customizable.FBX,geometry,(unnamed),geometry,,,,(unnamed),105,432
Dwarf,character,Dwarves/models/DWF_Characters_customizable.FBX,geometry,(unnamed),geometry,,,,(unnamed),105,456
Dwarf,character,Dwarves/models/DWF_Characters_customizable.FBX,geometry,(unnamed),geometry,,,,(unnamed),69,310
Dwarf,character,Dwarves/models/DWF_Characters_customizable.FBX,geometry,(unnamed),geometry,,,,(unnamed),95,408
Dwarf,character,Dwarves/models/DWF_Characters_customizable.FBX,geometry,(unnamed),geometry,,,,(unnamed),81,352
Dwarf,character,Dwarves/models/DWF_Characters_customizable.FBX,bone,Bip001 Pelvis,Skeleton,Bone,,,Skeleton bone (Bip001 Pelvis),,
Dwarf,character,Dwarves/models/DWF_Characters_customizable.FBX,bone,Bip001 Spine,Skeleton,Bone,,,Skeleton bone (Bip001 Spine),,
Dwarf,character,Dwarves/models/DWF_Characters_customizable.FBX,bone,Bip001 Neck,Skeleton,Bone,,,Skeleton bone (Bip001 Neck),,
Dwarf,character,Dwarves/models/DWF_Characters_customizable.FBX,bone,Bip001 Head,Skeleton,Bone,,,Skeleton bone (Bip001 Head),,
Dwarf,character,Dwarves/models/DWF_Characters_customizable.FBX,bone,Bip001 HeadNub,Skeleton,Bone,,,Skeleton bone (Bip001 HeadNub),,
Dwarf,character,Dwarves/models/DWF_Characters_customizable.FBX,bone,Bip001 L Clavicle,Skeleton,Bone,,,Skeleton bone (Bip001 L Clavicle),,
Dwarf,character,Dwarves/models/DWF_Characters_customizable.FBX,bone,Bip001 L UpperArm,Skeleton,Bone,,,Skeleton bone (Bip001 L UpperArm),,
Dwarf,character,Dwarves/models/DWF_Characters_customizable.FBX,bone,Bip001 L Forearm,Skeleton,Bone,,,Skeleton bone (Bip001 L Forearm),,
Dwarf,character,Dwarves/models/DWF_Characters_customizable.FBX,bone,Bip001 L Hand,Skeleton,Bone,,,Skeleton bone (Bip001 L Hand),,
Dwarf,character,Dwarves/models/DWF_Characters_customizable.FBX,bone,L_hand_container,Skeleton,Bone,,,Skeleton bone (L_hand_container),,
Dwarf,character,Dwarves/models/DWF_Characters_customizable.FBX,bone,L_shield_container,Skeleton,Bone,,,Skeleton bone (L_shield_container),,
Dwarf,character,Dwarves/models/DWF_Characters_customizable.FBX,bone,Bip001 R Clavicle,Skeleton,Bone,,,Skeleton bone (Bip001 R Clavicle),,
Dwarf,character,Dwarves/models/DWF_Characters_customizable.FBX,bone,Bip001 R UpperArm,Skeleton,Bone,,,Skeleton bone (Bip001 R UpperArm),,
Dwarf,character,Dwarves/models/DWF_Characters_customizable.FBX,bone,Bip001 R Forearm,Skeleton,Bone,,,Skeleton bone (Bip001 R Forearm),,
Dwarf,character,Dwarves/models/DWF_Characters_customizable.FBX,bone,Bip001 R Hand,Skeleton,Bone,,,Skeleton bone (Bip001 R Hand),,
Dwarf,character,Dwarves/models/DWF_Characters_customizable.FBX,bone,R_hand_container,Skeleton,Bone,,,Skeleton bone (R_hand_container),,
Dwarf,character,Dwarves/models/DWF_Characters_customizable.FBX,bone,Bone_wood,Skeleton,Bone,,,Skeleton bone (Bone_wood),,
Dwarf,character,Dwarves/models/DWF_Characters_customizable.FBX,bone,Bone_bag,Skeleton,Bone,,,Skeleton bone (Bone_bag),,
Dwarf,character,Dwarves/models/DWF_Characters_customizable.FBX,bone,Quiver_container,Skeleton,Bone,,,Skeleton bone (Quiver_container),,
Dwarf,character,Dwarves/models/DWF_Characters_customizable.FBX,bone,Bip001 L Thigh,Skeleton,Bone,,,Skeleton bone (Bip001 L Thigh),,
Dwarf,character,Dwarves/models/DWF_Characters_customizable.FBX,bone,Bip001 L Calf,Skeleton,Bone,,,Skeleton bone (Bip001 L Calf),,
Dwarf,character,Dwarves/models/DWF_Characters_customizable.FBX,bone,Bip001 L Foot,Skeleton,Bone,,,Skeleton bone (Bip001 L Foot),,
Dwarf,character,Dwarves/models/DWF_Characters_customizable.FBX,bone,Bip001 L Toe0,Skeleton,Bone,,,Skeleton bone (Bip001 L Toe0),,
Dwarf,character,Dwarves/models/DWF_Characters_customizable.FBX,bone,Bip001 L Toe0Nub,Skeleton,Bone,,,Skeleton bone (Bip001 L Toe0Nub),,
Dwarf,character,Dwarves/models/DWF_Characters_customizable.FBX,bone,Bip001 R Thigh,Skeleton,Bone,,,Skeleton bone (Bip001 R Thigh),,
Dwarf,character,Dwarves/models/DWF_Characters_customizable.FBX,bone,Bip001 R Calf,Skeleton,Bone,,,Skeleton bone (Bip001 R Calf),,
Dwarf,character,Dwarves/models/DWF_Characters_customizable.FBX,bone,Bip001 R Foot,Skeleton,Bone,,,Skeleton bone (Bip001 R Foot),,
Dwarf,character,Dwarves/models/DWF_Characters_customizable.FBX,bone,Bip001 R Toe0,Skeleton,Bone,,,Skeleton bone (Bip001 R Toe0),,
Dwarf,character,Dwarves/models/DWF_Characters_customizable.FBX,bone,Bip001 R Toe0Nub,Skeleton,Bone,,,Skeleton bone (Bip001 R Toe0Nub),,
Dwarf,character,Dwarves/models/DWF_Characters_customizable.FBX,null,Bip001 Footsteps,Rig,Helper,,,Null helper / rig node (Bip001 Footsteps),,
Dwarf,character,Dwarves/models/DWF_Characters_customizable.FBX,material,DWF_Standard_Units,material,,,,DWF_Standard_Units,,
Dwarf,character,Dwarves/models/DWF_Characters_customizable.FBX,texture,Map #12,texture,,,,Map #12,,
Dwarf,character,Dwarves/models/DWF_Characters_customizable.FBX,anim_stack,Take 001,anim_stack,,,,Take 001,,
Elf,animation,Elves/animation/BoltThrower/ELF_boltthrower_01_idle.FBX,bone,BONE_BASE,Skeleton,Bone,,,Skeleton bone (BONE_BASE),,
Elf,animation,Elves/animation/BoltThrower/ELF_boltthrower_01_idle.FBX,bone,Bone_Ballista,Skeleton,Bone,,,Skeleton bone (Bone_Ballista),,
Elf,animation,Elves/animation/BoltThrower/ELF_boltthrower_01_idle.FBX,bone,Bone_L_block,Skeleton,Bone,,,Skeleton bone (Bone_L_block),,
Elf,animation,Elves/animation/BoltThrower/ELF_boltthrower_01_idle.FBX,bone,Bone_front,Skeleton,Bone,,,Skeleton bone (Bone_front),,
Elf,animation,Elves/animation/BoltThrower/ELF_boltthrower_01_idle.FBX,bone,Bone_R_block,Skeleton,Bone,,,Skeleton bone (Bone_R_block),,
Elf,animation,Elves/animation/BoltThrower/ELF_boltthrower_01_idle.FBX,bone,Bone_Bolt,Skeleton,Bone,,,Skeleton bone (Bone_Bolt),,
Elf,animation,Elves/animation/BoltThrower/ELF_boltthrower_01_idle.FBX,bone,Bone_string,Skeleton,Bone,,,Skeleton bone (Bone_string),,
Elf,animation,Elves/animation/BoltThrower/ELF_boltthrower_01_idle.FBX,bone,Bone_L_wing_A,Skeleton,Bone,,,Skeleton bone (Bone_L_wing_A),,
Elf,animation,Elves/animation/BoltThrower/ELF_boltthrower_01_idle.FBX,bone,Bone_L_wing_B,Skeleton,Bone,,,Skeleton bone (Bone_L_wing_B),,
Elf,animation,Elves/animation/BoltThrower/ELF_boltthrower_01_idle.FBX,bone,Bone_R_wing_A,Skeleton,Bone,,,Skeleton bone (Bone_R_wing_A),,
Elf,animation,Elves/animation/BoltThrower/ELF_boltthrower_01_idle.FBX,bone,Bone_R_wing_B,Skeleton,Bone,,,Skeleton bone (Bone_R_wing_B),,
Elf,animation,Elves/animation/BoltThrower/ELF_boltthrower_01_idle.FBX,bone,Bone_R_wheel_A,Skeleton,Bone,,,Skeleton bone (Bone_R_wheel_A),,
Elf,animation,Elves/animation/BoltThrower/ELF_boltthrower_01_idle.FBX,bone,Bone_L_wheel_A,Skeleton,Bone,,,Skeleton bone (Bone_L_wheel_A),,
Elf,animation,Elves/animation/BoltThrower/ELF_boltthrower_01_idle.FBX,bone,Bone_L_wheel_B,Skeleton,Bone,,,Skeleton bone (Bone_L_wheel_B),,
Elf,animation,Elves/animation/BoltThrower/ELF_boltthrower_01_idle.FBX,bone,Bone_R_wheel_B,Skeleton,Bone,,,Skeleton bone (Bone_R_wheel_B),,
Elf,animation,Elves/animation/BoltThrower/ELF_boltthrower_01_idle.FBX,anim_stack,Take 001,anim_stack,,,,Take 001,,
Elf,animation,Elves/animation/BoltThrower/ELF_boltthrower_02_move.FBX,bone,BONE_BASE,Skeleton,Bone,,,Skeleton bone (BONE_BASE),,
Elf,animation,Elves/animation/BoltThrower/ELF_boltthrower_02_move.FBX,bone,Bone_Ballista,Skeleton,Bone,,,Skeleton bone (Bone_Ballista),,
Elf,animation,Elves/animation/BoltThrower/ELF_boltthrower_02_move.FBX,bone,Bone_L_block,Skeleton,Bone,,,Skeleton bone (Bone_L_block),,
Elf,animation,Elves/animation/BoltThrower/ELF_boltthrower_02_move.FBX,bone,Bone_front,Skeleton,Bone,,,Skeleton bone (Bone_front),,
Elf,animation,Elves/animation/BoltThrower/ELF_boltthrower_02_move.FBX,bone,Bone_R_block,Skeleton,Bone,,,Skeleton bone (Bone_R_block),,
Elf,animation,Elves/animation/BoltThrower/ELF_boltthrower_02_move.FBX,bone,Bone_Bolt,Skeleton,Bone,,,Skeleton bone (Bone_Bolt),,
Elf,animation,Elves/animation/BoltThrower/ELF_boltthrower_02_move.FBX,bone,Bone_string,Skeleton,Bone,,,Skeleton bone (Bone_string),,
Elf,animation,Elves/animation/BoltThrower/ELF_boltthrower_02_move.FBX,bone,Bone_L_wing_A,Skeleton,Bone,,,Skeleton bone (Bone_L_wing_A),,
Elf,animation,Elves/animation/BoltThrower/ELF_boltthrower_02_move.FBX,bone,Bone_L_wing_B,Skeleton,Bone,,,Skeleton bone (Bone_L_wing_B),,
Elf,animation,Elves/animation/BoltThrower/ELF_boltthrower_02_move.FBX,bone,Bone_R_wing_A,Skeleton,Bone,,,Skeleton bone (Bone_R_wing_A),,
Elf,animation,Elves/animation/BoltThrower/ELF_boltthrower_02_move.FBX,bone,Bone_R_wing_B,Skeleton,Bone,,,Skeleton bone (Bone_R_wing_B),,
Elf,animation,Elves/animation/BoltThrower/ELF_boltthrower_02_move.FBX,bone,Bone_R_wheel_A,Skeleton,Bone,,,Skeleton bone (Bone_R_wheel_A),,
Elf,animation,Elves/animation/BoltThrower/ELF_boltthrower_02_move.FBX,bone,Bone_L_wheel_A,Skeleton,Bone,,,Skeleton bone (Bone_L_wheel_A),,
Elf,animation,Elves/animation/BoltThrower/ELF_boltthrower_02_move.FBX,bone,Bone_L_wheel_B,Skeleton,Bone,,,Skeleton bone (Bone_L_wheel_B),,
Elf,animation,Elves/animation/BoltThrower/ELF_boltthrower_02_move.FBX,bone,Bone_R_wheel_B,Skeleton,Bone,,,Skeleton bone (Bone_R_wheel_B),,
Elf,animation,Elves/animation/BoltThrower/ELF_boltthrower_02_move.FBX,anim_stack,Take 001,anim_stack,,,,Take 001,,
Elf,animation,Elves/animation/BoltThrower/ELF_boltthrower_03_attack.FBX,bone,BONE_BASE,Skeleton,Bone,,,Skeleton bone (BONE_BASE),,
Elf,animation,Elves/animation/BoltThrower/ELF_boltthrower_03_attack.FBX,bone,Bone_Ballista,Skeleton,Bone,,,Skeleton bone (Bone_Ballista),,
Elf,animation,Elves/animation/BoltThrower/ELF_boltthrower_03_attack.FBX,bone,Bone_L_block,Skeleton,Bone,,,Skeleton bone (Bone_L_block),,
Elf,animation,Elves/animation/BoltThrower/ELF_boltthrower_03_attack.FBX,bone,Bone_front,Skeleton,Bone,,,Skeleton bone (Bone_front),,
Elf,animation,Elves/animation/BoltThrower/ELF_boltthrower_03_attack.FBX,bone,Bone_R_block,Skeleton,Bone,,,Skeleton bone (Bone_R_block),,
Elf,animation,Elves/animation/BoltThrower/ELF_boltthrower_03_attack.FBX,bone,Bone_Bolt,Skeleton,Bone,,,Skeleton bone (Bone_Bolt),,
Elf,animation,Elves/animation/BoltThrower/ELF_boltthrower_03_attack.FBX,bone,Bone_string,Skeleton,Bone,,,Skeleton bone (Bone_string),,
Elf,animation,Elves/animation/BoltThrower/ELF_boltthrower_03_attack.FBX,bone,Bone_L_wing_A,Skeleton,Bone,,,Skeleton bone (Bone_L_wing_A),,
Elf,animation,Elves/animation/BoltThrower/ELF_boltthrower_03_attack.FBX,bone,Bone_L_wing_B,Skeleton,Bone,,,Skeleton bone (Bone_L_wing_B),,
Elf,animation,Elves/animation/BoltThrower/ELF_boltthrower_03_attack.FBX,bone,Bone_R_wing_A,Skeleton,Bone,,,Skeleton bone (Bone_R_wing_A),,
Elf,animation,Elves/animation/BoltThrower/ELF_boltthrower_03_attack.FBX,bone,Bone_R_wing_B,Skeleton,Bone,,,Skeleton bone (Bone_R_wing_B),,
Elf,animation,Elves/animation/BoltThrower/ELF_boltthrower_03_attack.FBX,bone,Bone_R_wheel_A,Skeleton,Bone,,,Skeleton bone (Bone_R_wheel_A),,
Elf,animation,Elves/animation/BoltThrower/ELF_boltthrower_03_attack.FBX,bone,Bone_L_wheel_A,Skeleton,Bone,,,Skeleton bone (Bone_L_wheel_A),,
Elf,animation,Elves/animation/BoltThrower/ELF_boltthrower_03_attack.FBX,bone,Bone_L_wheel_B,Skeleton,Bone,,,Skeleton bone (Bone_L_wheel_B),,
Elf,animation,Elves/animation/BoltThrower/ELF_boltthrower_03_attack.FBX,bone,Bone_R_wheel_B,Skeleton,Bone,,,Skeleton bone (Bone_R_wheel_B),,
Elf,animation,Elves/animation/BoltThrower/ELF_boltthrower_03_attack.FBX,anim_stack,Take 001,anim_stack,,,,Take 001,,
Elf,animation,Elves/animation/BoltThrower/ELF_boltthrower_04_death.FBX,bone,BONE_BASE,Skeleton,Bone,,,Skeleton bone (BONE_BASE),,
Elf,animation,Elves/animation/BoltThrower/ELF_boltthrower_04_death.FBX,bone,Bone_Ballista,Skeleton,Bone,,,Skeleton bone (Bone_Ballista),,
Elf,animation,Elves/animation/BoltThrower/ELF_boltthrower_04_death.FBX,bone,Bone_L_block,Skeleton,Bone,,,Skeleton bone (Bone_L_block),,
Elf,animation,Elves/animation/BoltThrower/ELF_boltthrower_04_death.FBX,bone,Bone_front,Skeleton,Bone,,,Skeleton bone (Bone_front),,
Elf,animation,Elves/animation/BoltThrower/ELF_boltthrower_04_death.FBX,bone,Bone_R_block,Skeleton,Bone,,,Skeleton bone (Bone_R_block),,
Elf,animation,Elves/animation/BoltThrower/ELF_boltthrower_04_death.FBX,bone,Bone_Bolt,Skeleton,Bone,,,Skeleton bone (Bone_Bolt),,
Elf,animation,Elves/animation/BoltThrower/ELF_boltthrower_04_death.FBX,bone,Bone_string,Skeleton,Bone,,,Skeleton bone (Bone_string),,
Elf,animation,Elves/animation/BoltThrower/ELF_boltthrower_04_death.FBX,bone,Bone_L_wing_A,Skeleton,Bone,,,Skeleton bone (Bone_L_wing_A),,
Elf,animation,Elves/animation/BoltThrower/ELF_boltthrower_04_death.FBX,bone,Bone_L_wing_B,Skeleton,Bone,,,Skeleton bone (Bone_L_wing_B),,
Elf,animation,Elves/animation/BoltThrower/ELF_boltthrower_04_death.FBX,bone,Bone_R_wing_A,Skeleton,Bone,,,Skeleton bone (Bone_R_wing_A),,
Elf,animation,Elves/animation/BoltThrower/ELF_boltthrower_04_death.FBX,bone,Bone_R_wing_B,Skeleton,Bone,,,Skeleton bone (Bone_R_wing_B),,
Elf,animation,Elves/animation/BoltThrower/ELF_boltthrower_04_death.FBX,bone,Bone_R_wheel_A,Skeleton,Bone,,,Skeleton bone (Bone_R_wheel_A),,
Elf,animation,Elves/animation/BoltThrower/ELF_boltthrower_04_death.FBX,bone,Bone_L_wheel_A,Skeleton,Bone,,,Skeleton bone (Bone_L_wheel_A),,
Elf,animation,Elves/animation/BoltThrower/ELF_boltthrower_04_death.FBX,bone,Bone_L_wheel_B,Skeleton,Bone,,,Skeleton bone (Bone_L_wheel_B),,
Elf,animation,Elves/animation/BoltThrower/ELF_boltthrower_04_death.FBX,bone,Bone_R_wheel_B,Skeleton,Bone,,,Skeleton bone (Bone_R_wheel_B),,
Elf,animation,Elves/animation/BoltThrower/ELF_boltthrower_04_death.FBX,anim_stack,Take 001,anim_stack,,,,Take 001,,
Elf,animation,Elves/animation/Cavalry_Mage/ELF_cavalry_mage_08_attack_B.FBX,bone,Bip001 Pelvis,Skeleton,Bone,,,Skeleton bone (Bip001 Pelvis),,
Elf,animation,Elves/animation/Cavalry_Mage/ELF_cavalry_mage_08_attack_B.FBX,bone,Bip001 Spine,Skeleton,Bone,,,Skeleton bone (Bip001 Spine),,
Elf,animation,Elves/animation/Cavalry_Mage/ELF_cavalry_mage_08_attack_B.FBX,bone,Bip001 Neck,Skeleton,Bone,,,Skeleton bone (Bip001 Neck),,
Elf,animation,Elves/animation/Cavalry_Mage/ELF_cavalry_mage_08_attack_B.FBX,bone,Bip001 Head,Skeleton,Bone,,,Skeleton bone (Bip001 Head),,
Elf,animation,Elves/animation/Cavalry_Mage/ELF_cavalry_mage_08_attack_B.FBX,bone,Bip001 L Clavicle,Skeleton,Bone,,,Skeleton bone (Bip001 L Clavicle),,
Elf,animation,Elves/animation/Cavalry_Mage/ELF_cavalry_mage_08_attack_B.FBX,bone,Bip001 L UpperArm,Skeleton,Bone,,,Skeleton bone (Bip001 L UpperArm),,
Elf,animation,Elves/animation/Cavalry_Mage/ELF_cavalry_mage_08_attack_B.FBX,bone,Bip001 L Forearm,Skeleton,Bone,,,Skeleton bone (Bip001 L Forearm),,
Elf,animation,Elves/animation/Cavalry_Mage/ELF_cavalry_mage_08_attack_B.FBX,bone,Bip001 L Hand,Skeleton,Bone,,,Skeleton bone (Bip001 L Hand),,
Elf,animation,Elves/animation/Cavalry_Mage/ELF_cavalry_mage_08_attack_B.FBX,bone,Bip001 L Finger0,Skeleton,Bone,,,Skeleton bone (Bip001 L Finger0),,
Elf,animation,Elves/animation/Cavalry_Mage/ELF_cavalry_mage_08_attack_B.FBX,bone,Bip001 R Clavicle,Skeleton,Bone,,,Skeleton bone (Bip001 R Clavicle),,
Elf,animation,Elves/animation/Cavalry_Mage/ELF_cavalry_mage_08_attack_B.FBX,bone,Bip001 R UpperArm,Skeleton,Bone,,,Skeleton bone (Bip001 R UpperArm),,
Elf,animation,Elves/animation/Cavalry_Mage/ELF_cavalry_mage_08_attack_B.FBX,bone,Bip001 R Forearm,Skeleton,Bone,,,Skeleton bone (Bip001 R Forearm),,
Elf,animation,Elves/animation/Cavalry_Mage/ELF_cavalry_mage_08_attack_B.FBX,bone,Bip001 R Hand,Skeleton,Bone,,,Skeleton bone (Bip001 R Hand),,
Elf,animation,Elves/animation/Cavalry_Mage/ELF_cavalry_mage_08_attack_B.FBX,bone,Bip001 R Finger0,Skeleton,Bone,,,Skeleton bone (Bip001 R Finger0),,
Elf,animation,Elves/animation/Cavalry_Mage/ELF_cavalry_mage_08_attack_B.FBX,bone,Bip001 L Thigh,Skeleton,Bone,,,Skeleton bone (Bip001 L Thigh),,
Elf,animation,Elves/animation/Cavalry_Mage/ELF_cavalry_mage_08_attack_B.FBX,bone,Bip001 L Calf,Skeleton,Bone,,,Skeleton bone (Bip001 L Calf),,
Elf,animation,Elves/animation/Cavalry_Mage/ELF_cavalry_mage_08_attack_B.FBX,bone,Bip001 L Foot,Skeleton,Bone,,,Skeleton bone (Bip001 L Foot),,
Elf,animation,Elves/animation/Cavalry_Mage/ELF_cavalry_mage_08_attack_B.FBX,bone,Bip001 L Toe0,Skeleton,Bone,,,Skeleton bone (Bip001 L Toe0),,
Elf,animation,Elves/animation/Cavalry_Mage/ELF_cavalry_mage_08_attack_B.FBX,bone,Bip001 R Thigh,Skeleton,Bone,,,Skeleton bone (Bip001 R Thigh),,
Elf,animation,Elves/animation/Cavalry_Mage/ELF_cavalry_mage_08_attack_B.FBX,bone,Bip001 R Calf,Skeleton,Bone,,,Skeleton bone (Bip001 R Calf),,
Elf,animation,Elves/animation/Cavalry_Mage/ELF_cavalry_mage_08_attack_B.FBX,bone,Bip001 R Foot,Skeleton,Bone,,,Skeleton bone (Bip001 R Foot),,
Elf,animation,Elves/animation/Cavalry_Mage/ELF_cavalry_mage_08_attack_B.FBX,bone,Bip001 R Toe0,Skeleton,Bone,,,Skeleton bone (Bip001 R Toe0),,
Elf,animation,Elves/animation/Cavalry_Mage/ELF_cavalry_mage_08_attack_B.FBX,bone,Bip001 Tail,Skeleton,Bone,,,Skeleton bone (Bip001 Tail),,
Elf,animation,Elves/animation/Cavalry_Mage/ELF_cavalry_mage_08_attack_B.FBX,bone,Bip001 Tail1,Skeleton,Bone,,,Skeleton bone (Bip001 Tail1),,
Elf,animation,Elves/animation/Cavalry_Mage/ELF_cavalry_mage_08_attack_B.FBX,bone,Bone_Mount,Skeleton,Bone,,,Skeleton bone (Bone_Mount),,
Elf,animation,Elves/animation/Cavalry_Mage/ELF_cavalry_mage_08_attack_B.FBX,bone,Bip001 Pelvis001,Skeleton,Bone,,,Skeleton bone (Bip001 Pelvis001),,
Elf,animation,Elves/animation/Cavalry_Mage/ELF_cavalry_mage_08_attack_B.FBX,bone,Bip001 Spine001,Skeleton,Bone,,,Skeleton bone (Bip001 Spine001),,
Elf,animation,Elves/animation/Cavalry_Mage/ELF_cavalry_mage_08_attack_B.FBX,bone,Bip001 Neck001,Skeleton,Bone,,,Skeleton bone (Bip001 Neck001),,
Elf,animation,Elves/animation/Cavalry_Mage/ELF_cavalry_mage_08_attack_B.FBX,bone,Bip001 Head001,Skeleton,Bone,,,Skeleton bone (Bip001 Head001),,
Elf,animation,Elves/animation/Cavalry_Mage/ELF_cavalry_mage_08_attack_B.FBX,bone,Bip001 L Clavicle001,Skeleton,Bone,,,Skeleton bone (Bip001 L Clavicle001),,
Elf,animation,Elves/animation/Cavalry_Mage/ELF_cavalry_mage_08_attack_B.FBX,bone,Bip001 L UpperArm001,Skeleton,Bone,,,Skeleton bone (Bip001 L UpperArm001),,
Elf,animation,Elves/animation/Cavalry_Mage/ELF_cavalry_mage_08_attack_B.FBX,bone,Bip001 L Forearm001,Skeleton,Bone,,,Skeleton bone (Bip001 L Forearm001),,
Elf,animation,Elves/animation/Cavalry_Mage/ELF_cavalry_mage_08_attack_B.FBX,bone,Bip001 L Hand001,Skeleton,Bone,,,Skeleton bone (Bip001 L Hand001),,
Elf,animation,Elves/animation/Cavalry_Mage/ELF_cavalry_mage_08_attack_B.FBX,bone,Bip001 R Clavicle001,Skeleton,Bone,,,Skeleton bone (Bip001 R Clavicle001),,
Elf,animation,Elves/animation/Cavalry_Mage/ELF_cavalry_mage_08_attack_B.FBX,bone,Bip001 R UpperArm001,Skeleton,Bone,,,Skeleton bone (Bip001 R UpperArm001),,
Elf,animation,Elves/animation/Cavalry_Mage/ELF_cavalry_mage_08_attack_B.FBX,bone,Bip001 R Forearm001,Skeleton,Bone,,,Skeleton bone (Bip001 R Forearm001),,
Elf,animation,Elves/animation/Cavalry_Mage/ELF_cavalry_mage_08_attack_B.FBX,bone,Bip001 R Hand001,Skeleton,Bone,,,Skeleton bone (Bip001 R Hand001),,
Elf,animation,Elves/animation/Cavalry_Mage/ELF_cavalry_mage_08_attack_B.FBX,bone,Bip001 L Thigh001,Skeleton,Bone,,,Skeleton bone (Bip001 L Thigh001),,
Elf,animation,Elves/animation/Cavalry_Mage/ELF_cavalry_mage_08_attack_B.FBX,bone,Bip001 L Calf001,Skeleton,Bone,,,Skeleton bone (Bip001 L Calf001),,
Elf,animation,Elves/animation/Cavalry_Mage/ELF_cavalry_mage_08_attack_B.FBX,bone,Bip001 L Foot001,Skeleton,Bone,,,Skeleton bone (Bip001 L Foot001),,
Elf,animation,Elves/animation/Cavalry_Mage/ELF_cavalry_mage_08_attack_B.FBX,bone,Bip001 L Toe001,Skeleton,Bone,,,Skeleton bone (Bip001 L Toe001),,
Elf,animation,Elves/animation/Cavalry_Mage/ELF_cavalry_mage_08_attack_B.FBX,bone,Bip001 R Thigh001,Skeleton,Bone,,,Skeleton bone (Bip001 R Thigh001),,
Elf,animation,Elves/animation/Cavalry_Mage/ELF_cavalry_mage_08_attack_B.FBX,bone,Bip001 R Calf001,Skeleton,Bone,,,Skeleton bone (Bip001 R Calf001),,
Elf,animation,Elves/animation/Cavalry_Mage/ELF_cavalry_mage_08_attack_B.FBX,bone,Bip001 R Foot001,Skeleton,Bone,,,Skeleton bone (Bip001 R Foot001),,
Elf,animation,Elves/animation/Cavalry_Mage/ELF_cavalry_mage_08_attack_B.FBX,bone,Bip001 R Toe001,Skeleton,Bone,,,Skeleton bone (Bip001 R Toe001),,
Elf,animation,Elves/animation/Cavalry_Mage/ELF_cavalry_mage_08_attack_B.FBX,anim_stack,Take 001,anim_stack,,,,Take 001,,
Elf,animation,Elves/animation/Cavalry_Spear/ELF_cavalry_spear_04_charge.FBX,bone,Bip001 Pelvis,Skeleton,Bone,,,Skeleton bone (Bip001 Pelvis),,
Elf,animation,Elves/animation/Cavalry_Spear/ELF_cavalry_spear_04_charge.FBX,bone,Bip001 Spine,Skeleton,Bone,,,Skeleton bone (Bip001 Spine),,
Elf,animation,Elves/animation/Cavalry_Spear/ELF_cavalry_spear_04_charge.FBX,bone,Bip001 Neck,Skeleton,Bone,,,Skeleton bone (Bip001 Neck),,
Elf,animation,Elves/animation/Cavalry_Spear/ELF_cavalry_spear_04_charge.FBX,bone,Bip001 Head,Skeleton,Bone,,,Skeleton bone (Bip001 Head),,
Elf,animation,Elves/animation/Cavalry_Spear/ELF_cavalry_spear_04_charge.FBX,bone,Bip001 L Clavicle,Skeleton,Bone,,,Skeleton bone (Bip001 L Clavicle),,
Elf,animation,Elves/animation/Cavalry_Spear/ELF_cavalry_spear_04_charge.FBX,bone,Bip001 L UpperArm,Skeleton,Bone,,,Skeleton bone (Bip001 L UpperArm),,
Elf,animation,Elves/animation/Cavalry_Spear/ELF_cavalry_spear_04_charge.FBX,bone,Bip001 L Forearm,Skeleton,Bone,,,Skeleton bone (Bip001 L Forearm),,
Elf,animation,Elves/animation/Cavalry_Spear/ELF_cavalry_spear_04_charge.FBX,bone,Bip001 L Hand,Skeleton,Bone,,,Skeleton bone (Bip001 L Hand),,
Elf,animation,Elves/animation/Cavalry_Spear/ELF_cavalry_spear_04_charge.FBX,bone,Bip001 L Finger0,Skeleton,Bone,,,Skeleton bone (Bip001 L Finger0),,
Elf,animation,Elves/animation/Cavalry_Spear/ELF_cavalry_spear_04_charge.FBX,bone,Bip001 R Clavicle,Skeleton,Bone,,,Skeleton bone (Bip001 R Clavicle),,
Elf,animation,Elves/animation/Cavalry_Spear/ELF_cavalry_spear_04_charge.FBX,bone,Bip001 R UpperArm,Skeleton,Bone,,,Skeleton bone (Bip001 R UpperArm),,
Elf,animation,Elves/animation/Cavalry_Spear/ELF_cavalry_spear_04_charge.FBX,bone,Bip001 R Forearm,Skeleton,Bone,,,Skeleton bone (Bip001 R Forearm),,
Elf,animation,Elves/animation/Cavalry_Spear/ELF_cavalry_spear_04_charge.FBX,bone,Bip001 R Hand,Skeleton,Bone,,,Skeleton bone (Bip001 R Hand),,
Elf,animation,Elves/animation/Cavalry_Spear/ELF_cavalry_spear_04_charge.FBX,bone,Bip001 R Finger0,Skeleton,Bone,,,Skeleton bone (Bip001 R Finger0),,
Elf,animation,Elves/animation/Cavalry_Spear/ELF_cavalry_spear_04_charge.FBX,bone,Bip001 L Thigh,Skeleton,Bone,,,Skeleton bone (Bip001 L Thigh),,
Elf,animation,Elves/animation/Cavalry_Spear/ELF_cavalry_spear_04_charge.FBX,bone,Bip001 L Calf,Skeleton,Bone,,,Skeleton bone (Bip001 L Calf),,
Elf,animation,Elves/animation/Cavalry_Spear/ELF_cavalry_spear_04_charge.FBX,bone,Bip001 L Foot,Skeleton,Bone,,,Skeleton bone (Bip001 L Foot),,
Elf,animation,Elves/animation/Cavalry_Spear/ELF_cavalry_spear_04_charge.FBX,bone,Bip001 L Toe0,Skeleton,Bone,,,Skeleton bone (Bip001 L Toe0),,
Elf,animation,Elves/animation/Cavalry_Spear/ELF_cavalry_spear_04_charge.FBX,bone,Bip001 R Thigh,Skeleton,Bone,,,Skeleton bone (Bip001 R Thigh),,
Elf,animation,Elves/animation/Cavalry_Spear/ELF_cavalry_spear_04_charge.FBX,bone,Bip001 R Calf,Skeleton,Bone,,,Skeleton bone (Bip001 R Calf),,
Elf,animation,Elves/animation/Cavalry_Spear/ELF_cavalry_spear_04_charge.FBX,bone,Bip001 R Foot,Skeleton,Bone,,,Skeleton bone (Bip001 R Foot),,
Elf,animation,Elves/animation/Cavalry_Spear/ELF_cavalry_spear_04_charge.FBX,bone,Bip001 R Toe0,Skeleton,Bone,,,Skeleton bone (Bip001 R Toe0),,
Elf,animation,Elves/animation/Cavalry_Spear/ELF_cavalry_spear_04_charge.FBX,bone,Bip001 Tail,Skeleton,Bone,,,Skeleton bone (Bip001 Tail),,
Elf,animation,Elves/animation/Cavalry_Spear/ELF_cavalry_spear_04_charge.FBX,bone,Bip001 Tail1,Skeleton,Bone,,,Skeleton bone (Bip001 Tail1),,
Elf,animation,Elves/animation/Cavalry_Spear/ELF_cavalry_spear_04_charge.FBX,bone,Bone_Mount,Skeleton,Bone,,,Skeleton bone (Bone_Mount),,
Elf,animation,Elves/animation/Cavalry_Spear/ELF_cavalry_spear_04_charge.FBX,bone,Bip001 Pelvis001,Skeleton,Bone,,,Skeleton bone (Bip001 Pelvis001),,
Elf,animation,Elves/animation/Cavalry_Spear/ELF_cavalry_spear_04_charge.FBX,bone,Bip001 Spine001,Skeleton,Bone,,,Skeleton bone (Bip001 Spine001),,
Elf,animation,Elves/animation/Cavalry_Spear/ELF_cavalry_spear_04_charge.FBX,bone,Bip001 Neck001,Skeleton,Bone,,,Skeleton bone (Bip001 Neck001),,
Elf,animation,Elves/animation/Cavalry_Spear/ELF_cavalry_spear_04_charge.FBX,bone,Bip001 Head001,Skeleton,Bone,,,Skeleton bone (Bip001 Head001),,
Elf,animation,Elves/animation/Cavalry_Spear/ELF_cavalry_spear_04_charge.FBX,bone,Bip001 L Clavicle001,Skeleton,Bone,,,Skeleton bone (Bip001 L Clavicle001),,
Elf,animation,Elves/animation/Cavalry_Spear/ELF_cavalry_spear_04_charge.FBX,bone,Bip001 L UpperArm001,Skeleton,Bone,,,Skeleton bone (Bip001 L UpperArm001),,
Elf,animation,Elves/animation/Cavalry_Spear/ELF_cavalry_spear_04_charge.FBX,bone,Bip001 L Forearm001,Skeleton,Bone,,,Skeleton bone (Bip001 L Forearm001),,
Elf,animation,Elves/animation/Cavalry_Spear/ELF_cavalry_spear_04_charge.FBX,bone,Bip001 L Hand001,Skeleton,Bone,,,Skeleton bone (Bip001 L Hand001),,
Elf,animation,Elves/animation/Cavalry_Spear/ELF_cavalry_spear_04_charge.FBX,bone,Bip001 R Clavicle001,Skeleton,Bone,,,Skeleton bone (Bip001 R Clavicle001),,
Elf,animation,Elves/animation/Cavalry_Spear/ELF_cavalry_spear_04_charge.FBX,bone,Bip001 R UpperArm001,Skeleton,Bone,,,Skeleton bone (Bip001 R UpperArm001),,
Elf,animation,Elves/animation/Cavalry_Spear/ELF_cavalry_spear_04_charge.FBX,bone,Bip001 R Forearm001,Skeleton,Bone,,,Skeleton bone (Bip001 R Forearm001),,
Elf,animation,Elves/animation/Cavalry_Spear/ELF_cavalry_spear_04_charge.FBX,bone,Bip001 R Hand001,Skeleton,Bone,,,Skeleton bone (Bip001 R Hand001),,
Elf,animation,Elves/animation/Cavalry_Spear/ELF_cavalry_spear_04_charge.FBX,bone,Bip001 L Thigh001,Skeleton,Bone,,,Skeleton bone (Bip001 L Thigh001),,
Elf,animation,Elves/animation/Cavalry_Spear/ELF_cavalry_spear_04_charge.FBX,bone,Bip001 L Calf001,Skeleton,Bone,,,Skeleton bone (Bip001 L Calf001),,
Elf,animation,Elves/animation/Cavalry_Spear/ELF_cavalry_spear_04_charge.FBX,bone,Bip001 L Foot001,Skeleton,Bone,,,Skeleton bone (Bip001 L Foot001),,
Elf,animation,Elves/animation/Cavalry_Spear/ELF_cavalry_spear_04_charge.FBX,bone,Bip001 L Toe001,Skeleton,Bone,,,Skeleton bone (Bip001 L Toe001),,
Elf,animation,Elves/animation/Cavalry_Spear/ELF_cavalry_spear_04_charge.FBX,bone,Bip001 R Thigh001,Skeleton,Bone,,,Skeleton bone (Bip001 R Thigh001),,
Elf,animation,Elves/animation/Cavalry_Spear/ELF_cavalry_spear_04_charge.FBX,bone,Bip001 R Calf001,Skeleton,Bone,,,Skeleton bone (Bip001 R Calf001),,
Elf,animation,Elves/animation/Cavalry_Spear/ELF_cavalry_spear_04_charge.FBX,bone,Bip001 R Foot001,Skeleton,Bone,,,Skeleton bone (Bip001 R Foot001),,
Elf,animation,Elves/animation/Cavalry_Spear/ELF_cavalry_spear_04_charge.FBX,bone,Bip001 R Toe001,Skeleton,Bone,,,Skeleton bone (Bip001 R Toe001),,
Elf,animation,Elves/animation/Cavalry_Spear/ELF_cavalry_spear_04_charge.FBX,anim_stack,Take 001,anim_stack,,,,Take 001,,
Elf,animation,Elves/animation/Cavalry_Spear/ELF_cavalry_spear_05_combat_idle.FBX,bone,Bip001 Pelvis,Skeleton,Bone,,,Skeleton bone (Bip001 Pelvis),,
Elf,animation,Elves/animation/Cavalry_Spear/ELF_cavalry_spear_05_combat_idle.FBX,bone,Bip001 Spine,Skeleton,Bone,,,Skeleton bone (Bip001 Spine),,
Elf,animation,Elves/animation/Cavalry_Spear/ELF_cavalry_spear_05_combat_idle.FBX,bone,Bip001 Neck,Skeleton,Bone,,,Skeleton bone (Bip001 Neck),,
Elf,animation,Elves/animation/Cavalry_Spear/ELF_cavalry_spear_05_combat_idle.FBX,bone,Bip001 Head,Skeleton,Bone,,,Skeleton bone (Bip001 Head),,
Elf,animation,Elves/animation/Cavalry_Spear/ELF_cavalry_spear_05_combat_idle.FBX,bone,Bip001 L Clavicle,Skeleton,Bone,,,Skeleton bone (Bip001 L Clavicle),,
Elf,animation,Elves/animation/Cavalry_Spear/ELF_cavalry_spear_05_combat_idle.FBX,bone,Bip001 L UpperArm,Skeleton,Bone,,,Skeleton bone (Bip001 L UpperArm),,
Elf,animation,Elves/animation/Cavalry_Spear/ELF_cavalry_spear_05_combat_idle.FBX,bone,Bip001 L Forearm,Skeleton,Bone,,,Skeleton bone (Bip001 L Forearm),,
Elf,animation,Elves/animation/Cavalry_Spear/ELF_cavalry_spear_05_combat_idle.FBX,bone,Bip001 L Hand,Skeleton,Bone,,,Skeleton bone (Bip001 L Hand),,
Elf,animation,Elves/animation/Cavalry_Spear/ELF_cavalry_spear_05_combat_idle.FBX,bone,Bip001 L Finger0,Skeleton,Bone,,,Skeleton bone (Bip001 L Finger0),,
Elf,animation,Elves/animation/Cavalry_Spear/ELF_cavalry_spear_05_combat_idle.FBX,bone,Bip001 R Clavicle,Skeleton,Bone,,,Skeleton bone (Bip001 R Clavicle),,
Elf,animation,Elves/animation/Cavalry_Spear/ELF_cavalry_spear_05_combat_idle.FBX,bone,Bip001 R UpperArm,Skeleton,Bone,,,Skeleton bone (Bip001 R UpperArm),,
Elf,animation,Elves/animation/Cavalry_Spear/ELF_cavalry_spear_05_combat_idle.FBX,bone,Bip001 R Forearm,Skeleton,Bone,,,Skeleton bone (Bip001 R Forearm),,
Elf,animation,Elves/animation/Cavalry_Spear/ELF_cavalry_spear_05_combat_idle.FBX,bone,Bip001 R Hand,Skeleton,Bone,,,Skeleton bone (Bip001 R Hand),,
Elf,animation,Elves/animation/Cavalry_Spear/ELF_cavalry_spear_05_combat_idle.FBX,bone,Bip001 R Finger0,Skeleton,Bone,,,Skeleton bone (Bip001 R Finger0),,
Elf,animation,Elves/animation/Cavalry_Spear/ELF_cavalry_spear_05_combat_idle.FBX,bone,Bip001 L Thigh,Skeleton,Bone,,,Skeleton bone (Bip001 L Thigh),,
Elf,animation,Elves/animation/Cavalry_Spear/ELF_cavalry_spear_05_combat_idle.FBX,bone,Bip001 L Calf,Skeleton,Bone,,,Skeleton bone (Bip001 L Calf),,
Elf,animation,Elves/animation/Cavalry_Spear/ELF_cavalry_spear_05_combat_idle.FBX,bone,Bip001 L Foot,Skeleton,Bone,,,Skeleton bone (Bip001 L Foot),,
Elf,animation,Elves/animation/Cavalry_Spear/ELF_cavalry_spear_05_combat_idle.FBX,bone,Bip001 L Toe0,Skeleton,Bone,,,Skeleton bone (Bip001 L Toe0),,
Elf,animation,Elves/animation/Cavalry_Spear/ELF_cavalry_spear_05_combat_idle.FBX,bone,Bip001 R Thigh,Skeleton,Bone,,,Skeleton bone (Bip001 R Thigh),,
Elf,animation,Elves/animation/Cavalry_Spear/ELF_cavalry_spear_05_combat_idle.FBX,bone,Bip001 R Calf,Skeleton,Bone,,,Skeleton bone (Bip001 R Calf),,
Elf,animation,Elves/animation/Cavalry_Spear/ELF_cavalry_spear_05_combat_idle.FBX,bone,Bip001 R Foot,Skeleton,Bone,,,Skeleton bone (Bip001 R Foot),,
Elf,animation,Elves/animation/Cavalry_Spear/ELF_cavalry_spear_05_combat_idle.FBX,bone,Bip001 R Toe0,Skeleton,Bone,,,Skeleton bone (Bip001 R Toe0),,
Elf,animation,Elves/animation/Cavalry_Spear/ELF_cavalry_spear_05_combat_idle.FBX,bone,Bip001 Tail,Skeleton,Bone,,,Skeleton bone (Bip001 Tail),,
Elf,animation,Elves/animation/Cavalry_Spear/ELF_cavalry_spear_05_combat_idle.FBX,bone,Bip001 Tail1,Skeleton,Bone,,,Skeleton bone (Bip001 Tail1),,
Elf,animation,Elves/animation/Cavalry_Spear/ELF_cavalry_spear_05_combat_idle.FBX,bone,Bone_Mount,Skeleton,Bone,,,Skeleton bone (Bone_Mount),,
Elf,animation,Elves/animation/Cavalry_Spear/ELF_cavalry_spear_05_combat_idle.FBX,bone,Bip001 Pelvis001,Skeleton,Bone,,,Skeleton bone (Bip001 Pelvis001),,
Elf,animation,Elves/animation/Cavalry_Spear/ELF_cavalry_spear_05_combat_idle.FBX,bone,Bip001 Spine001,Skeleton,Bone,,,Skeleton bone (Bip001 Spine001),,
Elf,animation,Elves/animation/Cavalry_Spear/ELF_cavalry_spear_05_combat_idle.FBX,bone,Bip001 Neck001,Skeleton,Bone,,,Skeleton bone (Bip001 Neck001),,
Elf,animation,Elves/animation/Cavalry_Spear/ELF_cavalry_spear_05_combat_idle.FBX,bone,Bip001 Head001,Skeleton,Bone,,,Skeleton bone (Bip001 Head001),,
Elf,animation,Elves/animation/Cavalry_Spear/ELF_cavalry_spear_05_combat_idle.FBX,bone,Bip001 L Clavicle001,Skeleton,Bone,,,Skeleton bone (Bip001 L Clavicle001),,
Elf,animation,Elves/animation/Cavalry_Spear/ELF_cavalry_spear_05_combat_idle.FBX,bone,Bip001 L UpperArm001,Skeleton,Bone,,,Skeleton bone (Bip001 L UpperArm001),,
Elf,animation,Elves/animation/Cavalry_Spear/ELF_cavalry_spear_05_combat_idle.FBX,bone,Bip001 L Forearm001,Skeleton,Bone,,,Skeleton bone (Bip001 L Forearm001),,
Elf,animation,Elves/animation/Cavalry_Spear/ELF_cavalry_spear_05_combat_idle.FBX,bone,Bip001 L Hand001,Skeleton,Bone,,,Skeleton bone (Bip001 L Hand001),,
Elf,animation,Elves/animation/Cavalry_Spear/ELF_cavalry_spear_05_combat_idle.FBX,bone,Bip001 R Clavicle001,Skeleton,Bone,,,Skeleton bone (Bip001 R Clavicle001),,
Elf,animation,Elves/animation/Cavalry_Spear/ELF_cavalry_spear_05_combat_idle.FBX,bone,Bip001 R UpperArm001,Skeleton,Bone,,,Skeleton bone (Bip001 R UpperArm001),,
Elf,animation,Elves/animation/Cavalry_Spear/ELF_cavalry_spear_05_combat_idle.FBX,bone,Bip001 R Forearm001,Skeleton,Bone,,,Skeleton bone (Bip001 R Forearm001),,
Elf,animation,Elves/animation/Cavalry_Spear/ELF_cavalry_spear_05_combat_idle.FBX,bone,Bip001 R Hand001,Skeleton,Bone,,,Skeleton bone (Bip001 R Hand001),,
Elf,animation,Elves/animation/Cavalry_Spear/ELF_cavalry_spear_05_combat_idle.FBX,bone,Bip001 L Thigh001,Skeleton,Bone,,,Skeleton bone (Bip001 L Thigh001),,
Elf,animation,Elves/animation/Cavalry_Spear/ELF_cavalry_spear_05_combat_idle.FBX,bone,Bip001 L Calf001,Skeleton,Bone,,,Skeleton bone (Bip001 L Calf001),,
Elf,animation,Elves/animation/Cavalry_Spear/ELF_cavalry_spear_05_combat_idle.FBX,bone,Bip001 L Foot001,Skeleton,Bone,,,Skeleton bone (Bip001 L Foot001),,
Elf,animation,Elves/animation/Cavalry_Spear/ELF_cavalry_spear_05_combat_idle.FBX,bone,Bip001 L Toe001,Skeleton,Bone,,,Skeleton bone (Bip001 L Toe001),,
Elf,animation,Elves/animation/Cavalry_Spear/ELF_cavalry_spear_05_combat_idle.FBX,bone,Bip001 R Thigh001,Skeleton,Bone,,,Skeleton bone (Bip001 R Thigh001),,
Elf,animation,Elves/animation/Cavalry_Spear/ELF_cavalry_spear_05_combat_idle.FBX,bone,Bip001 R Calf001,Skeleton,Bone,,,Skeleton bone (Bip001 R Calf001),,
Elf,animation,Elves/animation/Cavalry_Spear/ELF_cavalry_spear_05_combat_idle.FBX,bone,Bip001 R Foot001,Skeleton,Bone,,,Skeleton bone (Bip001 R Foot001),,
Elf,animation,Elves/animation/Cavalry_Spear/ELF_cavalry_spear_05_combat_idle.FBX,bone,Bip001 R Toe001,Skeleton,Bone,,,Skeleton bone (Bip001 R Toe001),,
Elf,animation,Elves/animation/Cavalry_Spear/ELF_cavalry_spear_05_combat_idle.FBX,anim_stack,Take 001,anim_stack,,,,Take 001,,
Elf,animation,Elves/animation/Cavalry_Spear/ELF_cavalry_spear_07_attack.FBX,bone,Bip001 Pelvis,Skeleton,Bone,,,Skeleton bone (Bip001 Pelvis),,
Elf,animation,Elves/animation/Cavalry_Spear/ELF_cavalry_spear_07_attack.FBX,bone,Bip001 Spine,Skeleton,Bone,,,Skeleton bone (Bip001 Spine),,
Elf,animation,Elves/animation/Cavalry_Spear/ELF_cavalry_spear_07_attack.FBX,bone,Bip001 Neck,Skeleton,Bone,,,Skeleton bone (Bip001 Neck),,
Elf,animation,Elves/animation/Cavalry_Spear/ELF_cavalry_spear_07_attack.FBX,bone,Bip001 Head,Skeleton,Bone,,,Skeleton bone (Bip001 Head),,
Elf,animation,Elves/animation/Cavalry_Spear/ELF_cavalry_spear_07_attack.FBX,bone,Bip001 L Clavicle,Skeleton,Bone,,,Skeleton bone (Bip001 L Clavicle),,
Elf,animation,Elves/animation/Cavalry_Spear/ELF_cavalry_spear_07_attack.FBX,bone,Bip001 L UpperArm,Skeleton,Bone,,,Skeleton bone (Bip001 L UpperArm),,
Elf,animation,Elves/animation/Cavalry_Spear/ELF_cavalry_spear_07_attack.FBX,bone,Bip001 L Forearm,Skeleton,Bone,,,Skeleton bone (Bip001 L Forearm),,
Elf,animation,Elves/animation/Cavalry_Spear/ELF_cavalry_spear_07_attack.FBX,bone,Bip001 L Hand,Skeleton,Bone,,,Skeleton bone (Bip001 L Hand),,
Elf,animation,Elves/animation/Cavalry_Spear/ELF_cavalry_spear_07_attack.FBX,bone,Bip001 L Finger0,Skeleton,Bone,,,Skeleton bone (Bip001 L Finger0),,
Elf,animation,Elves/animation/Cavalry_Spear/ELF_cavalry_spear_07_attack.FBX,bone,Bip001 R Clavicle,Skeleton,Bone,,,Skeleton bone (Bip001 R Clavicle),,
Elf,animation,Elves/animation/Cavalry_Spear/ELF_cavalry_spear_07_attack.FBX,bone,Bip001 R UpperArm,Skeleton,Bone,,,Skeleton bone (Bip001 R UpperArm),,
Elf,animation,Elves/animation/Cavalry_Spear/ELF_cavalry_spear_07_attack.FBX,bone,Bip001 R Forearm,Skeleton,Bone,,,Skeleton bone (Bip001 R Forearm),,
Elf,animation,Elves/animation/Cavalry_Spear/ELF_cavalry_spear_07_attack.FBX,bone,Bip001 R Hand,Skeleton,Bone,,,Skeleton bone (Bip001 R Hand),,
Elf,animation,Elves/animation/Cavalry_Spear/ELF_cavalry_spear_07_attack.FBX,bone,Bip001 R Finger0,Skeleton,Bone,,,Skeleton bone (Bip001 R Finger0),,
Elf,animation,Elves/animation/Cavalry_Spear/ELF_cavalry_spear_07_attack.FBX,bone,Bip001 L Thigh,Skeleton,Bone,,,Skeleton bone (Bip001 L Thigh),,
Elf,animation,Elves/animation/Cavalry_Spear/ELF_cavalry_spear_07_attack.FBX,bone,Bip001 L Calf,Skeleton,Bone,,,Skeleton bone (Bip001 L Calf),,
Elf,animation,Elves/animation/Cavalry_Spear/ELF_cavalry_spear_07_attack.FBX,bone,Bip001 L Foot,Skeleton,Bone,,,Skeleton bone (Bip001 L Foot),,
Elf,animation,Elves/animation/Cavalry_Spear/ELF_cavalry_spear_07_attack.FBX,bone,Bip001 L Toe0,Skeleton,Bone,,,Skeleton bone (Bip001 L Toe0),,
Elf,animation,Elves/animation/Cavalry_Spear/ELF_cavalry_spear_07_attack.FBX,bone,Bip001 R Thigh,Skeleton,Bone,,,Skeleton bone (Bip001 R Thigh),,
Elf,animation,Elves/animation/Cavalry_Spear/ELF_cavalry_spear_07_attack.FBX,bone,Bip001 R Calf,Skeleton,Bone,,,Skeleton bone (Bip001 R Calf),,
Elf,animation,Elves/animation/Cavalry_Spear/ELF_cavalry_spear_07_attack.FBX,bone,Bip001 R Foot,Skeleton,Bone,,,Skeleton bone (Bip001 R Foot),,
Elf,animation,Elves/animation/Cavalry_Spear/ELF_cavalry_spear_07_attack.FBX,bone,Bip001 R Toe0,Skeleton,Bone,,,Skeleton bone (Bip001 R Toe0),,
Elf,animation,Elves/animation/Cavalry_Spear/ELF_cavalry_spear_07_attack.FBX,bone,Bip001 Tail,Skeleton,Bone,,,Skeleton bone (Bip001 Tail),,
Elf,animation,Elves/animation/Cavalry_Spear/ELF_cavalry_spear_07_attack.FBX,bone,Bip001 Tail1,Skeleton,Bone,,,Skeleton bone (Bip001 Tail1),,
Elf,animation,Elves/animation/Cavalry_Spear/ELF_cavalry_spear_07_attack.FBX,bone,Bone_Mount,Skeleton,Bone,,,Skeleton bone (Bone_Mount),,
Elf,animation,Elves/animation/Cavalry_Spear/ELF_cavalry_spear_07_attack.FBX,bone,Bip001 Pelvis001,Skeleton,Bone,,,Skeleton bone (Bip001 Pelvis001),,
Elf,animation,Elves/animation/Cavalry_Spear/ELF_cavalry_spear_07_attack.FBX,bone,Bip001 Spine001,Skeleton,Bone,,,Skeleton bone (Bip001 Spine001),,
Elf,animation,Elves/animation/Cavalry_Spear/ELF_cavalry_spear_07_attack.FBX,bone,Bip001 Neck001,Skeleton,Bone,,,Skeleton bone (Bip001 Neck001),,
Elf,animation,Elves/animation/Cavalry_Spear/ELF_cavalry_spear_07_attack.FBX,bone,Bip001 Head001,Skeleton,Bone,,,Skeleton bone (Bip001 Head001),,
Elf,animation,Elves/animation/Cavalry_Spear/ELF_cavalry_spear_07_attack.FBX,bone,Bip001 L Clavicle001,Skeleton,Bone,,,Skeleton bone (Bip001 L Clavicle001),,
Elf,animation,Elves/animation/Cavalry_Spear/ELF_cavalry_spear_07_attack.FBX,bone,Bip001 L UpperArm001,Skeleton,Bone,,,Skeleton bone (Bip001 L UpperArm001),,
Elf,animation,Elves/animation/Cavalry_Spear/ELF_cavalry_spear_07_attack.FBX,bone,Bip001 L Forearm001,Skeleton,Bone,,,Skeleton bone (Bip001 L Forearm001),,
Elf,animation,Elves/animation/Cavalry_Spear/ELF_cavalry_spear_07_attack.FBX,bone,Bip001 L Hand001,Skeleton,Bone,,,Skeleton bone (Bip001 L Hand001),,
Elf,animation,Elves/animation/Cavalry_Spear/ELF_cavalry_spear_07_attack.FBX,bone,Bip001 R Clavicle001,Skeleton,Bone,,,Skeleton bone (Bip001 R Clavicle001),,
Elf,animation,Elves/animation/Cavalry_Spear/ELF_cavalry_spear_07_attack.FBX,bone,Bip001 R UpperArm001,Skeleton,Bone,,,Skeleton bone (Bip001 R UpperArm001),,
Elf,animation,Elves/animation/Cavalry_Spear/ELF_cavalry_spear_07_attack.FBX,bone,Bip001 R Forearm001,Skeleton,Bone,,,Skeleton bone (Bip001 R Forearm001),,
Elf,animation,Elves/animation/Cavalry_Spear/ELF_cavalry_spear_07_attack.FBX,bone,Bip001 R Hand001,Skeleton,Bone,,,Skeleton bone (Bip001 R Hand001),,
Elf,animation,Elves/animation/Cavalry_Spear/ELF_cavalry_spear_07_attack.FBX,bone,Bip001 L Thigh001,Skeleton,Bone,,,Skeleton bone (Bip001 L Thigh001),,
Elf,animation,Elves/animation/Cavalry_Spear/ELF_cavalry_spear_07_attack.FBX,bone,Bip001 L Calf001,Skeleton,Bone,,,Skeleton bone (Bip001 L Calf001),,
Elf,animation,Elves/animation/Cavalry_Spear/ELF_cavalry_spear_07_attack.FBX,bone,Bip001 L Foot001,Skeleton,Bone,,,Skeleton bone (Bip001 L Foot001),,
Elf,animation,Elves/animation/Cavalry_Spear/ELF_cavalry_spear_07_attack.FBX,bone,Bip001 L Toe001,Skeleton,Bone,,,Skeleton bone (Bip001 L Toe001),,
Elf,animation,Elves/animation/Cavalry_Spear/ELF_cavalry_spear_07_attack.FBX,bone,Bip001 R Thigh001,Skeleton,Bone,,,Skeleton bone (Bip001 R Thigh001),,
Elf,animation,Elves/animation/Cavalry_Spear/ELF_cavalry_spear_07_attack.FBX,bone,Bip001 R Calf001,Skeleton,Bone,,,Skeleton bone (Bip001 R Calf001),,
Elf,animation,Elves/animation/Cavalry_Spear/ELF_cavalry_spear_07_attack.FBX,bone,Bip001 R Foot001,Skeleton,Bone,,,Skeleton bone (Bip001 R Foot001),,
Elf,animation,Elves/animation/Cavalry_Spear/ELF_cavalry_spear_07_attack.FBX,bone,Bip001 R Toe001,Skeleton,Bone,,,Skeleton bone (Bip001 R Toe001),,
Elf,animation,Elves/animation/Cavalry_Spear/ELF_cavalry_spear_07_attack.FBX,anim_stack,Take 001,anim_stack,,,,Take 001,,
Elf,animation,Elves/animation/Cavalry_Spear/ELF_cavalry_spear_10_death_A.FBX,bone,Bip001 Pelvis,Skeleton,Bone,,,Skeleton bone (Bip001 Pelvis),,
Elf,animation,Elves/animation/Cavalry_Spear/ELF_cavalry_spear_10_death_A.FBX,bone,Bip001 Spine,Skeleton,Bone,,,Skeleton bone (Bip001 Spine),,
Elf,animation,Elves/animation/Cavalry_Spear/ELF_cavalry_spear_10_death_A.FBX,bone,Bip001 Neck,Skeleton,Bone,,,Skeleton bone (Bip001 Neck),,
Elf,animation,Elves/animation/Cavalry_Spear/ELF_cavalry_spear_10_death_A.FBX,bone,Bip001 Head,Skeleton,Bone,,,Skeleton bone (Bip001 Head),,
Elf,animation,Elves/animation/Cavalry_Spear/ELF_cavalry_spear_10_death_A.FBX,bone,Bip001 L Clavicle,Skeleton,Bone,,,Skeleton bone (Bip001 L Clavicle),,
Elf,animation,Elves/animation/Cavalry_Spear/ELF_cavalry_spear_10_death_A.FBX,bone,Bip001 L UpperArm,Skeleton,Bone,,,Skeleton bone (Bip001 L UpperArm),,
Elf,animation,Elves/animation/Cavalry_Spear/ELF_cavalry_spear_10_death_A.FBX,bone,Bip001 L Forearm,Skeleton,Bone,,,Skeleton bone (Bip001 L Forearm),,
Elf,animation,Elves/animation/Cavalry_Spear/ELF_cavalry_spear_10_death_A.FBX,bone,Bip001 L Hand,Skeleton,Bone,,,Skeleton bone (Bip001 L Hand),,
Elf,animation,Elves/animation/Cavalry_Spear/ELF_cavalry_spear_10_death_A.FBX,bone,Bip001 L Finger0,Skeleton,Bone,,,Skeleton bone (Bip001 L Finger0),,
Elf,animation,Elves/animation/Cavalry_Spear/ELF_cavalry_spear_10_death_A.FBX,bone,Bip001 R Clavicle,Skeleton,Bone,,,Skeleton bone (Bip001 R Clavicle),,
Elf,animation,Elves/animation/Cavalry_Spear/ELF_cavalry_spear_10_death_A.FBX,bone,Bip001 R UpperArm,Skeleton,Bone,,,Skeleton bone (Bip001 R UpperArm),,
Elf,animation,Elves/animation/Cavalry_Spear/ELF_cavalry_spear_10_death_A.FBX,bone,Bip001 R Forearm,Skeleton,Bone,,,Skeleton bone (Bip001 R Forearm),,
Elf,animation,Elves/animation/Cavalry_Spear/ELF_cavalry_spear_10_death_A.FBX,bone,Bip001 R Hand,Skeleton,Bone,,,Skeleton bone (Bip001 R Hand),,
Elf,animation,Elves/animation/Cavalry_Spear/ELF_cavalry_spear_10_death_A.FBX,bone,Bip001 R Finger0,Skeleton,Bone,,,Skeleton bone (Bip001 R Finger0),,
Elf,animation,Elves/animation/Cavalry_Spear/ELF_cavalry_spear_10_death_A.FBX,bone,Bip001 L Thigh,Skeleton,Bone,,,Skeleton bone (Bip001 L Thigh),,
Elf,animation,Elves/animation/Cavalry_Spear/ELF_cavalry_spear_10_death_A.FBX,bone,Bip001 L Calf,Skeleton,Bone,,,Skeleton bone (Bip001 L Calf),,
Elf,animation,Elves/animation/Cavalry_Spear/ELF_cavalry_spear_10_death_A.FBX,bone,Bip001 L Foot,Skeleton,Bone,,,Skeleton bone (Bip001 L Foot),,
Elf,animation,Elves/animation/Cavalry_Spear/ELF_cavalry_spear_10_death_A.FBX,bone,Bip001 L Toe0,Skeleton,Bone,,,Skeleton bone (Bip001 L Toe0),,
Elf,animation,Elves/animation/Cavalry_Spear/ELF_cavalry_spear_10_death_A.FBX,bone,Bip001 R Thigh,Skeleton,Bone,,,Skeleton bone (Bip001 R Thigh),,
Elf,animation,Elves/animation/Cavalry_Spear/ELF_cavalry_spear_10_death_A.FBX,bone,Bip001 R Calf,Skeleton,Bone,,,Skeleton bone (Bip001 R Calf),,
Elf,animation,Elves/animation/Cavalry_Spear/ELF_cavalry_spear_10_death_A.FBX,bone,Bip001 R Foot,Skeleton,Bone,,,Skeleton bone (Bip001 R Foot),,
Elf,animation,Elves/animation/Cavalry_Spear/ELF_cavalry_spear_10_death_A.FBX,bone,Bip001 R Toe0,Skeleton,Bone,,,Skeleton bone (Bip001 R Toe0),,
Elf,animation,Elves/animation/Cavalry_Spear/ELF_cavalry_spear_10_death_A.FBX,bone,Bip001 Tail,Skeleton,Bone,,,Skeleton bone (Bip001 Tail),,
Elf,animation,Elves/animation/Cavalry_Spear/ELF_cavalry_spear_10_death_A.FBX,bone,Bip001 Tail1,Skeleton,Bone,,,Skeleton bone (Bip001 Tail1),,
Elf,animation,Elves/animation/Cavalry_Spear/ELF_cavalry_spear_10_death_A.FBX,bone,Bone_Mount,Skeleton,Bone,,,Skeleton bone (Bone_Mount),,
Elf,animation,Elves/animation/Cavalry_Spear/ELF_cavalry_spear_10_death_A.FBX,bone,Bip001 Pelvis001,Skeleton,Bone,,,Skeleton bone (Bip001 Pelvis001),,
Elf,animation,Elves/animation/Cavalry_Spear/ELF_cavalry_spear_10_death_A.FBX,bone,Bip001 Spine001,Skeleton,Bone,,,Skeleton bone (Bip001 Spine001),,
Elf,animation,Elves/animation/Cavalry_Spear/ELF_cavalry_spear_10_death_A.FBX,bone,Bip001 Neck001,Skeleton,Bone,,,Skeleton bone (Bip001 Neck001),,
Elf,animation,Elves/animation/Cavalry_Spear/ELF_cavalry_spear_10_death_A.FBX,bone,Bip001 Head001,Skeleton,Bone,,,Skeleton bone (Bip001 Head001),,
Elf,animation,Elves/animation/Cavalry_Spear/ELF_cavalry_spear_10_death_A.FBX,bone,Bip001 L Clavicle001,Skeleton,Bone,,,Skeleton bone (Bip001 L Clavicle001),,
Elf,animation,Elves/animation/Cavalry_Spear/ELF_cavalry_spear_10_death_A.FBX,bone,Bip001 L UpperArm001,Skeleton,Bone,,,Skeleton bone (Bip001 L UpperArm001),,
Elf,animation,Elves/animation/Cavalry_Spear/ELF_cavalry_spear_10_death_A.FBX,bone,Bip001 L Forearm001,Skeleton,Bone,,,Skeleton bone (Bip001 L Forearm001),,
Elf,animation,Elves/animation/Cavalry_Spear/ELF_cavalry_spear_10_death_A.FBX,bone,Bip001 L Hand001,Skeleton,Bone,,,Skeleton bone (Bip001 L Hand001),,
Elf,animation,Elves/animation/Cavalry_Spear/ELF_cavalry_spear_10_death_A.FBX,bone,Bip001 R Clavicle001,Skeleton,Bone,,,Skeleton bone (Bip001 R Clavicle001),,
Elf,animation,Elves/animation/Cavalry_Spear/ELF_cavalry_spear_10_death_A.FBX,bone,Bip001 R UpperArm001,Skeleton,Bone,,,Skeleton bone (Bip001 R UpperArm001),,
Elf,animation,Elves/animation/Cavalry_Spear/ELF_cavalry_spear_10_death_A.FBX,bone,Bip001 R Forearm001,Skeleton,Bone,,,Skeleton bone (Bip001 R Forearm001),,
Elf,animation,Elves/animation/Cavalry_Spear/ELF_cavalry_spear_10_death_A.FBX,bone,Bip001 R Hand001,Skeleton,Bone,,,Skeleton bone (Bip001 R Hand001),,
Elf,animation,Elves/animation/Cavalry_Spear/ELF_cavalry_spear_10_death_A.FBX,bone,Bip001 L Thigh001,Skeleton,Bone,,,Skeleton bone (Bip001 L Thigh001),,
Elf,animation,Elves/animation/Cavalry_Spear/ELF_cavalry_spear_10_death_A.FBX,bone,Bip001 L Calf001,Skeleton,Bone,,,Skeleton bone (Bip001 L Calf001),,
Elf,animation,Elves/animation/Cavalry_Spear/ELF_cavalry_spear_10_death_A.FBX,bone,Bip001 L Foot001,Skeleton,Bone,,,Skeleton bone (Bip001 L Foot001),,
Elf,animation,Elves/animation/Cavalry_Spear/ELF_cavalry_spear_10_death_A.FBX,bone,Bip001 L Toe001,Skeleton,Bone,,,Skeleton bone (Bip001 L Toe001),,
Elf,animation,Elves/animation/Cavalry_Spear/ELF_cavalry_spear_10_death_A.FBX,bone,Bip001 R Thigh001,Skeleton,Bone,,,Skeleton bone (Bip001 R Thigh001),,
Elf,animation,Elves/animation/Cavalry_Spear/ELF_cavalry_spear_10_death_A.FBX,bone,Bip001 R Calf001,Skeleton,Bone,,,Skeleton bone (Bip001 R Calf001),,
Elf,animation,Elves/animation/Cavalry_Spear/ELF_cavalry_spear_10_death_A.FBX,bone,Bip001 R Foot001,Skeleton,Bone,,,Skeleton bone (Bip001 R Foot001),,
Elf,animation,Elves/animation/Cavalry_Spear/ELF_cavalry_spear_10_death_A.FBX,bone,Bip001 R Toe001,Skeleton,Bone,,,Skeleton bone (Bip001 R Toe001),,
Elf,animation,Elves/animation/Cavalry_Spear/ELF_cavalry_spear_10_death_A.FBX,anim_stack,Take 001,anim_stack,,,,Take 001,,
Elf,siege,Elves/models/ELF_BoltThrower.FBX,mesh_part,ELF_BoltThrower,Siege,Engine,,,Siege engine (ELF_BoltThrower),,
Elf,siege,Elves/models/ELF_BoltThrower.FBX,geometry,(unnamed),geometry,,,,(unnamed),354,1734
Elf,siege,Elves/models/ELF_BoltThrower.FBX,bone,BONE_BASE,Skeleton,Bone,,,Skeleton bone (BONE_BASE),,
Elf,siege,Elves/models/ELF_BoltThrower.FBX,bone,Bone_Ballista,Skeleton,Bone,,,Skeleton bone (Bone_Ballista),,
Elf,siege,Elves/models/ELF_BoltThrower.FBX,bone,Bone_L_block,Skeleton,Bone,,,Skeleton bone (Bone_L_block),,
Elf,siege,Elves/models/ELF_BoltThrower.FBX,bone,Bone_front,Skeleton,Bone,,,Skeleton bone (Bone_front),,
Elf,siege,Elves/models/ELF_BoltThrower.FBX,bone,Bone_R_block,Skeleton,Bone,,,Skeleton bone (Bone_R_block),,
Elf,siege,Elves/models/ELF_BoltThrower.FBX,bone,Bone_Bolt,Skeleton,Bone,,,Skeleton bone (Bone_Bolt),,
Elf,siege,Elves/models/ELF_BoltThrower.FBX,bone,Bone_string,Skeleton,Bone,,,Skeleton bone (Bone_string),,
Elf,siege,Elves/models/ELF_BoltThrower.FBX,bone,Bone_L_wing_A,Skeleton,Bone,,,Skeleton bone (Bone_L_wing_A),,
Elf,siege,Elves/models/ELF_BoltThrower.FBX,bone,Bone_L_wing_B,Skeleton,Bone,,,Skeleton bone (Bone_L_wing_B),,
Elf,siege,Elves/models/ELF_BoltThrower.FBX,bone,Bone_R_wing_A,Skeleton,Bone,,,Skeleton bone (Bone_R_wing_A),,
Elf,siege,Elves/models/ELF_BoltThrower.FBX,bone,Bone_R_wing_B,Skeleton,Bone,,,Skeleton bone (Bone_R_wing_B),,
Elf,siege,Elves/models/ELF_BoltThrower.FBX,bone,Bone_R_wheel_A,Skeleton,Bone,,,Skeleton bone (Bone_R_wheel_A),,
Elf,siege,Elves/models/ELF_BoltThrower.FBX,bone,Bone_L_wheel_A,Skeleton,Bone,,,Skeleton bone (Bone_L_wheel_A),,
Elf,siege,Elves/models/ELF_BoltThrower.FBX,bone,Bone_L_wheel_B,Skeleton,Bone,,,Skeleton bone (Bone_L_wheel_B),,
Elf,siege,Elves/models/ELF_BoltThrower.FBX,bone,Bone_R_wheel_B,Skeleton,Bone,,,Skeleton bone (Bone_R_wheel_B),,
Elf,siege,Elves/models/ELF_BoltThrower.FBX,material,ELF_WoodElf_Standard_Units,material,,,,ELF_WoodElf_Standard_Units,,
Elf,siege,Elves/models/ELF_BoltThrower.FBX,texture,Map #9,texture,,,,Map #9,,
Elf,siege,Elves/models/ELF_BoltThrower.FBX,anim_stack,Take 001,anim_stack,,,,Take 001,,
Elf,cavalry-character,Elves/models/ELF_Cavalry_customizable.FBX,mesh_part,ELF_Horse,Mount,Creature,horse,,Mount creature: horse,,
Elf,cavalry-character,Elves/models/ELF_Cavalry_customizable.FBX,mesh_part,ELF_weapon_bow,Equipment,Weapon,bow,,Bow (ranged) variant - (right-hand weapon mesh),,
Elf,cavalry-character,Elves/models/ELF_Cavalry_customizable.FBX,mesh_part,ELF_weapon_staff_B,Equipment,Weapon,staff,B,Staff (caster) variant B (right-hand weapon mesh),,
Elf,cavalry-character,Elves/models/ELF_Cavalry_customizable.FBX,mesh_part,ELF_weapon_staff_C,Equipment,Weapon,staff,C,Staff (caster) variant C (right-hand weapon mesh),,
Elf,cavalry-character,Elves/models/ELF_Cavalry_customizable.FBX,mesh_part,ELF_weapon_staff_A,Equipment,Weapon,staff,A,Staff (caster) variant A (right-hand weapon mesh),,
Elf,cavalry-character,Elves/models/ELF_Cavalry_customizable.FBX,mesh_part,ELF_shield_C,Equipment,Shield,shield,C,Shield variant C (off-hand),,
Elf,cavalry-character,Elves/models/ELF_Cavalry_customizable.FBX,mesh_part,ELF_shield_B,Equipment,Shield,shield,B,Shield variant B (off-hand),,
Elf,cavalry-character,Elves/models/ELF_Cavalry_customizable.FBX,mesh_part,ELF_shield_A,Equipment,Shield,shield,A,Shield variant A (off-hand),,
Elf,cavalry-character,Elves/models/ELF_Cavalry_customizable.FBX,mesh_part,ELF_weapon_axe,Equipment,Weapon,axe,,Axe variant - (right-hand weapon mesh),,
Elf,cavalry-character,Elves/models/ELF_Cavalry_customizable.FBX,mesh_part,ELF_weapon_hammer,Equipment,Weapon,hammer,,Hammer variant - (right-hand weapon mesh),,
Elf,cavalry-character,Elves/models/ELF_Cavalry_customizable.FBX,mesh_part,ELF_weapon_sword_B,Equipment,Weapon,sword,B,Sword variant B (right-hand weapon mesh),,
Elf,cavalry-character,Elves/models/ELF_Cavalry_customizable.FBX,mesh_part,ELF_weapon_dagger,Equipment,Weapon,dagger,,Dagger variant - (right-hand weapon mesh),,
Elf,cavalry-character,Elves/models/ELF_Cavalry_customizable.FBX,mesh_part,ELF_weapon_sword_A,Equipment,Weapon,sword,A,Sword variant A (right-hand weapon mesh),,
Elf,cavalry-character,Elves/models/ELF_Cavalry_customizable.FBX,mesh_part,ELF_weapon_spear,Equipment,Weapon,spear,,Spear variant - (right-hand weapon mesh),,
Elf,cavalry-character,Elves/models/ELF_Cavalry_customizable.FBX,mesh_part,ELF_weapon_lance,Equipment,Weapon,lance,,Lance (cavalry) variant - (right-hand weapon mesh),,
Elf,cavalry-character,Elves/models/ELF_Cavalry_customizable.FBX,mesh_part,ELF_Xtra_quiver,Accessory,Extra,quiver,,Arrow quiver (back),,
Elf,cavalry-character,Elves/models/ELF_Cavalry_customizable.FBX,mesh_part,ELF_horse_Seat,Mount,Saddle,,,Saddle / rider seat for mount,,
Elf,cavalry-character,Elves/models/ELF_Cavalry_customizable.FBX,mesh_part,ELF_Units_Legs_A,Body,Legs,,A,Legs variant A (swappable body mesh),,
Elf,cavalry-character,Elves/models/ELF_Cavalry_customizable.FBX,mesh_part,ELF_Units_Arms_A,Body,Arms,,A,Arms variant A (swappable body mesh),,
Elf,cavalry-character,Elves/models/ELF_Cavalry_customizable.FBX,mesh_part,ELF_Units_Body_F,Body,Body / Torso,,F,Body / Torso variant F (swappable body mesh),,
Elf,cavalry-character,Elves/models/ELF_Cavalry_customizable.FBX,mesh_part,ELF_Units_Body_A,Body,Body / Torso,,A,Body / Torso variant A (swappable body mesh),,
Elf,cavalry-character,Elves/models/ELF_Cavalry_customizable.FBX,mesh_part,ELF_Units_Head_A,Body,Head,,A,Head variant A (swappable body mesh),,
Elf,cavalry-character,Elves/models/ELF_Cavalry_customizable.FBX,mesh_part,ELF_Units_Body_B,Body,Body / Torso,,B,Body / Torso variant B (swappable body mesh),,
Elf,cavalry-character,Elves/models/ELF_Cavalry_customizable.FBX,mesh_part,ELF_Units_Arms_B,Body,Arms,,B,Arms variant B (swappable body mesh),,
Elf,cavalry-character,Elves/models/ELF_Cavalry_customizable.FBX,mesh_part,ELF_Units_Legs_B,Body,Legs,,B,Legs variant B (swappable body mesh),,
Elf,cavalry-character,Elves/models/ELF_Cavalry_customizable.FBX,mesh_part,ELF_Units_Body_E,Body,Body / Torso,,E,Body / Torso variant E (swappable body mesh),,
Elf,cavalry-character,Elves/models/ELF_Cavalry_customizable.FBX,mesh_part,ELF_Units_Arms_C,Body,Arms,,C,Arms variant C (swappable body mesh),,
Elf,cavalry-character,Elves/models/ELF_Cavalry_customizable.FBX,mesh_part,ELF_Units_Legs_C,Body,Legs,,C,Legs variant C (swappable body mesh),,
Elf,cavalry-character,Elves/models/ELF_Cavalry_customizable.FBX,mesh_part,ELF_Units_Head_C,Body,Head,,C,Head variant C (swappable body mesh),,
Elf,cavalry-character,Elves/models/ELF_Cavalry_customizable.FBX,mesh_part,ELF_Units_Body_C,Body,Body / Torso,,C,Body / Torso variant C (swappable body mesh),,
Elf,cavalry-character,Elves/models/ELF_Cavalry_customizable.FBX,mesh_part,ELF_Units_Shoulderpads_B,Body,Shoulders,,B,Shoulders variant B (swappable body mesh),,
Elf,cavalry-character,Elves/models/ELF_Cavalry_customizable.FBX,mesh_part,ELF_Units_Head_E,Body,Head,,E,Head variant E (swappable body mesh),,
Elf,cavalry-character,Elves/models/ELF_Cavalry_customizable.FBX,mesh_part,ELF_Units_Head_B,Body,Head,,B,Head variant B (swappable body mesh),,
Elf,cavalry-character,Elves/models/ELF_Cavalry_customizable.FBX,mesh_part,ELF_Units_Head_D,Body,Head,,D,Head variant D (swappable body mesh),,
Elf,cavalry-character,Elves/models/ELF_Cavalry_customizable.FBX,mesh_part,ELF_Units_Head_G,Body,Head,,G,Head variant G (swappable body mesh),,
Elf,cavalry-character,Elves/models/ELF_Cavalry_customizable.FBX,mesh_part,ELF_Units_Head_L,Body,Head,,L,Head variant L (swappable body mesh),,
Elf,cavalry-character,Elves/models/ELF_Cavalry_customizable.FBX,mesh_part,ELF_Units_Body_D,Body,Body / Torso,,D,Body / Torso variant D (swappable body mesh),,
Elf,cavalry-character,Elves/models/ELF_Cavalry_customizable.FBX,mesh_part,ELF_Units_Shoulderpads_A,Body,Shoulders,,A,Shoulders variant A (swappable body mesh),,
Elf,cavalry-character,Elves/models/ELF_Cavalry_customizable.FBX,mesh_part,ELF_Units_Shoulderpads_C,Body,Shoulders,,C,Shoulders variant C (swappable body mesh),,
Elf,cavalry-character,Elves/models/ELF_Cavalry_customizable.FBX,mesh_part,ELF_Units_Head_N,Body,Head,,N,Head variant N (swappable body mesh),,
Elf,cavalry-character,Elves/models/ELF_Cavalry_customizable.FBX,mesh_part,ELF_Units_Head_F,Body,Head,,F,Head variant F (swappable body mesh),,
Elf,cavalry-character,Elves/models/ELF_Cavalry_customizable.FBX,mesh_part,ELF_Units_Head_H,Body,Head,,H,Head variant H (swappable body mesh),,
Elf,cavalry-character,Elves/models/ELF_Cavalry_customizable.FBX,mesh_part,ELF_Units_Head_I,Body,Head,,I,Head variant I (swappable body mesh),,
Elf,cavalry-character,Elves/models/ELF_Cavalry_customizable.FBX,mesh_part,ELF_Units_Head_J,Body,Head,,J,Head variant J (swappable body mesh),,
Elf,cavalry-character,Elves/models/ELF_Cavalry_customizable.FBX,mesh_part,ELF_Units_Head_M,Body,Head,,M,Head variant M (swappable body mesh),,
Elf,cavalry-character,Elves/models/ELF_Cavalry_customizable.FBX,mesh_part,ELF_Units_Head_K,Body,Head,,K,Head variant K (swappable body mesh),,
Elf,cavalry-character,Elves/models/ELF_Cavalry_customizable.FBX,mesh_part,ELF_Units_Head_O,Body,Head,,O,Head variant O (swappable body mesh),,
Elf,cavalry-character,Elves/models/ELF_Cavalry_customizable.FBX,mesh_part,ELF_Units_Head_P,Body,Head,,P,Head variant P (swappable body mesh),,
Elf,cavalry-character,Elves/models/ELF_Cavalry_customizable.FBX,geometry,(unnamed),geometry,,,,(unnamed),174,794
Elf,cavalry-character,Elves/models/ELF_Cavalry_customizable.FBX,geometry,(unnamed),geometry,,,,(unnamed),32,132
Elf,cavalry-character,Elves/models/ELF_Cavalry_customizable.FBX,geometry,(unnamed),geometry,,,,(unnamed),50,226
Elf,cavalry-character,Elves/models/ELF_Cavalry_customizable.FBX,geometry,(unnamed),geometry,,,,(unnamed),63,252
Elf,cavalry-character,Elves/models/ELF_Cavalry_customizable.FBX,geometry,(unnamed),geometry,,,,(unnamed),53,208
Elf,cavalry-character,Elves/models/ELF_Cavalry_customizable.FBX,geometry,(unnamed),geometry,,,,(unnamed),28,124
Elf,cavalry-character,Elves/models/ELF_Cavalry_customizable.FBX,geometry,(unnamed),geometry,,,,(unnamed),21,84
Elf,cavalry-character,Elves/models/ELF_Cavalry_customizable.FBX,geometry,(unnamed),geometry,,,,(unnamed),17,70
Elf,cavalry-character,Elves/models/ELF_Cavalry_customizable.FBX,geometry,(unnamed),geometry,,,,(unnamed),29,112
Elf,cavalry-character,Elves/models/ELF_Cavalry_customizable.FBX,geometry,(unnamed),geometry,,,,(unnamed),18,56
Elf,cavalry-character,Elves/models/ELF_Cavalry_customizable.FBX,geometry,(unnamed),geometry,,,,(unnamed),21,73
Elf,cavalry-character,Elves/models/ELF_Cavalry_customizable.FBX,geometry,(unnamed),geometry,,,,(unnamed),17,56
Elf,cavalry-character,Elves/models/ELF_Cavalry_customizable.FBX,geometry,(unnamed),geometry,,,,(unnamed),24,100
Elf,cavalry-character,Elves/models/ELF_Cavalry_customizable.FBX,geometry,(unnamed),geometry,,,,(unnamed),21,72
Elf,cavalry-character,Elves/models/ELF_Cavalry_customizable.FBX,geometry,(unnamed),geometry,,,,(unnamed),45,176
Elf,cavalry-character,Elves/models/ELF_Cavalry_customizable.FBX,geometry,(unnamed),geometry,,,,(unnamed),56,129
Elf,cavalry-character,Elves/models/ELF_Cavalry_customizable.FBX,geometry,(unnamed),geometry,,,,(unnamed),19,90
Elf,cavalry-character,Elves/models/ELF_Cavalry_customizable.FBX,geometry,(unnamed),geometry,,,,(unnamed),34,140
Elf,cavalry-character,Elves/models/ELF_Cavalry_customizable.FBX,geometry,(unnamed),geometry,,,,(unnamed),26,112
Elf,cavalry-character,Elves/models/ELF_Cavalry_customizable.FBX,geometry,(unnamed),geometry,,,,(unnamed),119,506
Elf,cavalry-character,Elves/models/ELF_Cavalry_customizable.FBX,geometry,(unnamed),geometry,,,,(unnamed),92,364
Elf,cavalry-character,Elves/models/ELF_Cavalry_customizable.FBX,geometry,(unnamed),geometry,,,,(unnamed),99,416
Elf,cavalry-character,Elves/models/ELF_Cavalry_customizable.FBX,geometry,(unnamed),geometry,,,,(unnamed),92,364
Elf,cavalry-character,Elves/models/ELF_Cavalry_customizable.FBX,geometry,(unnamed),geometry,,,,(unnamed),26,112
Elf,cavalry-character,Elves/models/ELF_Cavalry_customizable.FBX,geometry,(unnamed),geometry,,,,(unnamed),34,140
Elf,cavalry-character,Elves/models/ELF_Cavalry_customizable.FBX,geometry,(unnamed),geometry,,,,(unnamed),92,364
Elf,cavalry-character,Elves/models/ELF_Cavalry_customizable.FBX,geometry,(unnamed),geometry,,,,(unnamed),26,112
Elf,cavalry-character,Elves/models/ELF_Cavalry_customizable.FBX,geometry,(unnamed),geometry,,,,(unnamed),34,140
Elf,cavalry-character,Elves/models/ELF_Cavalry_customizable.FBX,geometry,(unnamed),geometry,,,,(unnamed),68,270
Elf,cavalry-character,Elves/models/ELF_Cavalry_customizable.FBX,geometry,(unnamed),geometry,,,,(unnamed),92,364
Elf,cavalry-character,Elves/models/ELF_Cavalry_customizable.FBX,geometry,(unnamed),geometry,,,,(unnamed),32,144
Elf,cavalry-character,Elves/models/ELF_Cavalry_customizable.FBX,geometry,(unnamed),geometry,,,,(unnamed),98,370
Elf,cavalry-character,Elves/models/ELF_Cavalry_customizable.FBX,geometry,(unnamed),geometry,,,,(unnamed),76,322
Elf,cavalry-character,Elves/models/ELF_Cavalry_customizable.FBX,geometry,(unnamed),geometry,,,,(unnamed),68,270
Elf,cavalry-character,Elves/models/ELF_Cavalry_customizable.FBX,geometry,(unnamed),geometry,,,,(unnamed),93,352
Elf,cavalry-character,Elves/models/ELF_Cavalry_customizable.FBX,geometry,(unnamed),geometry,,,,(unnamed),137,398
Elf,cavalry-character,Elves/models/ELF_Cavalry_customizable.FBX,geometry,(unnamed),geometry,,,,(unnamed),92,364
Elf,cavalry-character,Elves/models/ELF_Cavalry_customizable.FBX,geometry,(unnamed),geometry,,,,(unnamed),32,144
Elf,cavalry-character,Elves/models/ELF_Cavalry_customizable.FBX,geometry,(unnamed),geometry,,,,(unnamed),44,216
Elf,cavalry-character,Elves/models/ELF_Cavalry_customizable.FBX,geometry,(unnamed),geometry,,,,(unnamed),135,562
Elf,cavalry-character,Elves/models/ELF_Cavalry_customizable.FBX,geometry,(unnamed),geometry,,,,(unnamed),153,458
Elf,cavalry-character,Elves/models/ELF_Cavalry_customizable.FBX,geometry,(unnamed),geometry,,,,(unnamed),102,390
Elf,cavalry-character,Elves/models/ELF_Cavalry_customizable.FBX,geometry,(unnamed),geometry,,,,(unnamed),166,516
Elf,cavalry-character,Elves/models/ELF_Cavalry_customizable.FBX,geometry,(unnamed),geometry,,,,(unnamed),127,488
Elf,cavalry-character,Elves/models/ELF_Cavalry_customizable.FBX,geometry,(unnamed),geometry,,,,(unnamed),180,572
Elf,cavalry-character,Elves/models/ELF_Cavalry_customizable.FBX,geometry,(unnamed),geometry,,,,(unnamed),200,652
Elf,cavalry-character,Elves/models/ELF_Cavalry_customizable.FBX,geometry,(unnamed),geometry,,,,(unnamed),54,222
Elf,cavalry-character,Elves/models/ELF_Cavalry_customizable.FBX,geometry,(unnamed),geometry,,,,(unnamed),54,222
Elf,cavalry-character,Elves/models/ELF_Cavalry_customizable.FBX,bone,Bip001 Pelvis,Skeleton,Bone,,,Skeleton bone (Bip001 Pelvis),,
Elf,cavalry-character,Elves/models/ELF_Cavalry_customizable.FBX,bone,Bip001 Spine,Skeleton,Bone,,,Skeleton bone (Bip001 Spine),,
Elf,cavalry-character,Elves/models/ELF_Cavalry_customizable.FBX,bone,Bip001 Neck,Skeleton,Bone,,,Skeleton bone (Bip001 Neck),,
Elf,cavalry-character,Elves/models/ELF_Cavalry_customizable.FBX,bone,Bip001 Head,Skeleton,Bone,,,Skeleton bone (Bip001 Head),,
Elf,cavalry-character,Elves/models/ELF_Cavalry_customizable.FBX,bone,Bip001 HeadNub,Skeleton,Bone,,,Skeleton bone (Bip001 HeadNub),,
Elf,cavalry-character,Elves/models/ELF_Cavalry_customizable.FBX,bone,Bip001 L Clavicle,Skeleton,Bone,,,Skeleton bone (Bip001 L Clavicle),,
Elf,cavalry-character,Elves/models/ELF_Cavalry_customizable.FBX,bone,Bip001 L UpperArm,Skeleton,Bone,,,Skeleton bone (Bip001 L UpperArm),,
Elf,cavalry-character,Elves/models/ELF_Cavalry_customizable.FBX,bone,Bip001 L Forearm,Skeleton,Bone,,,Skeleton bone (Bip001 L Forearm),,
Elf,cavalry-character,Elves/models/ELF_Cavalry_customizable.FBX,bone,Bip001 L Hand,Skeleton,Bone,,,Skeleton bone (Bip001 L Hand),,
Elf,cavalry-character,Elves/models/ELF_Cavalry_customizable.FBX,bone,Bip001 L Finger0,Skeleton,Bone,,,Skeleton bone (Bip001 L Finger0),,
Elf,cavalry-character,Elves/models/ELF_Cavalry_customizable.FBX,bone,Bip001 L Finger0Nub,Skeleton,Bone,,,Skeleton bone (Bip001 L Finger0Nub),,
Elf,cavalry-character,Elves/models/ELF_Cavalry_customizable.FBX,bone,Bip001 R Clavicle,Skeleton,Bone,,,Skeleton bone (Bip001 R Clavicle),,
Elf,cavalry-character,Elves/models/ELF_Cavalry_customizable.FBX,bone,Bip001 R UpperArm,Skeleton,Bone,,,Skeleton bone (Bip001 R UpperArm),,
Elf,cavalry-character,Elves/models/ELF_Cavalry_customizable.FBX,bone,Bip001 R Forearm,Skeleton,Bone,,,Skeleton bone (Bip001 R Forearm),,
Elf,cavalry-character,Elves/models/ELF_Cavalry_customizable.FBX,bone,Bip001 R Hand,Skeleton,Bone,,,Skeleton bone (Bip001 R Hand),,
Elf,cavalry-character,Elves/models/ELF_Cavalry_customizable.FBX,bone,Bip001 R Finger0,Skeleton,Bone,,,Skeleton bone (Bip001 R Finger0),,
Elf,cavalry-character,Elves/models/ELF_Cavalry_customizable.FBX,bone,Bip001 R Finger0Nub,Skeleton,Bone,,,Skeleton bone (Bip001 R Finger0Nub),,
Elf,cavalry-character,Elves/models/ELF_Cavalry_customizable.FBX,bone,Bip001 L Thigh,Skeleton,Bone,,,Skeleton bone (Bip001 L Thigh),,
Elf,cavalry-character,Elves/models/ELF_Cavalry_customizable.FBX,bone,Bip001 L Calf,Skeleton,Bone,,,Skeleton bone (Bip001 L Calf),,
Elf,cavalry-character,Elves/models/ELF_Cavalry_customizable.FBX,bone,Bip001 L Foot,Skeleton,Bone,,,Skeleton bone (Bip001 L Foot),,
Elf,cavalry-character,Elves/models/ELF_Cavalry_customizable.FBX,bone,Bip001 L Toe0,Skeleton,Bone,,,Skeleton bone (Bip001 L Toe0),,
Elf,cavalry-character,Elves/models/ELF_Cavalry_customizable.FBX,bone,Bip001 L Toe0Nub,Skeleton,Bone,,,Skeleton bone (Bip001 L Toe0Nub),,
Elf,cavalry-character,Elves/models/ELF_Cavalry_customizable.FBX,bone,Bip001 R Thigh,Skeleton,Bone,,,Skeleton bone (Bip001 R Thigh),,
Elf,cavalry-character,Elves/models/ELF_Cavalry_customizable.FBX,bone,Bip001 R Calf,Skeleton,Bone,,,Skeleton bone (Bip001 R Calf),,
Elf,cavalry-character,Elves/models/ELF_Cavalry_customizable.FBX,bone,Bip001 R Foot,Skeleton,Bone,,,Skeleton bone (Bip001 R Foot),,
Elf,cavalry-character,Elves/models/ELF_Cavalry_customizable.FBX,bone,Bip001 R Toe0,Skeleton,Bone,,,Skeleton bone (Bip001 R Toe0),,
Elf,cavalry-character,Elves/models/ELF_Cavalry_customizable.FBX,bone,Bip001 R Toe0Nub,Skeleton,Bone,,,Skeleton bone (Bip001 R Toe0Nub),,
Elf,cavalry-character,Elves/models/ELF_Cavalry_customizable.FBX,bone,Bip001 Tail,Skeleton,Bone,,,Skeleton bone (Bip001 Tail),,
Elf,cavalry-character,Elves/models/ELF_Cavalry_customizable.FBX,bone,Bip001 Tail1,Skeleton,Bone,,,Skeleton bone (Bip001 Tail1),,
Elf,cavalry-character,Elves/models/ELF_Cavalry_customizable.FBX,bone,Bip001 TailNub,Skeleton,Bone,,,Skeleton bone (Bip001 TailNub),,
Elf,cavalry-character,Elves/models/ELF_Cavalry_customizable.FBX,bone,Bone_Mount,Skeleton,Bone,,,Skeleton bone (Bone_Mount),,
Elf,cavalry-character,Elves/models/ELF_Cavalry_customizable.FBX,bone,Bip001 Pelvis001,Skeleton,Bone,,,Skeleton bone (Bip001 Pelvis001),,
Elf,cavalry-character,Elves/models/ELF_Cavalry_customizable.FBX,bone,Bip001 Spine001,Skeleton,Bone,,,Skeleton bone (Bip001 Spine001),,
Elf,cavalry-character,Elves/models/ELF_Cavalry_customizable.FBX,bone,Bip001 Neck001,Skeleton,Bone,,,Skeleton bone (Bip001 Neck001),,
Elf,cavalry-character,Elves/models/ELF_Cavalry_customizable.FBX,bone,Bip001 Head001,Skeleton,Bone,,,Skeleton bone (Bip001 Head001),,
Elf,cavalry-character,Elves/models/ELF_Cavalry_customizable.FBX,bone,Bip001 HeadNub001,Skeleton,Bone,,,Skeleton bone (Bip001 HeadNub001),,
Elf,cavalry-character,Elves/models/ELF_Cavalry_customizable.FBX,bone,Bip001 L Clavicle001,Skeleton,Bone,,,Skeleton bone (Bip001 L Clavicle001),,
Elf,cavalry-character,Elves/models/ELF_Cavalry_customizable.FBX,bone,Bip001 L UpperArm001,Skeleton,Bone,,,Skeleton bone (Bip001 L UpperArm001),,
Elf,cavalry-character,Elves/models/ELF_Cavalry_customizable.FBX,bone,Bip001 L Forearm001,Skeleton,Bone,,,Skeleton bone (Bip001 L Forearm001),,
Elf,cavalry-character,Elves/models/ELF_Cavalry_customizable.FBX,bone,Bip001 L Hand001,Skeleton,Bone,,,Skeleton bone (Bip001 L Hand001),,
Elf,cavalry-character,Elves/models/ELF_Cavalry_customizable.FBX,bone,L_hand_container,Skeleton,Bone,,,Skeleton bone (L_hand_container),,
Elf,cavalry-character,Elves/models/ELF_Cavalry_customizable.FBX,bone,L_shield_container,Skeleton,Bone,,,Skeleton bone (L_shield_container),,
Elf,cavalry-character,Elves/models/ELF_Cavalry_customizable.FBX,bone,Bip001 R Clavicle001,Skeleton,Bone,,,Skeleton bone (Bip001 R Clavicle001),,
Elf,cavalry-character,Elves/models/ELF_Cavalry_customizable.FBX,bone,Bip001 R UpperArm001,Skeleton,Bone,,,Skeleton bone (Bip001 R UpperArm001),,
Elf,cavalry-character,Elves/models/ELF_Cavalry_customizable.FBX,bone,Bip001 R Forearm001,Skeleton,Bone,,,Skeleton bone (Bip001 R Forearm001),,
Elf,cavalry-character,Elves/models/ELF_Cavalry_customizable.FBX,bone,Bip001 R Hand001,Skeleton,Bone,,,Skeleton bone (Bip001 R Hand001),,
Elf,cavalry-character,Elves/models/ELF_Cavalry_customizable.FBX,bone,R_hand_container,Skeleton,Bone,,,Skeleton bone (R_hand_container),,
Elf,cavalry-character,Elves/models/ELF_Cavalry_customizable.FBX,bone,Bone_wood,Skeleton,Bone,,,Skeleton bone (Bone_wood),,
Elf,cavalry-character,Elves/models/ELF_Cavalry_customizable.FBX,bone,Bone_bag,Skeleton,Bone,,,Skeleton bone (Bone_bag),,
Elf,cavalry-character,Elves/models/ELF_Cavalry_customizable.FBX,bone,Quiver_container,Skeleton,Bone,,,Skeleton bone (Quiver_container),,
Elf,cavalry-character,Elves/models/ELF_Cavalry_customizable.FBX,bone,Bip001 L Thigh001,Skeleton,Bone,,,Skeleton bone (Bip001 L Thigh001),,
Elf,cavalry-character,Elves/models/ELF_Cavalry_customizable.FBX,bone,Bip001 L Calf001,Skeleton,Bone,,,Skeleton bone (Bip001 L Calf001),,
Elf,cavalry-character,Elves/models/ELF_Cavalry_customizable.FBX,bone,Bip001 L Foot001,Skeleton,Bone,,,Skeleton bone (Bip001 L Foot001),,
Elf,cavalry-character,Elves/models/ELF_Cavalry_customizable.FBX,bone,Bip001 L Toe001,Skeleton,Bone,,,Skeleton bone (Bip001 L Toe001),,
Elf,cavalry-character,Elves/models/ELF_Cavalry_customizable.FBX,bone,Bip001 L Toe0Nub001,Skeleton,Bone,,,Skeleton bone (Bip001 L Toe0Nub001),,
Elf,cavalry-character,Elves/models/ELF_Cavalry_customizable.FBX,bone,Bip001 R Thigh001,Skeleton,Bone,,,Skeleton bone (Bip001 R Thigh001),,
Elf,cavalry-character,Elves/models/ELF_Cavalry_customizable.FBX,bone,Bip001 R Calf001,Skeleton,Bone,,,Skeleton bone (Bip001 R Calf001),,
Elf,cavalry-character,Elves/models/ELF_Cavalry_customizable.FBX,bone,Bip001 R Foot001,Skeleton,Bone,,,Skeleton bone (Bip001 R Foot001),,
Elf,cavalry-character,Elves/models/ELF_Cavalry_customizable.FBX,bone,Bip001 R Toe001,Skeleton,Bone,,,Skeleton bone (Bip001 R Toe001),,
Elf,cavalry-character,Elves/models/ELF_Cavalry_customizable.FBX,bone,Bip001 R Toe0Nub001,Skeleton,Bone,,,Skeleton bone (Bip001 R Toe0Nub001),,
Elf,cavalry-character,Elves/models/ELF_Cavalry_customizable.FBX,null,Bip001 Footsteps,Rig,Helper,,,Null helper / rig node (Bip001 Footsteps),,
Elf,cavalry-character,Elves/models/ELF_Cavalry_customizable.FBX,null,Bip001 Footsteps001,Rig,Helper,,,Null helper / rig node (Bip001 Footsteps001),,
Elf,cavalry-character,Elves/models/ELF_Cavalry_customizable.FBX,material,ELF_WoodElf_Standard_Units,material,,,,ELF_WoodElf_Standard_Units,,
Elf,cavalry-character,Elves/models/ELF_Cavalry_customizable.FBX,texture,Map #9,texture,,,,Map #9,,
Elf,cavalry-character,Elves/models/ELF_Cavalry_customizable.FBX,anim_stack,Take 001,anim_stack,,,,Take 001,,
Elf,character,Elves/models/ELF_Characters_customizable.FBX,mesh_part,ELF_weapon_bow,Equipment,Weapon,bow,,Bow (ranged) variant - (right-hand weapon mesh),,
Elf,character,Elves/models/ELF_Characters_customizable.FBX,mesh_part,ELF_weapon_staff_B,Equipment,Weapon,staff,B,Staff (caster) variant B (right-hand weapon mesh),,
Elf,character,Elves/models/ELF_Characters_customizable.FBX,mesh_part,ELF_weapon_staff_C,Equipment,Weapon,staff,C,Staff (caster) variant C (right-hand weapon mesh),,
Elf,character,Elves/models/ELF_Characters_customizable.FBX,mesh_part,ELF_weapon_staff_A,Equipment,Weapon,staff,A,Staff (caster) variant A (right-hand weapon mesh),,
Elf,character,Elves/models/ELF_Characters_customizable.FBX,mesh_part,ELF_shield_C,Equipment,Shield,shield,C,Shield variant C (off-hand),,
Elf,character,Elves/models/ELF_Characters_customizable.FBX,mesh_part,ELF_shield_B,Equipment,Shield,shield,B,Shield variant B (off-hand),,
Elf,character,Elves/models/ELF_Characters_customizable.FBX,mesh_part,ELF_shield_A,Equipment,Shield,shield,A,Shield variant A (off-hand),,
Elf,character,Elves/models/ELF_Characters_customizable.FBX,mesh_part,ELF_weapon_axe,Equipment,Weapon,axe,,Axe variant - (right-hand weapon mesh),,
Elf,character,Elves/models/ELF_Characters_customizable.FBX,mesh_part,ELF_weapon_hammer,Equipment,Weapon,hammer,,Hammer variant - (right-hand weapon mesh),,
Elf,character,Elves/models/ELF_Characters_customizable.FBX,mesh_part,ELF_weapon_sword_B,Equipment,Weapon,sword,B,Sword variant B (right-hand weapon mesh),,
Elf,character,Elves/models/ELF_Characters_customizable.FBX,mesh_part,ELF_weapon_dagger,Equipment,Weapon,dagger,,Dagger variant - (right-hand weapon mesh),,
Elf,character,Elves/models/ELF_Characters_customizable.FBX,mesh_part,ELF_weapon_sword_A,Equipment,Weapon,sword,A,Sword variant A (right-hand weapon mesh),,
Elf,character,Elves/models/ELF_Characters_customizable.FBX,mesh_part,ELF_weapon_spear,Equipment,Weapon,spear,,Spear variant - (right-hand weapon mesh),,
Elf,character,Elves/models/ELF_Characters_customizable.FBX,mesh_part,ELF_Xtra_wood,Accessory,Extra,wood,,Wood/log carry prop,,
Elf,character,Elves/models/ELF_Characters_customizable.FBX,mesh_part,ELF_Xtra_bag,Accessory,Extra,bag,,Belt bag / pouch,,
Elf,character,Elves/models/ELF_Characters_customizable.FBX,mesh_part,ELF_Xtra_quiver,Accessory,Extra,quiver,,Arrow quiver (back),,
Elf,character,Elves/models/ELF_Characters_customizable.FBX,mesh_part,ELF_Units_Legs_A,Body,Legs,,A,Legs variant A (swappable body mesh),,
Elf,character,Elves/models/ELF_Characters_customizable.FBX,mesh_part,ELF_Units_Arms_A,Body,Arms,,A,Arms variant A (swappable body mesh),,
Elf,character,Elves/models/ELF_Characters_customizable.FBX,mesh_part,ELF_Units_Body_F,Body,Body / Torso,,F,Body / Torso variant F (swappable body mesh),,
Elf,character,Elves/models/ELF_Characters_customizable.FBX,mesh_part,ELF_Units_Body_A,Body,Body / Torso,,A,Body / Torso variant A (swappable body mesh),,
Elf,character,Elves/models/ELF_Characters_customizable.FBX,mesh_part,ELF_Units_Head_A,Body,Head,,A,Head variant A (swappable body mesh),,
Elf,character,Elves/models/ELF_Characters_customizable.FBX,mesh_part,ELF_Units_Body_B,Body,Body / Torso,,B,Body / Torso variant B (swappable body mesh),,
Elf,character,Elves/models/ELF_Characters_customizable.FBX,mesh_part,ELF_Units_Arms_B,Body,Arms,,B,Arms variant B (swappable body mesh),,
Elf,character,Elves/models/ELF_Characters_customizable.FBX,mesh_part,ELF_Units_Legs_B,Body,Legs,,B,Legs variant B (swappable body mesh),,
Elf,character,Elves/models/ELF_Characters_customizable.FBX,mesh_part,ELF_Units_Body_E,Body,Body / Torso,,E,Body / Torso variant E (swappable body mesh),,
Elf,character,Elves/models/ELF_Characters_customizable.FBX,mesh_part,ELF_Units_Arms_C,Body,Arms,,C,Arms variant C (swappable body mesh),,
Elf,character,Elves/models/ELF_Characters_customizable.FBX,mesh_part,ELF_Units_Legs_C,Body,Legs,,C,Legs variant C (swappable body mesh),,
Elf,character,Elves/models/ELF_Characters_customizable.FBX,mesh_part,ELF_Units_Head_C,Body,Head,,C,Head variant C (swappable body mesh),,
Elf,character,Elves/models/ELF_Characters_customizable.FBX,mesh_part,ELF_Units_Body_C,Body,Body / Torso,,C,Body / Torso variant C (swappable body mesh),,
Elf,character,Elves/models/ELF_Characters_customizable.FBX,mesh_part,ELF_Units_Shoulderpads_B,Body,Shoulders,,B,Shoulders variant B (swappable body mesh),,
Elf,character,Elves/models/ELF_Characters_customizable.FBX,mesh_part,ELF_Units_Head_E,Body,Head,,E,Head variant E (swappable body mesh),,
Elf,character,Elves/models/ELF_Characters_customizable.FBX,mesh_part,ELF_Units_Head_B,Body,Head,,B,Head variant B (swappable body mesh),,
Elf,character,Elves/models/ELF_Characters_customizable.FBX,mesh_part,ELF_Units_Head_D,Body,Head,,D,Head variant D (swappable body mesh),,
Elf,character,Elves/models/ELF_Characters_customizable.FBX,mesh_part,ELF_Units_Head_G,Body,Head,,G,Head variant G (swappable body mesh),,
Elf,character,Elves/models/ELF_Characters_customizable.FBX,mesh_part,ELF_Units_Head_L,Body,Head,,L,Head variant L (swappable body mesh),,
Elf,character,Elves/models/ELF_Characters_customizable.FBX,mesh_part,ELF_Units_Body_D,Body,Body / Torso,,D,Body / Torso variant D (swappable body mesh),,
Elf,character,Elves/models/ELF_Characters_customizable.FBX,mesh_part,ELF_Units_Shoulderpads_A,Body,Shoulders,,A,Shoulders variant A (swappable body mesh),,
Elf,character,Elves/models/ELF_Characters_customizable.FBX,mesh_part,ELF_Units_Shoulderpads_C,Body,Shoulders,,C,Shoulders variant C (swappable body mesh),,
Elf,character,Elves/models/ELF_Characters_customizable.FBX,mesh_part,ELF_Units_Head_N,Body,Head,,N,Head variant N (swappable body mesh),,
Elf,character,Elves/models/ELF_Characters_customizable.FBX,mesh_part,ELF_Units_Head_F,Body,Head,,F,Head variant F (swappable body mesh),,
Elf,character,Elves/models/ELF_Characters_customizable.FBX,mesh_part,ELF_Units_Head_H,Body,Head,,H,Head variant H (swappable body mesh),,
Elf,character,Elves/models/ELF_Characters_customizable.FBX,mesh_part,ELF_Units_Head_I,Body,Head,,I,Head variant I (swappable body mesh),,
Elf,character,Elves/models/ELF_Characters_customizable.FBX,mesh_part,ELF_Units_Head_J,Body,Head,,J,Head variant J (swappable body mesh),,
Elf,character,Elves/models/ELF_Characters_customizable.FBX,mesh_part,ELF_Units_Head_M,Body,Head,,M,Head variant M (swappable body mesh),,
Elf,character,Elves/models/ELF_Characters_customizable.FBX,mesh_part,ELF_Units_Head_K,Body,Head,,K,Head variant K (swappable body mesh),,
Elf,character,Elves/models/ELF_Characters_customizable.FBX,mesh_part,ELF_Units_Head_O,Body,Head,,O,Head variant O (swappable body mesh),,
Elf,character,Elves/models/ELF_Characters_customizable.FBX,mesh_part,ELF_Units_Head_P,Body,Head,,P,Head variant P (swappable body mesh),,
Elf,character,Elves/models/ELF_Characters_customizable.FBX,geometry,(unnamed),geometry,,,,(unnamed),32,132
Elf,character,Elves/models/ELF_Characters_customizable.FBX,geometry,(unnamed),geometry,,,,(unnamed),50,226
Elf,character,Elves/models/ELF_Characters_customizable.FBX,geometry,(unnamed),geometry,,,,(unnamed),63,252
Elf,character,Elves/models/ELF_Characters_customizable.FBX,geometry,(unnamed),geometry,,,,(unnamed),53,208
Elf,character,Elves/models/ELF_Characters_customizable.FBX,geometry,(unnamed),geometry,,,,(unnamed),28,124
Elf,character,Elves/models/ELF_Characters_customizable.FBX,geometry,(unnamed),geometry,,,,(unnamed),21,84
Elf,character,Elves/models/ELF_Characters_customizable.FBX,geometry,(unnamed),geometry,,,,(unnamed),17,70
Elf,character,Elves/models/ELF_Characters_customizable.FBX,geometry,(unnamed),geometry,,,,(unnamed),29,112
Elf,character,Elves/models/ELF_Characters_customizable.FBX,geometry,(unnamed),geometry,,,,(unnamed),18,56
Elf,character,Elves/models/ELF_Characters_customizable.FBX,geometry,(unnamed),geometry,,,,(unnamed),21,73
Elf,character,Elves/models/ELF_Characters_customizable.FBX,geometry,(unnamed),geometry,,,,(unnamed),17,56
Elf,character,Elves/models/ELF_Characters_customizable.FBX,geometry,(unnamed),geometry,,,,(unnamed),24,100
Elf,character,Elves/models/ELF_Characters_customizable.FBX,geometry,(unnamed),geometry,,,,(unnamed),21,72
Elf,character,Elves/models/ELF_Characters_customizable.FBX,geometry,(unnamed),geometry,,,,(unnamed),30,90
Elf,character,Elves/models/ELF_Characters_customizable.FBX,geometry,(unnamed),geometry,,,,(unnamed),33,162
Elf,character,Elves/models/ELF_Characters_customizable.FBX,geometry,(unnamed),geometry,,,,(unnamed),56,129
Elf,character,Elves/models/ELF_Characters_customizable.FBX,geometry,(unnamed),geometry,,,,(unnamed),34,140
Elf,character,Elves/models/ELF_Characters_customizable.FBX,geometry,(unnamed),geometry,,,,(unnamed),26,112
Elf,character,Elves/models/ELF_Characters_customizable.FBX,geometry,(unnamed),geometry,,,,(unnamed),119,506
Elf,character,Elves/models/ELF_Characters_customizable.FBX,geometry,(unnamed),geometry,,,,(unnamed),92,364
Elf,character,Elves/models/ELF_Characters_customizable.FBX,geometry,(unnamed),geometry,,,,(unnamed),99,416
Elf,character,Elves/models/ELF_Characters_customizable.FBX,geometry,(unnamed),geometry,,,,(unnamed),92,364
Elf,character,Elves/models/ELF_Characters_customizable.FBX,geometry,(unnamed),geometry,,,,(unnamed),26,112
Elf,character,Elves/models/ELF_Characters_customizable.FBX,geometry,(unnamed),geometry,,,,(unnamed),34,140
Elf,character,Elves/models/ELF_Characters_customizable.FBX,geometry,(unnamed),geometry,,,,(unnamed),92,364
Elf,character,Elves/models/ELF_Characters_customizable.FBX,geometry,(unnamed),geometry,,,,(unnamed),26,112
Elf,character,Elves/models/ELF_Characters_customizable.FBX,geometry,(unnamed),geometry,,,,(unnamed),34,140
Elf,character,Elves/models/ELF_Characters_customizable.FBX,geometry,(unnamed),geometry,,,,(unnamed),68,270
Elf,character,Elves/models/ELF_Characters_customizable.FBX,geometry,(unnamed),geometry,,,,(unnamed),92,364
Elf,character,Elves/models/ELF_Characters_customizable.FBX,geometry,(unnamed),geometry,,,,(unnamed),32,144
Elf,character,Elves/models/ELF_Characters_customizable.FBX,geometry,(unnamed),geometry,,,,(unnamed),98,370
Elf,character,Elves/models/ELF_Characters_customizable.FBX,geometry,(unnamed),geometry,,,,(unnamed),76,322
Elf,character,Elves/models/ELF_Characters_customizable.FBX,geometry,(unnamed),geometry,,,,(unnamed),68,270
Elf,character,Elves/models/ELF_Characters_customizable.FBX,geometry,(unnamed),geometry,,,,(unnamed),93,352
Elf,character,Elves/models/ELF_Characters_customizable.FBX,geometry,(unnamed),geometry,,,,(unnamed),137,398
Elf,character,Elves/models/ELF_Characters_customizable.FBX,geometry,(unnamed),geometry,,,,(unnamed),92,364
Elf,character,Elves/models/ELF_Characters_customizable.FBX,geometry,(unnamed),geometry,,,,(unnamed),32,144
Elf,character,Elves/models/ELF_Characters_customizable.FBX,geometry,(unnamed),geometry,,,,(unnamed),44,216
Elf,character,Elves/models/ELF_Characters_customizable.FBX,geometry,(unnamed),geometry,,,,(unnamed),135,562
Elf,character,Elves/models/ELF_Characters_customizable.FBX,geometry,(unnamed),geometry,,,,(unnamed),153,458
Elf,character,Elves/models/ELF_Characters_customizable.FBX,geometry,(unnamed),geometry,,,,(unnamed),102,390
Elf,character,Elves/models/ELF_Characters_customizable.FBX,geometry,(unnamed),geometry,,,,(unnamed),166,516
Elf,character,Elves/models/ELF_Characters_customizable.FBX,geometry,(unnamed),geometry,,,,(unnamed),127,488
Elf,character,Elves/models/ELF_Characters_customizable.FBX,geometry,(unnamed),geometry,,,,(unnamed),180,572
Elf,character,Elves/models/ELF_Characters_customizable.FBX,geometry,(unnamed),geometry,,,,(unnamed),200,652
Elf,character,Elves/models/ELF_Characters_customizable.FBX,geometry,(unnamed),geometry,,,,(unnamed),54,222
Elf,character,Elves/models/ELF_Characters_customizable.FBX,geometry,(unnamed),geometry,,,,(unnamed),54,222
Elf,character,Elves/models/ELF_Characters_customizable.FBX,bone,Bip001 Pelvis,Skeleton,Bone,,,Skeleton bone (Bip001 Pelvis),,
Elf,character,Elves/models/ELF_Characters_customizable.FBX,bone,Bip001 Spine,Skeleton,Bone,,,Skeleton bone (Bip001 Spine),,
Elf,character,Elves/models/ELF_Characters_customizable.FBX,bone,Bip001 Neck,Skeleton,Bone,,,Skeleton bone (Bip001 Neck),,
Elf,character,Elves/models/ELF_Characters_customizable.FBX,bone,Bip001 Head,Skeleton,Bone,,,Skeleton bone (Bip001 Head),,
Elf,character,Elves/models/ELF_Characters_customizable.FBX,bone,Bip001 HeadNub,Skeleton,Bone,,,Skeleton bone (Bip001 HeadNub),,
Elf,character,Elves/models/ELF_Characters_customizable.FBX,bone,Bip001 L Clavicle,Skeleton,Bone,,,Skeleton bone (Bip001 L Clavicle),,
Elf,character,Elves/models/ELF_Characters_customizable.FBX,bone,Bip001 L UpperArm,Skeleton,Bone,,,Skeleton bone (Bip001 L UpperArm),,
Elf,character,Elves/models/ELF_Characters_customizable.FBX,bone,Bip001 L Forearm,Skeleton,Bone,,,Skeleton bone (Bip001 L Forearm),,
Elf,character,Elves/models/ELF_Characters_customizable.FBX,bone,Bip001 L Hand,Skeleton,Bone,,,Skeleton bone (Bip001 L Hand),,
Elf,character,Elves/models/ELF_Characters_customizable.FBX,bone,L_hand_container,Skeleton,Bone,,,Skeleton bone (L_hand_container),,
Elf,character,Elves/models/ELF_Characters_customizable.FBX,bone,L_shield_container,Skeleton,Bone,,,Skeleton bone (L_shield_container),,
Elf,character,Elves/models/ELF_Characters_customizable.FBX,bone,Bip001 R Clavicle,Skeleton,Bone,,,Skeleton bone (Bip001 R Clavicle),,
Elf,character,Elves/models/ELF_Characters_customizable.FBX,bone,Bip001 R UpperArm,Skeleton,Bone,,,Skeleton bone (Bip001 R UpperArm),,
Elf,character,Elves/models/ELF_Characters_customizable.FBX,bone,Bip001 R Forearm,Skeleton,Bone,,,Skeleton bone (Bip001 R Forearm),,
Elf,character,Elves/models/ELF_Characters_customizable.FBX,bone,Bip001 R Hand,Skeleton,Bone,,,Skeleton bone (Bip001 R Hand),,
Elf,character,Elves/models/ELF_Characters_customizable.FBX,bone,R_hand_container,Skeleton,Bone,,,Skeleton bone (R_hand_container),,
Elf,character,Elves/models/ELF_Characters_customizable.FBX,bone,Bone_wood,Skeleton,Bone,,,Skeleton bone (Bone_wood),,
Elf,character,Elves/models/ELF_Characters_customizable.FBX,bone,Bone_bag,Skeleton,Bone,,,Skeleton bone (Bone_bag),,
Elf,character,Elves/models/ELF_Characters_customizable.FBX,bone,Quiver_container,Skeleton,Bone,,,Skeleton bone (Quiver_container),,
Elf,character,Elves/models/ELF_Characters_customizable.FBX,bone,Bip001 L Thigh,Skeleton,Bone,,,Skeleton bone (Bip001 L Thigh),,
Elf,character,Elves/models/ELF_Characters_customizable.FBX,bone,Bip001 L Calf,Skeleton,Bone,,,Skeleton bone (Bip001 L Calf),,
Elf,character,Elves/models/ELF_Characters_customizable.FBX,bone,Bip001 L Foot,Skeleton,Bone,,,Skeleton bone (Bip001 L Foot),,
Elf,character,Elves/models/ELF_Characters_customizable.FBX,bone,Bip001 L Toe0,Skeleton,Bone,,,Skeleton bone (Bip001 L Toe0),,
Elf,character,Elves/models/ELF_Characters_customizable.FBX,bone,Bip001 L Toe0Nub,Skeleton,Bone,,,Skeleton bone (Bip001 L Toe0Nub),,
Elf,character,Elves/models/ELF_Characters_customizable.FBX,bone,Bip001 R Thigh,Skeleton,Bone,,,Skeleton bone (Bip001 R Thigh),,
Elf,character,Elves/models/ELF_Characters_customizable.FBX,bone,Bip001 R Calf,Skeleton,Bone,,,Skeleton bone (Bip001 R Calf),,
Elf,character,Elves/models/ELF_Characters_customizable.FBX,bone,Bip001 R Foot,Skeleton,Bone,,,Skeleton bone (Bip001 R Foot),,
Elf,character,Elves/models/ELF_Characters_customizable.FBX,bone,Bip001 R Toe0,Skeleton,Bone,,,Skeleton bone (Bip001 R Toe0),,
Elf,character,Elves/models/ELF_Characters_customizable.FBX,bone,Bip001 R Toe0Nub,Skeleton,Bone,,,Skeleton bone (Bip001 R Toe0Nub),,
Elf,character,Elves/models/ELF_Characters_customizable.FBX,null,Bip001 Footsteps,Rig,Helper,,,Null helper / rig node (Bip001 Footsteps),,
Elf,character,Elves/models/ELF_Characters_customizable.FBX,material,ELF_WoodElf_Standard_Units,material,,,,ELF_WoodElf_Standard_Units,,
Elf,character,Elves/models/ELF_Characters_customizable.FBX,texture,Map #9,texture,,,,Map #9,,
Elf,character,Elves/models/ELF_Characters_customizable.FBX,anim_stack,Take 001,anim_stack,,,,Take 001,,
Elf,extra,Elves/models/extra_models/ELF_bolt.FBX,mesh_part,ELF_Bolt,Siege,Projectile,,,Siege projectile (ELF_Bolt),,
Elf,extra,Elves/models/extra_models/ELF_bolt.FBX,geometry,(unnamed),geometry,,,,(unnamed),54,168
Elf,extra,Elves/models/extra_models/ELF_bolt.FBX,material,ELF_WoodElf_Standard_Units,material,,,,ELF_WoodElf_Standard_Units,,
Elf,extra,Elves/models/extra_models/ELF_bolt.FBX,texture,Map #9,texture,,,,Map #9,,
Elf,extra,Elves/models/extra_models/ELF_bolt.FBX,anim_stack,Take 001,anim_stack,,,,Take 001,,
Elf,equipment,Elves/models/extra_models/equipment/ELF_weapon_spear.FBX,mesh_part,ELF_weapon_spear,Equipment,Weapon,spear,,Spear variant - (right-hand weapon mesh),,
Elf,equipment,Elves/models/extra_models/equipment/ELF_weapon_spear.FBX,geometry,(unnamed),geometry,,,,(unnamed),21,72
Elf,equipment,Elves/models/extra_models/equipment/ELF_weapon_spear.FBX,material,ELF_WoodElf_Standard_Units,material,,,,ELF_WoodElf_Standard_Units,,
Elf,equipment,Elves/models/extra_models/equipment/ELF_weapon_spear.FBX,texture,Map #9,texture,,,,Map #9,,
Elf,equipment,Elves/models/extra_models/equipment/ELF_weapon_staff_C.FBX,mesh_part,ELF_weapon_staff_C,Equipment,Weapon,staff,C,Staff (caster) variant C (right-hand weapon mesh),,
Elf,equipment,Elves/models/extra_models/equipment/ELF_weapon_staff_C.FBX,geometry,(unnamed),geometry,,,,(unnamed),63,252
Elf,equipment,Elves/models/extra_models/equipment/ELF_weapon_staff_C.FBX,material,ELF_WoodElf_Standard_Units,material,,,,ELF_WoodElf_Standard_Units,,
Elf,equipment,Elves/models/extra_models/equipment/ELF_weapon_staff_C.FBX,texture,Map #9,texture,,,,Map #9,,
Orc,animation,Orcs/animation/Catapult/ORC_catapult_01_idle.FBX,bone,Bone_Root,Skeleton,Bone,,,Skeleton bone (Bone_Root),,
Orc,animation,Orcs/animation/Catapult/ORC_catapult_01_idle.FBX,bone,Bone_Platform,Skeleton,Bone,,,Skeleton bone (Bone_Platform),,
Orc,animation,Orcs/animation/Catapult/ORC_catapult_01_idle.FBX,bone,Bone_Arm,Skeleton,Bone,,,Skeleton bone (Bone_Arm),,
Orc,animation,Orcs/animation/Catapult/ORC_catapult_01_idle.FBX,bone,Bone_stone,Skeleton,Bone,,,Skeleton bone (Bone_stone),,
Orc,animation,Orcs/animation/Catapult/ORC_catapult_01_idle.FBX,bone,Bone_body_B,Skeleton,Bone,,,Skeleton bone (Bone_body_B),,
Orc,animation,Orcs/animation/Catapult/ORC_catapult_01_idle.FBX,bone,Bone_body_A,Skeleton,Bone,,,Skeleton bone (Bone_body_A),,
Orc,animation,Orcs/animation/Catapult/ORC_catapult_01_idle.FBX,bone,Bone_front,Skeleton,Bone,,,Skeleton bone (Bone_front),,
Orc,animation,Orcs/animation/Catapult/ORC_catapult_01_idle.FBX,bone,Bone_wheel_A,Skeleton,Bone,,,Skeleton bone (Bone_wheel_A),,
Orc,animation,Orcs/animation/Catapult/ORC_catapult_01_idle.FBX,bone,Bone_wheel_B,Skeleton,Bone,,,Skeleton bone (Bone_wheel_B),,
Orc,animation,Orcs/animation/Catapult/ORC_catapult_01_idle.FBX,bone,Bone_wheel_C,Skeleton,Bone,,,Skeleton bone (Bone_wheel_C),,
Orc,animation,Orcs/animation/Catapult/ORC_catapult_01_idle.FBX,bone,Bone_wheel_C001D,Skeleton,Bone,,,Skeleton bone (Bone_wheel_C001D),,
Orc,animation,Orcs/animation/Catapult/ORC_catapult_01_idle.FBX,anim_stack,Take 001,anim_stack,,,,Take 001,,
Orc,animation,Orcs/animation/Catapult/ORC_catapult_02_move.FBX,bone,Bone_Root,Skeleton,Bone,,,Skeleton bone (Bone_Root),,
Orc,animation,Orcs/animation/Catapult/ORC_catapult_02_move.FBX,bone,Bone_Platform,Skeleton,Bone,,,Skeleton bone (Bone_Platform),,
Orc,animation,Orcs/animation/Catapult/ORC_catapult_02_move.FBX,bone,Bone_Arm,Skeleton,Bone,,,Skeleton bone (Bone_Arm),,
Orc,animation,Orcs/animation/Catapult/ORC_catapult_02_move.FBX,bone,Bone_stone,Skeleton,Bone,,,Skeleton bone (Bone_stone),,
Orc,animation,Orcs/animation/Catapult/ORC_catapult_02_move.FBX,bone,Bone_body_B,Skeleton,Bone,,,Skeleton bone (Bone_body_B),,
Orc,animation,Orcs/animation/Catapult/ORC_catapult_02_move.FBX,bone,Bone_body_A,Skeleton,Bone,,,Skeleton bone (Bone_body_A),,
Orc,animation,Orcs/animation/Catapult/ORC_catapult_02_move.FBX,bone,Bone_front,Skeleton,Bone,,,Skeleton bone (Bone_front),,
Orc,animation,Orcs/animation/Catapult/ORC_catapult_02_move.FBX,bone,Bone_wheel_A,Skeleton,Bone,,,Skeleton bone (Bone_wheel_A),,
Orc,animation,Orcs/animation/Catapult/ORC_catapult_02_move.FBX,bone,Bone_wheel_B,Skeleton,Bone,,,Skeleton bone (Bone_wheel_B),,
Orc,animation,Orcs/animation/Catapult/ORC_catapult_02_move.FBX,bone,Bone_wheel_C,Skeleton,Bone,,,Skeleton bone (Bone_wheel_C),,
Orc,animation,Orcs/animation/Catapult/ORC_catapult_02_move.FBX,bone,Bone_wheel_C001D,Skeleton,Bone,,,Skeleton bone (Bone_wheel_C001D),,
Orc,animation,Orcs/animation/Catapult/ORC_catapult_02_move.FBX,anim_stack,Take 001,anim_stack,,,,Take 001,,
Orc,animation,Orcs/animation/Catapult/ORC_catapult_03_attack.FBX,bone,Bone_Root,Skeleton,Bone,,,Skeleton bone (Bone_Root),,
Orc,animation,Orcs/animation/Catapult/ORC_catapult_03_attack.FBX,bone,Bone_Platform,Skeleton,Bone,,,Skeleton bone (Bone_Platform),,
Orc,animation,Orcs/animation/Catapult/ORC_catapult_03_attack.FBX,bone,Bone_Arm,Skeleton,Bone,,,Skeleton bone (Bone_Arm),,
Orc,animation,Orcs/animation/Catapult/ORC_catapult_03_attack.FBX,bone,Bone_stone,Skeleton,Bone,,,Skeleton bone (Bone_stone),,
Orc,animation,Orcs/animation/Catapult/ORC_catapult_03_attack.FBX,bone,Bone_body_B,Skeleton,Bone,,,Skeleton bone (Bone_body_B),,
Orc,animation,Orcs/animation/Catapult/ORC_catapult_03_attack.FBX,bone,Bone_body_A,Skeleton,Bone,,,Skeleton bone (Bone_body_A),,
Orc,animation,Orcs/animation/Catapult/ORC_catapult_03_attack.FBX,bone,Bone_front,Skeleton,Bone,,,Skeleton bone (Bone_front),,
Orc,animation,Orcs/animation/Catapult/ORC_catapult_03_attack.FBX,bone,Bone_wheel_A,Skeleton,Bone,,,Skeleton bone (Bone_wheel_A),,
Orc,animation,Orcs/animation/Catapult/ORC_catapult_03_attack.FBX,bone,Bone_wheel_B,Skeleton,Bone,,,Skeleton bone (Bone_wheel_B),,
Orc,animation,Orcs/animation/Catapult/ORC_catapult_03_attack.FBX,bone,Bone_wheel_C,Skeleton,Bone,,,Skeleton bone (Bone_wheel_C),,
Orc,animation,Orcs/animation/Catapult/ORC_catapult_03_attack.FBX,bone,Bone_wheel_C001D,Skeleton,Bone,,,Skeleton bone (Bone_wheel_C001D),,
Orc,animation,Orcs/animation/Catapult/ORC_catapult_03_attack.FBX,anim_stack,Take 001,anim_stack,,,,Take 001,,
Orc,animation,Orcs/animation/Catapult/ORC_catapult_04_death.FBX,bone,Bone_Root,Skeleton,Bone,,,Skeleton bone (Bone_Root),,
Orc,animation,Orcs/animation/Catapult/ORC_catapult_04_death.FBX,bone,Bone_Platform,Skeleton,Bone,,,Skeleton bone (Bone_Platform),,
Orc,animation,Orcs/animation/Catapult/ORC_catapult_04_death.FBX,bone,Bone_Arm,Skeleton,Bone,,,Skeleton bone (Bone_Arm),,
Orc,animation,Orcs/animation/Catapult/ORC_catapult_04_death.FBX,bone,Bone_stone,Skeleton,Bone,,,Skeleton bone (Bone_stone),,
Orc,animation,Orcs/animation/Catapult/ORC_catapult_04_death.FBX,bone,Bone_body_B,Skeleton,Bone,,,Skeleton bone (Bone_body_B),,
Orc,animation,Orcs/animation/Catapult/ORC_catapult_04_death.FBX,bone,Bone_body_A,Skeleton,Bone,,,Skeleton bone (Bone_body_A),,
Orc,animation,Orcs/animation/Catapult/ORC_catapult_04_death.FBX,bone,Bone_front,Skeleton,Bone,,,Skeleton bone (Bone_front),,
Orc,animation,Orcs/animation/Catapult/ORC_catapult_04_death.FBX,bone,Bone_wheel_A,Skeleton,Bone,,,Skeleton bone (Bone_wheel_A),,
Orc,animation,Orcs/animation/Catapult/ORC_catapult_04_death.FBX,bone,Bone_wheel_B,Skeleton,Bone,,,Skeleton bone (Bone_wheel_B),,
Orc,animation,Orcs/animation/Catapult/ORC_catapult_04_death.FBX,bone,Bone_wheel_C,Skeleton,Bone,,,Skeleton bone (Bone_wheel_C),,
Orc,animation,Orcs/animation/Catapult/ORC_catapult_04_death.FBX,bone,Bone_wheel_C001D,Skeleton,Bone,,,Skeleton bone (Bone_wheel_C001D),,
Orc,animation,Orcs/animation/Catapult/ORC_catapult_04_death.FBX,anim_stack,Take 001,anim_stack,,,,Take 001,,
Orc,animation,Orcs/animation/Cavalry/ORC_cavalry_01_idle.FBX,bone,Bip001 Pelvis,Skeleton,Bone,,,Skeleton bone (Bip001 Pelvis),,
Orc,animation,Orcs/animation/Cavalry/ORC_cavalry_01_idle.FBX,bone,Bip001 Spine,Skeleton,Bone,,,Skeleton bone (Bip001 Spine),,
Orc,animation,Orcs/animation/Cavalry/ORC_cavalry_01_idle.FBX,bone,Bip001 L Clavicle,Skeleton,Bone,,,Skeleton bone (Bip001 L Clavicle),,
Orc,animation,Orcs/animation/Cavalry/ORC_cavalry_01_idle.FBX,bone,Bip001 L UpperArm,Skeleton,Bone,,,Skeleton bone (Bip001 L UpperArm),,
Orc,animation,Orcs/animation/Cavalry/ORC_cavalry_01_idle.FBX,bone,Bip001 L Forearm,Skeleton,Bone,,,Skeleton bone (Bip001 L Forearm),,
Orc,animation,Orcs/animation/Cavalry/ORC_cavalry_01_idle.FBX,bone,Bip001 L Hand,Skeleton,Bone,,,Skeleton bone (Bip001 L Hand),,
Orc,animation,Orcs/animation/Cavalry/ORC_cavalry_01_idle.FBX,bone,Bip001 R Clavicle,Skeleton,Bone,,,Skeleton bone (Bip001 R Clavicle),,
Orc,animation,Orcs/animation/Cavalry/ORC_cavalry_01_idle.FBX,bone,Bip001 R UpperArm,Skeleton,Bone,,,Skeleton bone (Bip001 R UpperArm),,
Orc,animation,Orcs/animation/Cavalry/ORC_cavalry_01_idle.FBX,bone,Bip001 R Forearm,Skeleton,Bone,,,Skeleton bone (Bip001 R Forearm),,
Orc,animation,Orcs/animation/Cavalry/ORC_cavalry_01_idle.FBX,bone,Bip001 R Hand,Skeleton,Bone,,,Skeleton bone (Bip001 R Hand),,
Orc,animation,Orcs/animation/Cavalry/ORC_cavalry_01_idle.FBX,bone,Bip001 Neck,Skeleton,Bone,,,Skeleton bone (Bip001 Neck),,
Orc,animation,Orcs/animation/Cavalry/ORC_cavalry_01_idle.FBX,bone,Bip001 Head,Skeleton,Bone,,,Skeleton bone (Bip001 Head),,
Orc,animation,Orcs/animation/Cavalry/ORC_cavalry_01_idle.FBX,bone,Bone_Mount,Skeleton,Bone,,,Skeleton bone (Bone_Mount),,
Orc,animation,Orcs/animation/Cavalry/ORC_cavalry_01_idle.FBX,bone,Bip001 Pelvis001,Skeleton,Bone,,,Skeleton bone (Bip001 Pelvis001),,
Orc,animation,Orcs/animation/Cavalry/ORC_cavalry_01_idle.FBX,bone,Bip001 Spine001,Skeleton,Bone,,,Skeleton bone (Bip001 Spine001),,
Orc,animation,Orcs/animation/Cavalry/ORC_cavalry_01_idle.FBX,bone,Bip001 Neck001,Skeleton,Bone,,,Skeleton bone (Bip001 Neck001),,
Orc,animation,Orcs/animation/Cavalry/ORC_cavalry_01_idle.FBX,bone,Bip001 Head001,Skeleton,Bone,,,Skeleton bone (Bip001 Head001),,
Orc,animation,Orcs/animation/Cavalry/ORC_cavalry_01_idle.FBX,bone,Bip001 L Clavicle001,Skeleton,Bone,,,Skeleton bone (Bip001 L Clavicle001),,
Orc,animation,Orcs/animation/Cavalry/ORC_cavalry_01_idle.FBX,bone,Bip001 L UpperArm001,Skeleton,Bone,,,Skeleton bone (Bip001 L UpperArm001),,
Orc,animation,Orcs/animation/Cavalry/ORC_cavalry_01_idle.FBX,bone,Bip001 L Forearm001,Skeleton,Bone,,,Skeleton bone (Bip001 L Forearm001),,
Orc,animation,Orcs/animation/Cavalry/ORC_cavalry_01_idle.FBX,bone,Bip001 L Hand001,Skeleton,Bone,,,Skeleton bone (Bip001 L Hand001),,
Orc,animation,Orcs/animation/Cavalry/ORC_cavalry_01_idle.FBX,bone,Bip001 R Clavicle001,Skeleton,Bone,,,Skeleton bone (Bip001 R Clavicle001),,
Orc,animation,Orcs/animation/Cavalry/ORC_cavalry_01_idle.FBX,bone,Bip001 R UpperArm001,Skeleton,Bone,,,Skeleton bone (Bip001 R UpperArm001),,
Orc,animation,Orcs/animation/Cavalry/ORC_cavalry_01_idle.FBX,bone,Bip001 R Forearm001,Skeleton,Bone,,,Skeleton bone (Bip001 R Forearm001),,
Orc,animation,Orcs/animation/Cavalry/ORC_cavalry_01_idle.FBX,bone,Bip001 R Hand001,Skeleton,Bone,,,Skeleton bone (Bip001 R Hand001),,
Orc,animation,Orcs/animation/Cavalry/ORC_cavalry_01_idle.FBX,bone,Bip001 L Thigh001,Skeleton,Bone,,,Skeleton bone (Bip001 L Thigh001),,
Orc,animation,Orcs/animation/Cavalry/ORC_cavalry_01_idle.FBX,bone,Bip001 L Calf001,Skeleton,Bone,,,Skeleton bone (Bip001 L Calf001),,
Orc,animation,Orcs/animation/Cavalry/ORC_cavalry_01_idle.FBX,bone,Bip001 L Foot001,Skeleton,Bone,,,Skeleton bone (Bip001 L Foot001),,
Orc,animation,Orcs/animation/Cavalry/ORC_cavalry_01_idle.FBX,bone,Bip001 L Toe001,Skeleton,Bone,,,Skeleton bone (Bip001 L Toe001),,
Orc,animation,Orcs/animation/Cavalry/ORC_cavalry_01_idle.FBX,bone,Bip001 R Thigh001,Skeleton,Bone,,,Skeleton bone (Bip001 R Thigh001),,
Orc,animation,Orcs/animation/Cavalry/ORC_cavalry_01_idle.FBX,bone,Bip001 R Calf001,Skeleton,Bone,,,Skeleton bone (Bip001 R Calf001),,
Orc,animation,Orcs/animation/Cavalry/ORC_cavalry_01_idle.FBX,bone,Bip001 R Foot001,Skeleton,Bone,,,Skeleton bone (Bip001 R Foot001),,
Orc,animation,Orcs/animation/Cavalry/ORC_cavalry_01_idle.FBX,bone,Bip001 R Toe001,Skeleton,Bone,,,Skeleton bone (Bip001 R Toe001),,
Orc,animation,Orcs/animation/Cavalry/ORC_cavalry_01_idle.FBX,bone,Bip001 L Thigh,Skeleton,Bone,,,Skeleton bone (Bip001 L Thigh),,
Orc,animation,Orcs/animation/Cavalry/ORC_cavalry_01_idle.FBX,bone,Bip001 L Calf,Skeleton,Bone,,,Skeleton bone (Bip001 L Calf),,
Orc,animation,Orcs/animation/Cavalry/ORC_cavalry_01_idle.FBX,bone,Bip001 L Foot,Skeleton,Bone,,,Skeleton bone (Bip001 L Foot),,
Orc,animation,Orcs/animation/Cavalry/ORC_cavalry_01_idle.FBX,bone,Bip001 L Toe0,Skeleton,Bone,,,Skeleton bone (Bip001 L Toe0),,
Orc,animation,Orcs/animation/Cavalry/ORC_cavalry_01_idle.FBX,bone,Bip001 R Thigh,Skeleton,Bone,,,Skeleton bone (Bip001 R Thigh),,
Orc,animation,Orcs/animation/Cavalry/ORC_cavalry_01_idle.FBX,bone,Bip001 R Calf,Skeleton,Bone,,,Skeleton bone (Bip001 R Calf),,
Orc,animation,Orcs/animation/Cavalry/ORC_cavalry_01_idle.FBX,bone,Bip001 R Foot,Skeleton,Bone,,,Skeleton bone (Bip001 R Foot),,
Orc,animation,Orcs/animation/Cavalry/ORC_cavalry_01_idle.FBX,bone,Bip001 R Toe0,Skeleton,Bone,,,Skeleton bone (Bip001 R Toe0),,
Orc,animation,Orcs/animation/Cavalry/ORC_cavalry_01_idle.FBX,bone,Bip001 Tail,Skeleton,Bone,,,Skeleton bone (Bip001 Tail),,
Orc,animation,Orcs/animation/Cavalry/ORC_cavalry_01_idle.FBX,bone,Bip001 Tail1,Skeleton,Bone,,,Skeleton bone (Bip001 Tail1),,
Orc,animation,Orcs/animation/Cavalry/ORC_cavalry_01_idle.FBX,anim_stack,Take 001,anim_stack,,,,Take 001,,
Orc,animation,Orcs/animation/Cavalry/ORC_cavalry_03_run.FBX,bone,Bip001 Pelvis,Skeleton,Bone,,,Skeleton bone (Bip001 Pelvis),,
Orc,animation,Orcs/animation/Cavalry/ORC_cavalry_03_run.FBX,bone,Bip001 Spine,Skeleton,Bone,,,Skeleton bone (Bip001 Spine),,
Orc,animation,Orcs/animation/Cavalry/ORC_cavalry_03_run.FBX,bone,Bip001 L Clavicle,Skeleton,Bone,,,Skeleton bone (Bip001 L Clavicle),,
Orc,animation,Orcs/animation/Cavalry/ORC_cavalry_03_run.FBX,bone,Bip001 L UpperArm,Skeleton,Bone,,,Skeleton bone (Bip001 L UpperArm),,
Orc,animation,Orcs/animation/Cavalry/ORC_cavalry_03_run.FBX,bone,Bip001 L Forearm,Skeleton,Bone,,,Skeleton bone (Bip001 L Forearm),,
Orc,animation,Orcs/animation/Cavalry/ORC_cavalry_03_run.FBX,bone,Bip001 L Hand,Skeleton,Bone,,,Skeleton bone (Bip001 L Hand),,
Orc,animation,Orcs/animation/Cavalry/ORC_cavalry_03_run.FBX,bone,Bip001 R Clavicle,Skeleton,Bone,,,Skeleton bone (Bip001 R Clavicle),,
Orc,animation,Orcs/animation/Cavalry/ORC_cavalry_03_run.FBX,bone,Bip001 R UpperArm,Skeleton,Bone,,,Skeleton bone (Bip001 R UpperArm),,
Orc,animation,Orcs/animation/Cavalry/ORC_cavalry_03_run.FBX,bone,Bip001 R Forearm,Skeleton,Bone,,,Skeleton bone (Bip001 R Forearm),,
Orc,animation,Orcs/animation/Cavalry/ORC_cavalry_03_run.FBX,bone,Bip001 R Hand,Skeleton,Bone,,,Skeleton bone (Bip001 R Hand),,
Orc,animation,Orcs/animation/Cavalry/ORC_cavalry_03_run.FBX,bone,Bip001 Neck,Skeleton,Bone,,,Skeleton bone (Bip001 Neck),,
Orc,animation,Orcs/animation/Cavalry/ORC_cavalry_03_run.FBX,bone,Bip001 Head,Skeleton,Bone,,,Skeleton bone (Bip001 Head),,
Orc,animation,Orcs/animation/Cavalry/ORC_cavalry_03_run.FBX,bone,Bone_Mount,Skeleton,Bone,,,Skeleton bone (Bone_Mount),,
Orc,animation,Orcs/animation/Cavalry/ORC_cavalry_03_run.FBX,bone,Bip001 Pelvis001,Skeleton,Bone,,,Skeleton bone (Bip001 Pelvis001),,
Orc,animation,Orcs/animation/Cavalry/ORC_cavalry_03_run.FBX,bone,Bip001 Spine001,Skeleton,Bone,,,Skeleton bone (Bip001 Spine001),,
Orc,animation,Orcs/animation/Cavalry/ORC_cavalry_03_run.FBX,bone,Bip001 Neck001,Skeleton,Bone,,,Skeleton bone (Bip001 Neck001),,
Orc,animation,Orcs/animation/Cavalry/ORC_cavalry_03_run.FBX,bone,Bip001 Head001,Skeleton,Bone,,,Skeleton bone (Bip001 Head001),,
Orc,animation,Orcs/animation/Cavalry/ORC_cavalry_03_run.FBX,bone,Bip001 L Clavicle001,Skeleton,Bone,,,Skeleton bone (Bip001 L Clavicle001),,
Orc,animation,Orcs/animation/Cavalry/ORC_cavalry_03_run.FBX,bone,Bip001 L UpperArm001,Skeleton,Bone,,,Skeleton bone (Bip001 L UpperArm001),,
Orc,animation,Orcs/animation/Cavalry/ORC_cavalry_03_run.FBX,bone,Bip001 L Forearm001,Skeleton,Bone,,,Skeleton bone (Bip001 L Forearm001),,
Orc,animation,Orcs/animation/Cavalry/ORC_cavalry_03_run.FBX,bone,Bip001 L Hand001,Skeleton,Bone,,,Skeleton bone (Bip001 L Hand001),,
Orc,animation,Orcs/animation/Cavalry/ORC_cavalry_03_run.FBX,bone,Bip001 R Clavicle001,Skeleton,Bone,,,Skeleton bone (Bip001 R Clavicle001),,
Orc,animation,Orcs/animation/Cavalry/ORC_cavalry_03_run.FBX,bone,Bip001 R UpperArm001,Skeleton,Bone,,,Skeleton bone (Bip001 R UpperArm001),,
Orc,animation,Orcs/animation/Cavalry/ORC_cavalry_03_run.FBX,bone,Bip001 R Forearm001,Skeleton,Bone,,,Skeleton bone (Bip001 R Forearm001),,
Orc,animation,Orcs/animation/Cavalry/ORC_cavalry_03_run.FBX,bone,Bip001 R Hand001,Skeleton,Bone,,,Skeleton bone (Bip001 R Hand001),,
Orc,animation,Orcs/animation/Cavalry/ORC_cavalry_03_run.FBX,bone,Bip001 L Thigh001,Skeleton,Bone,,,Skeleton bone (Bip001 L Thigh001),,
Orc,animation,Orcs/animation/Cavalry/ORC_cavalry_03_run.FBX,bone,Bip001 L Calf001,Skeleton,Bone,,,Skeleton bone (Bip001 L Calf001),,
Orc,animation,Orcs/animation/Cavalry/ORC_cavalry_03_run.FBX,bone,Bip001 L Foot001,Skeleton,Bone,,,Skeleton bone (Bip001 L Foot001),,
Orc,animation,Orcs/animation/Cavalry/ORC_cavalry_03_run.FBX,bone,Bip001 L Toe001,Skeleton,Bone,,,Skeleton bone (Bip001 L Toe001),,
Orc,animation,Orcs/animation/Cavalry/ORC_cavalry_03_run.FBX,bone,Bip001 R Thigh001,Skeleton,Bone,,,Skeleton bone (Bip001 R Thigh001),,
Orc,animation,Orcs/animation/Cavalry/ORC_cavalry_03_run.FBX,bone,Bip001 R Calf001,Skeleton,Bone,,,Skeleton bone (Bip001 R Calf001),,
Orc,animation,Orcs/animation/Cavalry/ORC_cavalry_03_run.FBX,bone,Bip001 R Foot001,Skeleton,Bone,,,Skeleton bone (Bip001 R Foot001),,
Orc,animation,Orcs/animation/Cavalry/ORC_cavalry_03_run.FBX,bone,Bip001 R Toe001,Skeleton,Bone,,,Skeleton bone (Bip001 R Toe001),,
Orc,animation,Orcs/animation/Cavalry/ORC_cavalry_03_run.FBX,bone,Bip001 L Thigh,Skeleton,Bone,,,Skeleton bone (Bip001 L Thigh),,
Orc,animation,Orcs/animation/Cavalry/ORC_cavalry_03_run.FBX,bone,Bip001 L Calf,Skeleton,Bone,,,Skeleton bone (Bip001 L Calf),,
Orc,animation,Orcs/animation/Cavalry/ORC_cavalry_03_run.FBX,bone,Bip001 L Foot,Skeleton,Bone,,,Skeleton bone (Bip001 L Foot),,
Orc,animation,Orcs/animation/Cavalry/ORC_cavalry_03_run.FBX,bone,Bip001 L Toe0,Skeleton,Bone,,,Skeleton bone (Bip001 L Toe0),,
Orc,animation,Orcs/animation/Cavalry/ORC_cavalry_03_run.FBX,bone,Bip001 R Thigh,Skeleton,Bone,,,Skeleton bone (Bip001 R Thigh),,
Orc,animation,Orcs/animation/Cavalry/ORC_cavalry_03_run.FBX,bone,Bip001 R Calf,Skeleton,Bone,,,Skeleton bone (Bip001 R Calf),,
Orc,animation,Orcs/animation/Cavalry/ORC_cavalry_03_run.FBX,bone,Bip001 R Foot,Skeleton,Bone,,,Skeleton bone (Bip001 R Foot),,
Orc,animation,Orcs/animation/Cavalry/ORC_cavalry_03_run.FBX,bone,Bip001 R Toe0,Skeleton,Bone,,,Skeleton bone (Bip001 R Toe0),,
Orc,animation,Orcs/animation/Cavalry/ORC_cavalry_03_run.FBX,bone,Bip001 Tail,Skeleton,Bone,,,Skeleton bone (Bip001 Tail),,
Orc,animation,Orcs/animation/Cavalry/ORC_cavalry_03_run.FBX,bone,Bip001 Tail1,Skeleton,Bone,,,Skeleton bone (Bip001 Tail1),,
Orc,animation,Orcs/animation/Cavalry/ORC_cavalry_03_run.FBX,anim_stack,Take 001,anim_stack,,,,Take 001,,
Orc,animation,Orcs/animation/Cavalry/ORC_cavalry_10_death_B.FBX,bone,Bip001 Pelvis,Skeleton,Bone,,,Skeleton bone (Bip001 Pelvis),,
Orc,animation,Orcs/animation/Cavalry/ORC_cavalry_10_death_B.FBX,bone,Bip001 Spine,Skeleton,Bone,,,Skeleton bone (Bip001 Spine),,
Orc,animation,Orcs/animation/Cavalry/ORC_cavalry_10_death_B.FBX,bone,Bip001 L Clavicle,Skeleton,Bone,,,Skeleton bone (Bip001 L Clavicle),,
Orc,animation,Orcs/animation/Cavalry/ORC_cavalry_10_death_B.FBX,bone,Bip001 L UpperArm,Skeleton,Bone,,,Skeleton bone (Bip001 L UpperArm),,
Orc,animation,Orcs/animation/Cavalry/ORC_cavalry_10_death_B.FBX,bone,Bip001 L Forearm,Skeleton,Bone,,,Skeleton bone (Bip001 L Forearm),,
Orc,animation,Orcs/animation/Cavalry/ORC_cavalry_10_death_B.FBX,bone,Bip001 L Hand,Skeleton,Bone,,,Skeleton bone (Bip001 L Hand),,
Orc,animation,Orcs/animation/Cavalry/ORC_cavalry_10_death_B.FBX,bone,Bip001 R Clavicle,Skeleton,Bone,,,Skeleton bone (Bip001 R Clavicle),,
Orc,animation,Orcs/animation/Cavalry/ORC_cavalry_10_death_B.FBX,bone,Bip001 R UpperArm,Skeleton,Bone,,,Skeleton bone (Bip001 R UpperArm),,
Orc,animation,Orcs/animation/Cavalry/ORC_cavalry_10_death_B.FBX,bone,Bip001 R Forearm,Skeleton,Bone,,,Skeleton bone (Bip001 R Forearm),,
Orc,animation,Orcs/animation/Cavalry/ORC_cavalry_10_death_B.FBX,bone,Bip001 R Hand,Skeleton,Bone,,,Skeleton bone (Bip001 R Hand),,
Orc,animation,Orcs/animation/Cavalry/ORC_cavalry_10_death_B.FBX,bone,Bip001 Neck,Skeleton,Bone,,,Skeleton bone (Bip001 Neck),,
Orc,animation,Orcs/animation/Cavalry/ORC_cavalry_10_death_B.FBX,bone,Bip001 Head,Skeleton,Bone,,,Skeleton bone (Bip001 Head),,
Orc,animation,Orcs/animation/Cavalry/ORC_cavalry_10_death_B.FBX,bone,Bone_Mount,Skeleton,Bone,,,Skeleton bone (Bone_Mount),,
Orc,animation,Orcs/animation/Cavalry/ORC_cavalry_10_death_B.FBX,bone,Bip001 Pelvis001,Skeleton,Bone,,,Skeleton bone (Bip001 Pelvis001),,
Orc,animation,Orcs/animation/Cavalry/ORC_cavalry_10_death_B.FBX,bone,Bip001 Spine001,Skeleton,Bone,,,Skeleton bone (Bip001 Spine001),,
Orc,animation,Orcs/animation/Cavalry/ORC_cavalry_10_death_B.FBX,bone,Bip001 Neck001,Skeleton,Bone,,,Skeleton bone (Bip001 Neck001),,
Orc,animation,Orcs/animation/Cavalry/ORC_cavalry_10_death_B.FBX,bone,Bip001 Head001,Skeleton,Bone,,,Skeleton bone (Bip001 Head001),,
Orc,animation,Orcs/animation/Cavalry/ORC_cavalry_10_death_B.FBX,bone,Bip001 L Clavicle001,Skeleton,Bone,,,Skeleton bone (Bip001 L Clavicle001),,
Orc,animation,Orcs/animation/Cavalry/ORC_cavalry_10_death_B.FBX,bone,Bip001 L UpperArm001,Skeleton,Bone,,,Skeleton bone (Bip001 L UpperArm001),,
Orc,animation,Orcs/animation/Cavalry/ORC_cavalry_10_death_B.FBX,bone,Bip001 L Forearm001,Skeleton,Bone,,,Skeleton bone (Bip001 L Forearm001),,
Orc,animation,Orcs/animation/Cavalry/ORC_cavalry_10_death_B.FBX,bone,Bip001 L Hand001,Skeleton,Bone,,,Skeleton bone (Bip001 L Hand001),,
Orc,animation,Orcs/animation/Cavalry/ORC_cavalry_10_death_B.FBX,bone,Bip001 R Clavicle001,Skeleton,Bone,,,Skeleton bone (Bip001 R Clavicle001),,
Orc,animation,Orcs/animation/Cavalry/ORC_cavalry_10_death_B.FBX,bone,Bip001 R UpperArm001,Skeleton,Bone,,,Skeleton bone (Bip001 R UpperArm001),,
Orc,animation,Orcs/animation/Cavalry/ORC_cavalry_10_death_B.FBX,bone,Bip001 R Forearm001,Skeleton,Bone,,,Skeleton bone (Bip001 R Forearm001),,
Orc,animation,Orcs/animation/Cavalry/ORC_cavalry_10_death_B.FBX,bone,Bip001 R Hand001,Skeleton,Bone,,,Skeleton bone (Bip001 R Hand001),,
Orc,animation,Orcs/animation/Cavalry/ORC_cavalry_10_death_B.FBX,bone,Bip001 L Thigh001,Skeleton,Bone,,,Skeleton bone (Bip001 L Thigh001),,
Orc,animation,Orcs/animation/Cavalry/ORC_cavalry_10_death_B.FBX,bone,Bip001 L Calf001,Skeleton,Bone,,,Skeleton bone (Bip001 L Calf001),,
Orc,animation,Orcs/animation/Cavalry/ORC_cavalry_10_death_B.FBX,bone,Bip001 L Foot001,Skeleton,Bone,,,Skeleton bone (Bip001 L Foot001),,
Orc,animation,Orcs/animation/Cavalry/ORC_cavalry_10_death_B.FBX,bone,Bip001 L Toe001,Skeleton,Bone,,,Skeleton bone (Bip001 L Toe001),,
Orc,animation,Orcs/animation/Cavalry/ORC_cavalry_10_death_B.FBX,bone,Bip001 R Thigh001,Skeleton,Bone,,,Skeleton bone (Bip001 R Thigh001),,
Orc,animation,Orcs/animation/Cavalry/ORC_cavalry_10_death_B.FBX,bone,Bip001 R Calf001,Skeleton,Bone,,,Skeleton bone (Bip001 R Calf001),,
Orc,animation,Orcs/animation/Cavalry/ORC_cavalry_10_death_B.FBX,bone,Bip001 R Foot001,Skeleton,Bone,,,Skeleton bone (Bip001 R Foot001),,
Orc,animation,Orcs/animation/Cavalry/ORC_cavalry_10_death_B.FBX,bone,Bip001 R Toe001,Skeleton,Bone,,,Skeleton bone (Bip001 R Toe001),,
Orc,animation,Orcs/animation/Cavalry/ORC_cavalry_10_death_B.FBX,bone,Bip001 L Thigh,Skeleton,Bone,,,Skeleton bone (Bip001 L Thigh),,
Orc,animation,Orcs/animation/Cavalry/ORC_cavalry_10_death_B.FBX,bone,Bip001 L Calf,Skeleton,Bone,,,Skeleton bone (Bip001 L Calf),,
Orc,animation,Orcs/animation/Cavalry/ORC_cavalry_10_death_B.FBX,bone,Bip001 L Foot,Skeleton,Bone,,,Skeleton bone (Bip001 L Foot),,
Orc,animation,Orcs/animation/Cavalry/ORC_cavalry_10_death_B.FBX,bone,Bip001 L Toe0,Skeleton,Bone,,,Skeleton bone (Bip001 L Toe0),,
Orc,animation,Orcs/animation/Cavalry/ORC_cavalry_10_death_B.FBX,bone,Bip001 R Thigh,Skeleton,Bone,,,Skeleton bone (Bip001 R Thigh),,
Orc,animation,Orcs/animation/Cavalry/ORC_cavalry_10_death_B.FBX,bone,Bip001 R Calf,Skeleton,Bone,,,Skeleton bone (Bip001 R Calf),,
Orc,animation,Orcs/animation/Cavalry/ORC_cavalry_10_death_B.FBX,bone,Bip001 R Foot,Skeleton,Bone,,,Skeleton bone (Bip001 R Foot),,
Orc,animation,Orcs/animation/Cavalry/ORC_cavalry_10_death_B.FBX,bone,Bip001 R Toe0,Skeleton,Bone,,,Skeleton bone (Bip001 R Toe0),,
Orc,animation,Orcs/animation/Cavalry/ORC_cavalry_10_death_B.FBX,bone,Bip001 Tail,Skeleton,Bone,,,Skeleton bone (Bip001 Tail),,
Orc,animation,Orcs/animation/Cavalry/ORC_cavalry_10_death_B.FBX,bone,Bip001 Tail1,Skeleton,Bone,,,Skeleton bone (Bip001 Tail1),,
Orc,animation,Orcs/animation/Cavalry/ORC_cavalry_10_death_B.FBX,anim_stack,Take 001,anim_stack,,,,Take 001,,
Orc,animation,Orcs/animation/Worker/ORC_worker_12_working_A.FBX,bone,Bip001 Pelvis,Skeleton,Bone,,,Skeleton bone (Bip001 Pelvis),,
Orc,animation,Orcs/animation/Worker/ORC_worker_12_working_A.FBX,bone,Bip001 Spine,Skeleton,Bone,,,Skeleton bone (Bip001 Spine),,
Orc,animation,Orcs/animation/Worker/ORC_worker_12_working_A.FBX,bone,Bip001 Neck,Skeleton,Bone,,,Skeleton bone (Bip001 Neck),,
Orc,animation,Orcs/animation/Worker/ORC_worker_12_working_A.FBX,bone,Bip001 Head,Skeleton,Bone,,,Skeleton bone (Bip001 Head),,
Orc,animation,Orcs/animation/Worker/ORC_worker_12_working_A.FBX,bone,Bip001 L Clavicle,Skeleton,Bone,,,Skeleton bone (Bip001 L Clavicle),,
Orc,animation,Orcs/animation/Worker/ORC_worker_12_working_A.FBX,bone,Bip001 L UpperArm,Skeleton,Bone,,,Skeleton bone (Bip001 L UpperArm),,
Orc,animation,Orcs/animation/Worker/ORC_worker_12_working_A.FBX,bone,Bip001 L Forearm,Skeleton,Bone,,,Skeleton bone (Bip001 L Forearm),,
Orc,animation,Orcs/animation/Worker/ORC_worker_12_working_A.FBX,bone,Bip001 L Hand,Skeleton,Bone,,,Skeleton bone (Bip001 L Hand),,
Orc,animation,Orcs/animation/Worker/ORC_worker_12_working_A.FBX,bone,Bip001 R Clavicle,Skeleton,Bone,,,Skeleton bone (Bip001 R Clavicle),,
Orc,animation,Orcs/animation/Worker/ORC_worker_12_working_A.FBX,bone,Bip001 R UpperArm,Skeleton,Bone,,,Skeleton bone (Bip001 R UpperArm),,
Orc,animation,Orcs/animation/Worker/ORC_worker_12_working_A.FBX,bone,Bip001 R Forearm,Skeleton,Bone,,,Skeleton bone (Bip001 R Forearm),,
Orc,animation,Orcs/animation/Worker/ORC_worker_12_working_A.FBX,bone,Bip001 R Hand,Skeleton,Bone,,,Skeleton bone (Bip001 R Hand),,
Orc,animation,Orcs/animation/Worker/ORC_worker_12_working_A.FBX,bone,Bone_wood,Skeleton,Bone,,,Skeleton bone (Bone_wood),,
Orc,animation,Orcs/animation/Worker/ORC_worker_12_working_A.FBX,bone,Bone_bag,Skeleton,Bone,,,Skeleton bone (Bone_bag),,
Orc,animation,Orcs/animation/Worker/ORC_worker_12_working_A.FBX,bone,Bip001 L Thigh,Skeleton,Bone,,,Skeleton bone (Bip001 L Thigh),,
Orc,animation,Orcs/animation/Worker/ORC_worker_12_working_A.FBX,bone,Bip001 L Calf,Skeleton,Bone,,,Skeleton bone (Bip001 L Calf),,
Orc,animation,Orcs/animation/Worker/ORC_worker_12_working_A.FBX,bone,Bip001 L Foot,Skeleton,Bone,,,Skeleton bone (Bip001 L Foot),,
Orc,animation,Orcs/animation/Worker/ORC_worker_12_working_A.FBX,bone,Bip001 L Toe0,Skeleton,Bone,,,Skeleton bone (Bip001 L Toe0),,
Orc,animation,Orcs/animation/Worker/ORC_worker_12_working_A.FBX,bone,Bip001 R Thigh,Skeleton,Bone,,,Skeleton bone (Bip001 R Thigh),,
Orc,animation,Orcs/animation/Worker/ORC_worker_12_working_A.FBX,bone,Bip001 R Calf,Skeleton,Bone,,,Skeleton bone (Bip001 R Calf),,
Orc,animation,Orcs/animation/Worker/ORC_worker_12_working_A.FBX,bone,Bip001 R Foot,Skeleton,Bone,,,Skeleton bone (Bip001 R Foot),,
Orc,animation,Orcs/animation/Worker/ORC_worker_12_working_A.FBX,bone,Bip001 R Toe0,Skeleton,Bone,,,Skeleton bone (Bip001 R Toe0),,
Orc,animation,Orcs/animation/Worker/ORC_worker_12_working_A.FBX,anim_stack,Take 001,anim_stack,,,,Take 001,,
Orc,siege,Orcs/models/ORC_Catapult.FBX,mesh_part,Orc_Catapult_stone,Siege,Projectile,,,Siege projectile (Orc_Catapult_stone),,
Orc,siege,Orcs/models/ORC_Catapult.FBX,mesh_part,Orc_Catapult,Siege,Engine,,,Siege engine (Orc_Catapult),,
Orc,siege,Orcs/models/ORC_Catapult.FBX,geometry,(unnamed),geometry,,,,(unnamed),22,108
Orc,siege,Orcs/models/ORC_Catapult.FBX,geometry,(unnamed),geometry,,,,(unnamed),392,1839
Orc,siege,Orcs/models/ORC_Catapult.FBX,bone,Bone_Root,Skeleton,Bone,,,Skeleton bone (Bone_Root),,
Orc,siege,Orcs/models/ORC_Catapult.FBX,bone,Bone_Platform,Skeleton,Bone,,,Skeleton bone (Bone_Platform),,
Orc,siege,Orcs/models/ORC_Catapult.FBX,bone,Bone_Arm,Skeleton,Bone,,,Skeleton bone (Bone_Arm),,
Orc,siege,Orcs/models/ORC_Catapult.FBX,bone,Bone_stone,Skeleton,Bone,,,Skeleton bone (Bone_stone),,
Orc,siege,Orcs/models/ORC_Catapult.FBX,bone,Bone_body_B,Skeleton,Bone,,,Skeleton bone (Bone_body_B),,
Orc,siege,Orcs/models/ORC_Catapult.FBX,bone,Bone_body_A,Skeleton,Bone,,,Skeleton bone (Bone_body_A),,
Orc,siege,Orcs/models/ORC_Catapult.FBX,bone,Bone_front,Skeleton,Bone,,,Skeleton bone (Bone_front),,
Orc,siege,Orcs/models/ORC_Catapult.FBX,bone,Bone_wheel_A,Skeleton,Bone,,,Skeleton bone (Bone_wheel_A),,
Orc,siege,Orcs/models/ORC_Catapult.FBX,bone,Bone_wheel_B,Skeleton,Bone,,,Skeleton bone (Bone_wheel_B),,
Orc,siege,Orcs/models/ORC_Catapult.FBX,bone,Bone_wheel_C,Skeleton,Bone,,,Skeleton bone (Bone_wheel_C),,
Orc,siege,Orcs/models/ORC_Catapult.FBX,bone,Bone_wheel_C001D,Skeleton,Bone,,,Skeleton bone (Bone_wheel_C001D),,
Orc,siege,Orcs/models/ORC_Catapult.FBX,material,Orc_Standard_Units,material,,,,Orc_Standard_Units,,
Orc,siege,Orcs/models/ORC_Catapult.FBX,texture,Map #11,texture,,,,Map #11,,
Orc,cavalry-character,Orcs/models/ORC_Cavalry_Customizable.FBX,mesh_part,ORC_Mount_Wolf,Mount,Creature,wolf,,Mount creature: wolf,,
Orc,cavalry-character,Orcs/models/ORC_Cavalry_Customizable.FBX,mesh_part,ORC_weapon_Bow,Equipment,Weapon,bow,,Bow (ranged) variant - (right-hand weapon mesh),,
Orc,cavalry-character,Orcs/models/ORC_Cavalry_Customizable.FBX,mesh_part,ORC_weapon_staff_A,Equipment,Weapon,staff,A,Staff (caster) variant A (right-hand weapon mesh),,
Orc,cavalry-character,Orcs/models/ORC_Cavalry_Customizable.FBX,mesh_part,ORC_weapon_staff_C,Equipment,Weapon,staff,C,Staff (caster) variant C (right-hand weapon mesh),,
Orc,cavalry-character,Orcs/models/ORC_Cavalry_Customizable.FBX,mesh_part,ORC_weapon_staff_B,Equipment,Weapon,staff,B,Staff (caster) variant B (right-hand weapon mesh),,
Orc,cavalry-character,Orcs/models/ORC_Cavalry_Customizable.FBX,mesh_part,ORC_Shield_A,Equipment,Shield,shield,A,Shield variant A (off-hand),,
Orc,cavalry-character,Orcs/models/ORC_Cavalry_Customizable.FBX,mesh_part,ORC_Shield_C,Equipment,Shield,shield,C,Shield variant C (off-hand),,
Orc,cavalry-character,Orcs/models/ORC_Cavalry_Customizable.FBX,mesh_part,ORC_Shield_B,Equipment,Shield,shield,B,Shield variant B (off-hand),,
Orc,cavalry-character,Orcs/models/ORC_Cavalry_Customizable.FBX,mesh_part,ORC_Shield_D,Equipment,Shield,shield,D,Shield variant D (off-hand),,
Orc,cavalry-character,Orcs/models/ORC_Cavalry_Customizable.FBX,mesh_part,ORC_weapon_spear,Equipment,Weapon,spear,,Spear variant - (right-hand weapon mesh),,
Orc,cavalry-character,Orcs/models/ORC_Cavalry_Customizable.FBX,mesh_part,ORC_weapon_Hammer,Equipment,Weapon,hammer,,Hammer variant - (right-hand weapon mesh),,
Orc,cavalry-character,Orcs/models/ORC_Cavalry_Customizable.FBX,mesh_part,ORC_weapon_Dagger,Equipment,Weapon,dagger,,Dagger variant - (right-hand weapon mesh),,
Orc,cavalry-character,Orcs/models/ORC_Cavalry_Customizable.FBX,mesh_part,ORC_weapon_Axe_C,Equipment,Weapon,axe,C,Axe variant C (right-hand weapon mesh),,
Orc,cavalry-character,Orcs/models/ORC_Cavalry_Customizable.FBX,mesh_part,ORC_weapon_Sword_B,Equipment,Weapon,sword,B,Sword variant B (right-hand weapon mesh),,
Orc,cavalry-character,Orcs/models/ORC_Cavalry_Customizable.FBX,mesh_part,ORC_weapon_Axe_A,Equipment,Weapon,axe,A,Axe variant A (right-hand weapon mesh),,
Orc,cavalry-character,Orcs/models/ORC_Cavalry_Customizable.FBX,mesh_part,ORC_weapon_Mace_A,Equipment,Weapon,mace,A,Mace variant A (right-hand weapon mesh),,
Orc,cavalry-character,Orcs/models/ORC_Cavalry_Customizable.FBX,mesh_part,ORC_weapon_Axe_B,Equipment,Weapon,axe,B,Axe variant B (right-hand weapon mesh),,
Orc,cavalry-character,Orcs/models/ORC_Cavalry_Customizable.FBX,mesh_part,ORC_weapon_Sword_A,Equipment,Weapon,sword,A,Sword variant A (right-hand weapon mesh),,
Orc,cavalry-character,Orcs/models/ORC_Cavalry_Customizable.FBX,mesh_part,ORC_Xtra_quiver,Accessory,Extra,quiver,,Arrow quiver (back),,
Orc,cavalry-character,Orcs/models/ORC_Cavalry_Customizable.FBX,mesh_part,ORC_Units_Body_A,Body,Body / Torso,,A,Body / Torso variant A (swappable body mesh),,
Orc,cavalry-character,Orcs/models/ORC_Cavalry_Customizable.FBX,mesh_part,ORC_Units_Body_C,Body,Body / Torso,,C,Body / Torso variant C (swappable body mesh),,
Orc,cavalry-character,Orcs/models/ORC_Cavalry_Customizable.FBX,mesh_part,ORC_Units_Body_B,Body,Body / Torso,,B,Body / Torso variant B (swappable body mesh),,
Orc,cavalry-character,Orcs/models/ORC_Cavalry_Customizable.FBX,mesh_part,ORC_Units_Body_F,Body,Body / Torso,,F,Body / Torso variant F (swappable body mesh),,
Orc,cavalry-character,Orcs/models/ORC_Cavalry_Customizable.FBX,mesh_part,ORC_Units_Head_A,Body,Head,,A,Head variant A (swappable body mesh),,
Orc,cavalry-character,Orcs/models/ORC_Cavalry_Customizable.FBX,mesh_part,ORC_Units_Body_E,Body,Body / Torso,,E,Body / Torso variant E (swappable body mesh),,
Orc,cavalry-character,Orcs/models/ORC_Cavalry_Customizable.FBX,mesh_part,ORC_Units_Shoulderpads_C,Body,Shoulders,,C,Shoulders variant C (swappable body mesh),,
Orc,cavalry-character,Orcs/models/ORC_Cavalry_Customizable.FBX,mesh_part,ORC_Units_Head_H,Body,Head,,H,Head variant H (swappable body mesh),,
Orc,cavalry-character,Orcs/models/ORC_Cavalry_Customizable.FBX,mesh_part,ORC_Units_Shoulderpads_B,Body,Shoulders,,B,Shoulders variant B (swappable body mesh),,
Orc,cavalry-character,Orcs/models/ORC_Cavalry_Customizable.FBX,mesh_part,ORC_Units_Arms_C,Body,Arms,,C,Arms variant C (swappable body mesh),,
Orc,cavalry-character,Orcs/models/ORC_Cavalry_Customizable.FBX,mesh_part,ORC_Units_Legs_D,Body,Legs,,D,Legs variant D (swappable body mesh),,
Orc,cavalry-character,Orcs/models/ORC_Cavalry_Customizable.FBX,mesh_part,ORC_Units_Legs_B,Body,Legs,,B,Legs variant B (swappable body mesh),,
Orc,cavalry-character,Orcs/models/ORC_Cavalry_Customizable.FBX,mesh_part,ORC_Units_Arms_A,Body,Arms,,A,Arms variant A (swappable body mesh),,
Orc,cavalry-character,Orcs/models/ORC_Cavalry_Customizable.FBX,mesh_part,ORC_Units_Legs_C,Body,Legs,,C,Legs variant C (swappable body mesh),,
Orc,cavalry-character,Orcs/models/ORC_Cavalry_Customizable.FBX,mesh_part,ORC_Units_Arms_B,Body,Arms,,B,Arms variant B (swappable body mesh),,
Orc,cavalry-character,Orcs/models/ORC_Cavalry_Customizable.FBX,mesh_part,ORC_Units_Head_B,Body,Head,,B,Head variant B (swappable body mesh),,
Orc,cavalry-character,Orcs/models/ORC_Cavalry_Customizable.FBX,mesh_part,ORC_Units_Head_C,Body,Head,,C,Head variant C (swappable body mesh),,
Orc,cavalry-character,Orcs/models/ORC_Cavalry_Customizable.FBX,mesh_part,ORC_Units_Head_F,Body,Head,,F,Head variant F (swappable body mesh),,
Orc,cavalry-character,Orcs/models/ORC_Cavalry_Customizable.FBX,mesh_part,ORC_Units_Head_G,Body,Head,,G,Head variant G (swappable body mesh),,
Orc,cavalry-character,Orcs/models/ORC_Cavalry_Customizable.FBX,mesh_part,ORC_Units_Body_D,Body,Body / Torso,,D,Body / Torso variant D (swappable body mesh),,
Orc,cavalry-character,Orcs/models/ORC_Cavalry_Customizable.FBX,mesh_part,ORC_Units_Head_D,Body,Head,,D,Head variant D (swappable body mesh),,
Orc,cavalry-character,Orcs/models/ORC_Cavalry_Customizable.FBX,mesh_part,ORC_Units_Head_E,Body,Head,,E,Head variant E (swappable body mesh),,
Orc,cavalry-character,Orcs/models/ORC_Cavalry_Customizable.FBX,mesh_part,ORC_Units_Shoulderpads_F,Body,Shoulders,,F,Shoulders variant F (swappable body mesh),,
Orc,cavalry-character,Orcs/models/ORC_Cavalry_Customizable.FBX,mesh_part,ORC_Units_Shoulderpads_E,Body,Shoulders,,E,Shoulders variant E (swappable body mesh),,
Orc,cavalry-character,Orcs/models/ORC_Cavalry_Customizable.FBX,mesh_part,ORC_Units_Shoulderpads_D,Body,Shoulders,,D,Shoulders variant D (swappable body mesh),,
Orc,cavalry-character,Orcs/models/ORC_Cavalry_Customizable.FBX,mesh_part,ORC_Units_Shoulderpads_A,Body,Shoulders,,A,Shoulders variant A (swappable body mesh),,
Orc,cavalry-character,Orcs/models/ORC_Cavalry_Customizable.FBX,mesh_part,ORC_Units_Legs_A,Body,Legs,,A,Legs variant A (swappable body mesh),,
Orc,cavalry-character,Orcs/models/ORC_Cavalry_Customizable.FBX,mesh_part,ORC_Units_Body_G,Body,Body / Torso,,G,Body / Torso variant G (swappable body mesh),,
Orc,cavalry-character,Orcs/models/ORC_Cavalry_Customizable.FBX,geometry,(unnamed),geometry,,,,(unnamed),200,896
Orc,cavalry-character,Orcs/models/ORC_Cavalry_Customizable.FBX,geometry,(unnamed),geometry,,,,(unnamed),23,114
Orc,cavalry-character,Orcs/models/ORC_Cavalry_Customizable.FBX,geometry,(unnamed),geometry,,,,(unnamed),21,84
Orc,cavalry-character,Orcs/models/ORC_Cavalry_Customizable.FBX,geometry,(unnamed),geometry,,,,(unnamed),140,424
Orc,cavalry-character,Orcs/models/ORC_Cavalry_Customizable.FBX,geometry,(unnamed),geometry,,,,(unnamed),80,278
Orc,cavalry-character,Orcs/models/ORC_Cavalry_Customizable.FBX,geometry,(unnamed),geometry,,,,(unnamed),17,86
Orc,cavalry-character,Orcs/models/ORC_Cavalry_Customizable.FBX,geometry,(unnamed),geometry,,,,(unnamed),17,86
Orc,cavalry-character,Orcs/models/ORC_Cavalry_Customizable.FBX,geometry,(unnamed),geometry,,,,(unnamed),17,58
Orc,cavalry-character,Orcs/models/ORC_Cavalry_Customizable.FBX,geometry,(unnamed),geometry,,,,(unnamed),37,126
Orc,cavalry-character,Orcs/models/ORC_Cavalry_Customizable.FBX,geometry,(unnamed),geometry,,,,(unnamed),21,86
Orc,cavalry-character,Orcs/models/ORC_Cavalry_Customizable.FBX,geometry,(unnamed),geometry,,,,(unnamed),18,56
Orc,cavalry-character,Orcs/models/ORC_Cavalry_Customizable.FBX,geometry,(unnamed),geometry,,,,(unnamed),15,52
Orc,cavalry-character,Orcs/models/ORC_Cavalry_Customizable.FBX,geometry,(unnamed),geometry,,,,(unnamed),24,104
Orc,cavalry-character,Orcs/models/ORC_Cavalry_Customizable.FBX,geometry,(unnamed),geometry,,,,(unnamed),30,118
Orc,cavalry-character,Orcs/models/ORC_Cavalry_Customizable.FBX,geometry,(unnamed),geometry,,,,(unnamed),15,70
Orc,cavalry-character,Orcs/models/ORC_Cavalry_Customizable.FBX,geometry,(unnamed),geometry,,,,(unnamed),50,238
Orc,cavalry-character,Orcs/models/ORC_Cavalry_Customizable.FBX,geometry,(unnamed),geometry,,,,(unnamed),22,84
Orc,cavalry-character,Orcs/models/ORC_Cavalry_Customizable.FBX,geometry,(unnamed),geometry,,,,(unnamed),23,100
Orc,cavalry-character,Orcs/models/ORC_Cavalry_Customizable.FBX,geometry,(unnamed),geometry,,,,(unnamed),56,129
Orc,cavalry-character,Orcs/models/ORC_Cavalry_Customizable.FBX,geometry,(unnamed),geometry,,,,(unnamed),90,380
Orc,cavalry-character,Orcs/models/ORC_Cavalry_Customizable.FBX,geometry,(unnamed),geometry,,,,(unnamed),90,380
Orc,cavalry-character,Orcs/models/ORC_Cavalry_Customizable.FBX,geometry,(unnamed),geometry,,,,(unnamed),90,380
Orc,cavalry-character,Orcs/models/ORC_Cavalry_Customizable.FBX,geometry,(unnamed),geometry,,,,(unnamed),119,516
Orc,cavalry-character,Orcs/models/ORC_Cavalry_Customizable.FBX,geometry,(unnamed),geometry,,,,(unnamed),49,226
Orc,cavalry-character,Orcs/models/ORC_Cavalry_Customizable.FBX,geometry,(unnamed),geometry,,,,(unnamed),90,380
Orc,cavalry-character,Orcs/models/ORC_Cavalry_Customizable.FBX,geometry,(unnamed),geometry,,,,(unnamed),34,148
Orc,cavalry-character,Orcs/models/ORC_Cavalry_Customizable.FBX,geometry,(unnamed),geometry,,,,(unnamed),59,238
Orc,cavalry-character,Orcs/models/ORC_Cavalry_Customizable.FBX,geometry,(unnamed),geometry,,,,(unnamed),34,148
Orc,cavalry-character,Orcs/models/ORC_Cavalry_Customizable.FBX,geometry,(unnamed),geometry,,,,(unnamed),26,112
Orc,cavalry-character,Orcs/models/ORC_Cavalry_Customizable.FBX,geometry,(unnamed),geometry,,,,(unnamed),34,144
Orc,cavalry-character,Orcs/models/ORC_Cavalry_Customizable.FBX,geometry,(unnamed),geometry,,,,(unnamed),34,144
Orc,cavalry-character,Orcs/models/ORC_Cavalry_Customizable.FBX,geometry,(unnamed),geometry,,,,(unnamed),26,112
Orc,cavalry-character,Orcs/models/ORC_Cavalry_Customizable.FBX,geometry,(unnamed),geometry,,,,(unnamed),34,144
Orc,cavalry-character,Orcs/models/ORC_Cavalry_Customizable.FBX,geometry,(unnamed),geometry,,,,(unnamed),26,112
Orc,cavalry-character,Orcs/models/ORC_Cavalry_Customizable.FBX,geometry,(unnamed),geometry,,,,(unnamed),113,352
Orc,cavalry-character,Orcs/models/ORC_Cavalry_Customizable.FBX,geometry,(unnamed),geometry,,,,(unnamed),55,250
Orc,cavalry-character,Orcs/models/ORC_Cavalry_Customizable.FBX,geometry,(unnamed),geometry,,,,(unnamed),143,456
Orc,cavalry-character,Orcs/models/ORC_Cavalry_Customizable.FBX,geometry,(unnamed),geometry,,,,(unnamed),61,242
Orc,cavalry-character,Orcs/models/ORC_Cavalry_Customizable.FBX,geometry,(unnamed),geometry,,,,(unnamed),90,380
Orc,cavalry-character,Orcs/models/ORC_Cavalry_Customizable.FBX,geometry,(unnamed),geometry,,,,(unnamed),67,282
Orc,cavalry-character,Orcs/models/ORC_Cavalry_Customizable.FBX,geometry,(unnamed),geometry,,,,(unnamed),113,352
Orc,cavalry-character,Orcs/models/ORC_Cavalry_Customizable.FBX,geometry,(unnamed),geometry,,,,(unnamed),88,316
Orc,cavalry-character,Orcs/models/ORC_Cavalry_Customizable.FBX,geometry,(unnamed),geometry,,,,(unnamed),70,256
Orc,cavalry-character,Orcs/models/ORC_Cavalry_Customizable.FBX,geometry,(unnamed),geometry,,,,(unnamed),44,158
Orc,cavalry-character,Orcs/models/ORC_Cavalry_Customizable.FBX,geometry,(unnamed),geometry,,,,(unnamed),17,74
Orc,cavalry-character,Orcs/models/ORC_Cavalry_Customizable.FBX,geometry,(unnamed),geometry,,,,(unnamed),34,144
Orc,cavalry-character,Orcs/models/ORC_Cavalry_Customizable.FBX,geometry,(unnamed),geometry,,,,(unnamed),119,516
Orc,cavalry-character,Orcs/models/ORC_Cavalry_Customizable.FBX,bone,Bip001 Pelvis,Skeleton,Bone,,,Skeleton bone (Bip001 Pelvis),,
Orc,cavalry-character,Orcs/models/ORC_Cavalry_Customizable.FBX,bone,Bip001 Spine,Skeleton,Bone,,,Skeleton bone (Bip001 Spine),,
Orc,cavalry-character,Orcs/models/ORC_Cavalry_Customizable.FBX,bone,Bip001 L Clavicle,Skeleton,Bone,,,Skeleton bone (Bip001 L Clavicle),,
Orc,cavalry-character,Orcs/models/ORC_Cavalry_Customizable.FBX,bone,Bip001 L UpperArm,Skeleton,Bone,,,Skeleton bone (Bip001 L UpperArm),,
Orc,cavalry-character,Orcs/models/ORC_Cavalry_Customizable.FBX,bone,Bip001 L Forearm,Skeleton,Bone,,,Skeleton bone (Bip001 L Forearm),,
Orc,cavalry-character,Orcs/models/ORC_Cavalry_Customizable.FBX,bone,Bip001 L Hand,Skeleton,Bone,,,Skeleton bone (Bip001 L Hand),,
Orc,cavalry-character,Orcs/models/ORC_Cavalry_Customizable.FBX,bone,Bip001 R Clavicle,Skeleton,Bone,,,Skeleton bone (Bip001 R Clavicle),,
Orc,cavalry-character,Orcs/models/ORC_Cavalry_Customizable.FBX,bone,Bip001 R UpperArm,Skeleton,Bone,,,Skeleton bone (Bip001 R UpperArm),,
Orc,cavalry-character,Orcs/models/ORC_Cavalry_Customizable.FBX,bone,Bip001 R Forearm,Skeleton,Bone,,,Skeleton bone (Bip001 R Forearm),,
Orc,cavalry-character,Orcs/models/ORC_Cavalry_Customizable.FBX,bone,Bip001 R Hand,Skeleton,Bone,,,Skeleton bone (Bip001 R Hand),,
Orc,cavalry-character,Orcs/models/ORC_Cavalry_Customizable.FBX,bone,Bip001 Neck,Skeleton,Bone,,,Skeleton bone (Bip001 Neck),,
Orc,cavalry-character,Orcs/models/ORC_Cavalry_Customizable.FBX,bone,Bip001 Head,Skeleton,Bone,,,Skeleton bone (Bip001 Head),,
Orc,cavalry-character,Orcs/models/ORC_Cavalry_Customizable.FBX,bone,Bip001 HeadNub,Skeleton,Bone,,,Skeleton bone (Bip001 HeadNub),,
Orc,cavalry-character,Orcs/models/ORC_Cavalry_Customizable.FBX,bone,Bone_Mount,Skeleton,Bone,,,Skeleton bone (Bone_Mount),,
Orc,cavalry-character,Orcs/models/ORC_Cavalry_Customizable.FBX,bone,Bip001 Pelvis001,Skeleton,Bone,,,Skeleton bone (Bip001 Pelvis001),,
Orc,cavalry-character,Orcs/models/ORC_Cavalry_Customizable.FBX,bone,Bip001 Spine001,Skeleton,Bone,,,Skeleton bone (Bip001 Spine001),,
Orc,cavalry-character,Orcs/models/ORC_Cavalry_Customizable.FBX,bone,Bip001 Neck001,Skeleton,Bone,,,Skeleton bone (Bip001 Neck001),,
Orc,cavalry-character,Orcs/models/ORC_Cavalry_Customizable.FBX,bone,Bip001 Head001,Skeleton,Bone,,,Skeleton bone (Bip001 Head001),,
Orc,cavalry-character,Orcs/models/ORC_Cavalry_Customizable.FBX,bone,Bip001 HeadNub001,Skeleton,Bone,,,Skeleton bone (Bip001 HeadNub001),,
Orc,cavalry-character,Orcs/models/ORC_Cavalry_Customizable.FBX,bone,Bip001 L Clavicle001,Skeleton,Bone,,,Skeleton bone (Bip001 L Clavicle001),,
Orc,cavalry-character,Orcs/models/ORC_Cavalry_Customizable.FBX,bone,Bip001 L UpperArm001,Skeleton,Bone,,,Skeleton bone (Bip001 L UpperArm001),,
Orc,cavalry-character,Orcs/models/ORC_Cavalry_Customizable.FBX,bone,Bip001 L Forearm001,Skeleton,Bone,,,Skeleton bone (Bip001 L Forearm001),,
Orc,cavalry-character,Orcs/models/ORC_Cavalry_Customizable.FBX,bone,Bip001 L Hand001,Skeleton,Bone,,,Skeleton bone (Bip001 L Hand001),,
Orc,cavalry-character,Orcs/models/ORC_Cavalry_Customizable.FBX,bone,L_hand_container,Skeleton,Bone,,,Skeleton bone (L_hand_container),,
Orc,cavalry-character,Orcs/models/ORC_Cavalry_Customizable.FBX,bone,L_shield_container,Skeleton,Bone,,,Skeleton bone (L_shield_container),,
Orc,cavalry-character,Orcs/models/ORC_Cavalry_Customizable.FBX,bone,Bip001 R Clavicle001,Skeleton,Bone,,,Skeleton bone (Bip001 R Clavicle001),,
Orc,cavalry-character,Orcs/models/ORC_Cavalry_Customizable.FBX,bone,Bip001 R UpperArm001,Skeleton,Bone,,,Skeleton bone (Bip001 R UpperArm001),,
Orc,cavalry-character,Orcs/models/ORC_Cavalry_Customizable.FBX,bone,Bip001 R Forearm001,Skeleton,Bone,,,Skeleton bone (Bip001 R Forearm001),,
Orc,cavalry-character,Orcs/models/ORC_Cavalry_Customizable.FBX,bone,Bip001 R Hand001,Skeleton,Bone,,,Skeleton bone (Bip001 R Hand001),,
Orc,cavalry-character,Orcs/models/ORC_Cavalry_Customizable.FBX,bone,R_hand_container,Skeleton,Bone,,,Skeleton bone (R_hand_container),,
Orc,cavalry-character,Orcs/models/ORC_Cavalry_Customizable.FBX,bone,Bone_wood,Skeleton,Bone,,,Skeleton bone (Bone_wood),,
Orc,cavalry-character,Orcs/models/ORC_Cavalry_Customizable.FBX,bone,Bone_bag,Skeleton,Bone,,,Skeleton bone (Bone_bag),,
Orc,cavalry-character,Orcs/models/ORC_Cavalry_Customizable.FBX,bone,Quiver_container,Skeleton,Bone,,,Skeleton bone (Quiver_container),,
Orc,cavalry-character,Orcs/models/ORC_Cavalry_Customizable.FBX,bone,Bip001 L Thigh001,Skeleton,Bone,,,Skeleton bone (Bip001 L Thigh001),,
Orc,cavalry-character,Orcs/models/ORC_Cavalry_Customizable.FBX,bone,Bip001 L Calf001,Skeleton,Bone,,,Skeleton bone (Bip001 L Calf001),,
Orc,cavalry-character,Orcs/models/ORC_Cavalry_Customizable.FBX,bone,Bip001 L Foot001,Skeleton,Bone,,,Skeleton bone (Bip001 L Foot001),,
Orc,cavalry-character,Orcs/models/ORC_Cavalry_Customizable.FBX,bone,Bip001 L Toe001,Skeleton,Bone,,,Skeleton bone (Bip001 L Toe001),,
Orc,cavalry-character,Orcs/models/ORC_Cavalry_Customizable.FBX,bone,Bip001 L Toe0Nub001,Skeleton,Bone,,,Skeleton bone (Bip001 L Toe0Nub001),,
Orc,cavalry-character,Orcs/models/ORC_Cavalry_Customizable.FBX,bone,Bip001 R Thigh001,Skeleton,Bone,,,Skeleton bone (Bip001 R Thigh001),,
Orc,cavalry-character,Orcs/models/ORC_Cavalry_Customizable.FBX,bone,Bip001 R Calf001,Skeleton,Bone,,,Skeleton bone (Bip001 R Calf001),,
Orc,cavalry-character,Orcs/models/ORC_Cavalry_Customizable.FBX,bone,Bip001 R Foot001,Skeleton,Bone,,,Skeleton bone (Bip001 R Foot001),,
Orc,cavalry-character,Orcs/models/ORC_Cavalry_Customizable.FBX,bone,Bip001 R Toe001,Skeleton,Bone,,,Skeleton bone (Bip001 R Toe001),,
Orc,cavalry-character,Orcs/models/ORC_Cavalry_Customizable.FBX,bone,Bip001 R Toe0Nub001,Skeleton,Bone,,,Skeleton bone (Bip001 R Toe0Nub001),,
Orc,cavalry-character,Orcs/models/ORC_Cavalry_Customizable.FBX,bone,Bip001 L Thigh,Skeleton,Bone,,,Skeleton bone (Bip001 L Thigh),,
Orc,cavalry-character,Orcs/models/ORC_Cavalry_Customizable.FBX,bone,Bip001 L Calf,Skeleton,Bone,,,Skeleton bone (Bip001 L Calf),,
Orc,cavalry-character,Orcs/models/ORC_Cavalry_Customizable.FBX,bone,Bip001 L Foot,Skeleton,Bone,,,Skeleton bone (Bip001 L Foot),,
Orc,cavalry-character,Orcs/models/ORC_Cavalry_Customizable.FBX,bone,Bip001 L Toe0,Skeleton,Bone,,,Skeleton bone (Bip001 L Toe0),,
Orc,cavalry-character,Orcs/models/ORC_Cavalry_Customizable.FBX,bone,Bip001 L Toe0Nub,Skeleton,Bone,,,Skeleton bone (Bip001 L Toe0Nub),,
Orc,cavalry-character,Orcs/models/ORC_Cavalry_Customizable.FBX,bone,Bip001 R Thigh,Skeleton,Bone,,,Skeleton bone (Bip001 R Thigh),,
Orc,cavalry-character,Orcs/models/ORC_Cavalry_Customizable.FBX,bone,Bip001 R Calf,Skeleton,Bone,,,Skeleton bone (Bip001 R Calf),,
Orc,cavalry-character,Orcs/models/ORC_Cavalry_Customizable.FBX,bone,Bip001 R Foot,Skeleton,Bone,,,Skeleton bone (Bip001 R Foot),,
Orc,cavalry-character,Orcs/models/ORC_Cavalry_Customizable.FBX,bone,Bip001 R Toe0,Skeleton,Bone,,,Skeleton bone (Bip001 R Toe0),,
Orc,cavalry-character,Orcs/models/ORC_Cavalry_Customizable.FBX,bone,Bip001 R Toe0Nub,Skeleton,Bone,,,Skeleton bone (Bip001 R Toe0Nub),,
Orc,cavalry-character,Orcs/models/ORC_Cavalry_Customizable.FBX,bone,Bip001 Tail,Skeleton,Bone,,,Skeleton bone (Bip001 Tail),,
Orc,cavalry-character,Orcs/models/ORC_Cavalry_Customizable.FBX,bone,Bip001 Tail1,Skeleton,Bone,,,Skeleton bone (Bip001 Tail1),,
Orc,cavalry-character,Orcs/models/ORC_Cavalry_Customizable.FBX,bone,Bip001 TailNub,Skeleton,Bone,,,Skeleton bone (Bip001 TailNub),,
Orc,cavalry-character,Orcs/models/ORC_Cavalry_Customizable.FBX,null,Bip001 Footsteps,Rig,Helper,,,Null helper / rig node (Bip001 Footsteps),,
Orc,cavalry-character,Orcs/models/ORC_Cavalry_Customizable.FBX,null,Bip001 Footsteps001,Rig,Helper,,,Null helper / rig node (Bip001 Footsteps001),,
Orc,cavalry-character,Orcs/models/ORC_Cavalry_Customizable.FBX,material,Wolf_A,material,,,,Wolf_A,,
Orc,cavalry-character,Orcs/models/ORC_Cavalry_Customizable.FBX,material,Orc_Standard_Units,material,,,,Orc_Standard_Units,,
Orc,cavalry-character,Orcs/models/ORC_Cavalry_Customizable.FBX,texture,Map #19,texture,,,,Map #19,,
Orc,cavalry-character,Orcs/models/ORC_Cavalry_Customizable.FBX,texture,Map #11,texture,,,,Map #11,,
Orc,cavalry-character,Orcs/models/ORC_Cavalry_Customizable.FBX,anim_stack,Take 001,anim_stack,,,,Take 001,,
Orc,character,Orcs/models/ORC_Characters_Customizable.FBX,mesh_part,ORC_weapon_Bow,Equipment,Weapon,bow,,Bow (ranged) variant - (right-hand weapon mesh),,
Orc,character,Orcs/models/ORC_Characters_Customizable.FBX,mesh_part,ORC_weapon_staff_A,Equipment,Weapon,staff,A,Staff (caster) variant A (right-hand weapon mesh),,
Orc,character,Orcs/models/ORC_Characters_Customizable.FBX,mesh_part,ORC_weapon_staff_C,Equipment,Weapon,staff,C,Staff (caster) variant C (right-hand weapon mesh),,
Orc,character,Orcs/models/ORC_Characters_Customizable.FBX,mesh_part,ORC_weapon_staff_B,Equipment,Weapon,staff,B,Staff (caster) variant B (right-hand weapon mesh),,
Orc,character,Orcs/models/ORC_Characters_Customizable.FBX,mesh_part,ORC_Shield_A,Equipment,Shield,shield,A,Shield variant A (off-hand),,
Orc,character,Orcs/models/ORC_Characters_Customizable.FBX,mesh_part,ORC_Shield_C,Equipment,Shield,shield,C,Shield variant C (off-hand),,
Orc,character,Orcs/models/ORC_Characters_Customizable.FBX,mesh_part,ORC_Shield_B,Equipment,Shield,shield,B,Shield variant B (off-hand),,
Orc,character,Orcs/models/ORC_Characters_Customizable.FBX,mesh_part,ORC_Shield_D,Equipment,Shield,shield,D,Shield variant D (off-hand),,
Orc,character,Orcs/models/ORC_Characters_Customizable.FBX,mesh_part,ORC_weapon_spear,Equipment,Weapon,spear,,Spear variant - (right-hand weapon mesh),,
Orc,character,Orcs/models/ORC_Characters_Customizable.FBX,mesh_part,ORC_weapon_Hammer,Equipment,Weapon,hammer,,Hammer variant - (right-hand weapon mesh),,
Orc,character,Orcs/models/ORC_Characters_Customizable.FBX,mesh_part,ORC_weapon_Dagger,Equipment,Weapon,dagger,,Dagger variant - (right-hand weapon mesh),,
Orc,character,Orcs/models/ORC_Characters_Customizable.FBX,mesh_part,ORC_weapon_Axe_C,Equipment,Weapon,axe,C,Axe variant C (right-hand weapon mesh),,
Orc,character,Orcs/models/ORC_Characters_Customizable.FBX,mesh_part,ORC_weapon_Sword_B,Equipment,Weapon,sword,B,Sword variant B (right-hand weapon mesh),,
Orc,character,Orcs/models/ORC_Characters_Customizable.FBX,mesh_part,ORC_weapon_Axe_A,Equipment,Weapon,axe,A,Axe variant A (right-hand weapon mesh),,
Orc,character,Orcs/models/ORC_Characters_Customizable.FBX,mesh_part,ORC_weapon_Mace_A,Equipment,Weapon,mace,A,Mace variant A (right-hand weapon mesh),,
Orc,character,Orcs/models/ORC_Characters_Customizable.FBX,mesh_part,ORC_weapon_Axe_B,Equipment,Weapon,axe,B,Axe variant B (right-hand weapon mesh),,
Orc,character,Orcs/models/ORC_Characters_Customizable.FBX,mesh_part,ORC_weapon_Sword_A,Equipment,Weapon,sword,A,Sword variant A (right-hand weapon mesh),,
Orc,character,Orcs/models/ORC_Characters_Customizable.FBX,mesh_part,ORC_Xtra_quiver,Accessory,Extra,quiver,,Arrow quiver (back),,
Orc,character,Orcs/models/ORC_Characters_Customizable.FBX,mesh_part,ORC_Units_Body_A,Body,Body / Torso,,A,Body / Torso variant A (swappable body mesh),,
Orc,character,Orcs/models/ORC_Characters_Customizable.FBX,mesh_part,ORC_Units_Body_C,Body,Body / Torso,,C,Body / Torso variant C (swappable body mesh),,
Orc,character,Orcs/models/ORC_Characters_Customizable.FBX,mesh_part,ORC_Xtra_Wood,Accessory,Extra,wood,,Wood/log carry prop,,
Orc,character,Orcs/models/ORC_Characters_Customizable.FBX,mesh_part,ORC_Xtra_Bag,Accessory,Extra,bag,,Belt bag / pouch,,
Orc,character,Orcs/models/ORC_Characters_Customizable.FBX,mesh_part,ORC_Units_Body_B,Body,Body / Torso,,B,Body / Torso variant B (swappable body mesh),,
Orc,character,Orcs/models/ORC_Characters_Customizable.FBX,mesh_part,ORC_Units_Body_F,Body,Body / Torso,,F,Body / Torso variant F (swappable body mesh),,
Orc,character,Orcs/models/ORC_Characters_Customizable.FBX,mesh_part,ORC_Units_Head_A,Body,Head,,A,Head variant A (swappable body mesh),,
Orc,character,Orcs/models/ORC_Characters_Customizable.FBX,mesh_part,ORC_Units_Body_E,Body,Body / Torso,,E,Body / Torso variant E (swappable body mesh),,
Orc,character,Orcs/models/ORC_Characters_Customizable.FBX,mesh_part,ORC_Units_Shoulderpads_C,Body,Shoulders,,C,Shoulders variant C (swappable body mesh),,
Orc,character,Orcs/models/ORC_Characters_Customizable.FBX,mesh_part,ORC_Units_Head_H,Body,Head,,H,Head variant H (swappable body mesh),,
Orc,character,Orcs/models/ORC_Characters_Customizable.FBX,mesh_part,ORC_Units_Shoulderpads_B,Body,Shoulders,,B,Shoulders variant B (swappable body mesh),,
Orc,character,Orcs/models/ORC_Characters_Customizable.FBX,mesh_part,ORC_Units_Arms_C,Body,Arms,,C,Arms variant C (swappable body mesh),,
Orc,character,Orcs/models/ORC_Characters_Customizable.FBX,mesh_part,ORC_Units_Legs_D,Body,Legs,,D,Legs variant D (swappable body mesh),,
Orc,character,Orcs/models/ORC_Characters_Customizable.FBX,mesh_part,ORC_Units_Legs_B,Body,Legs,,B,Legs variant B (swappable body mesh),,
Orc,character,Orcs/models/ORC_Characters_Customizable.FBX,mesh_part,ORC_Units_Arms_A,Body,Arms,,A,Arms variant A (swappable body mesh),,
Orc,character,Orcs/models/ORC_Characters_Customizable.FBX,mesh_part,ORC_Units_Legs_C,Body,Legs,,C,Legs variant C (swappable body mesh),,
Orc,character,Orcs/models/ORC_Characters_Customizable.FBX,mesh_part,ORC_Units_Arms_B,Body,Arms,,B,Arms variant B (swappable body mesh),,
Orc,character,Orcs/models/ORC_Characters_Customizable.FBX,mesh_part,ORC_Units_Head_B,Body,Head,,B,Head variant B (swappable body mesh),,
Orc,character,Orcs/models/ORC_Characters_Customizable.FBX,mesh_part,ORC_Units_Head_C,Body,Head,,C,Head variant C (swappable body mesh),,
Orc,character,Orcs/models/ORC_Characters_Customizable.FBX,mesh_part,ORC_Units_Head_F,Body,Head,,F,Head variant F (swappable body mesh),,
Orc,character,Orcs/models/ORC_Characters_Customizable.FBX,mesh_part,ORC_Units_Head_G,Body,Head,,G,Head variant G (swappable body mesh),,
Orc,character,Orcs/models/ORC_Characters_Customizable.FBX,mesh_part,ORC_Units_Body_D,Body,Body / Torso,,D,Body / Torso variant D (swappable body mesh),,
Orc,character,Orcs/models/ORC_Characters_Customizable.FBX,mesh_part,ORC_Units_Head_D,Body,Head,,D,Head variant D (swappable body mesh),,
Orc,character,Orcs/models/ORC_Characters_Customizable.FBX,mesh_part,ORC_Units_Head_E,Body,Head,,E,Head variant E (swappable body mesh),,
Orc,character,Orcs/models/ORC_Characters_Customizable.FBX,mesh_part,ORC_Units_Shoulderpads_F,Body,Shoulders,,F,Shoulders variant F (swappable body mesh),,
Orc,character,Orcs/models/ORC_Characters_Customizable.FBX,mesh_part,ORC_Units_Shoulderpads_E,Body,Shoulders,,E,Shoulders variant E (swappable body mesh),,
Orc,character,Orcs/models/ORC_Characters_Customizable.FBX,mesh_part,ORC_Units_Shoulderpads_D,Body,Shoulders,,D,Shoulders variant D (swappable body mesh),,
Orc,character,Orcs/models/ORC_Characters_Customizable.FBX,mesh_part,ORC_Units_Shoulderpads_A,Body,Shoulders,,A,Shoulders variant A (swappable body mesh),,
Orc,character,Orcs/models/ORC_Characters_Customizable.FBX,mesh_part,ORC_Units_Legs_A,Body,Legs,,A,Legs variant A (swappable body mesh),,
Orc,character,Orcs/models/ORC_Characters_Customizable.FBX,mesh_part,ORC_Units_Body_G,Body,Body / Torso,,G,Body / Torso variant G (swappable body mesh),,
Orc,character,Orcs/models/ORC_Characters_Customizable.FBX,geometry,(unnamed),geometry,,,,(unnamed),23,114
Orc,character,Orcs/models/ORC_Characters_Customizable.FBX,geometry,(unnamed),geometry,,,,(unnamed),21,84
Orc,character,Orcs/models/ORC_Characters_Customizable.FBX,geometry,(unnamed),geometry,,,,(unnamed),140,424
Orc,character,Orcs/models/ORC_Characters_Customizable.FBX,geometry,(unnamed),geometry,,,,(unnamed),80,278
Orc,character,Orcs/models/ORC_Characters_Customizable.FBX,geometry,(unnamed),geometry,,,,(unnamed),17,86
Orc,character,Orcs/models/ORC_Characters_Customizable.FBX,geometry,(unnamed),geometry,,,,(unnamed),17,86
Orc,character,Orcs/models/ORC_Characters_Customizable.FBX,geometry,(unnamed),geometry,,,,(unnamed),17,58
Orc,character,Orcs/models/ORC_Characters_Customizable.FBX,geometry,(unnamed),geometry,,,,(unnamed),37,126
Orc,character,Orcs/models/ORC_Characters_Customizable.FBX,geometry,(unnamed),geometry,,,,(unnamed),21,86
Orc,character,Orcs/models/ORC_Characters_Customizable.FBX,geometry,(unnamed),geometry,,,,(unnamed),18,56
Orc,character,Orcs/models/ORC_Characters_Customizable.FBX,geometry,(unnamed),geometry,,,,(unnamed),15,52
Orc,character,Orcs/models/ORC_Characters_Customizable.FBX,geometry,(unnamed),geometry,,,,(unnamed),24,104
Orc,character,Orcs/models/ORC_Characters_Customizable.FBX,geometry,(unnamed),geometry,,,,(unnamed),30,118
Orc,character,Orcs/models/ORC_Characters_Customizable.FBX,geometry,(unnamed),geometry,,,,(unnamed),15,70
Orc,character,Orcs/models/ORC_Characters_Customizable.FBX,geometry,(unnamed),geometry,,,,(unnamed),50,238
Orc,character,Orcs/models/ORC_Characters_Customizable.FBX,geometry,(unnamed),geometry,,,,(unnamed),22,84
Orc,character,Orcs/models/ORC_Characters_Customizable.FBX,geometry,(unnamed),geometry,,,,(unnamed),23,100
Orc,character,Orcs/models/ORC_Characters_Customizable.FBX,geometry,(unnamed),geometry,,,,(unnamed),56,129
Orc,character,Orcs/models/ORC_Characters_Customizable.FBX,geometry,(unnamed),geometry,,,,(unnamed),90,380
Orc,character,Orcs/models/ORC_Characters_Customizable.FBX,geometry,(unnamed),geometry,,,,(unnamed),90,380
Orc,character,Orcs/models/ORC_Characters_Customizable.FBX,geometry,(unnamed),geometry,,,,(unnamed),30,90
Orc,character,Orcs/models/ORC_Characters_Customizable.FBX,geometry,(unnamed),geometry,,,,(unnamed),33,162
Orc,character,Orcs/models/ORC_Characters_Customizable.FBX,geometry,(unnamed),geometry,,,,(unnamed),90,380
Orc,character,Orcs/models/ORC_Characters_Customizable.FBX,geometry,(unnamed),geometry,,,,(unnamed),119,516
Orc,character,Orcs/models/ORC_Characters_Customizable.FBX,geometry,(unnamed),geometry,,,,(unnamed),49,226
Orc,character,Orcs/models/ORC_Characters_Customizable.FBX,geometry,(unnamed),geometry,,,,(unnamed),90,380
Orc,character,Orcs/models/ORC_Characters_Customizable.FBX,geometry,(unnamed),geometry,,,,(unnamed),34,148
Orc,character,Orcs/models/ORC_Characters_Customizable.FBX,geometry,(unnamed),geometry,,,,(unnamed),59,238
Orc,character,Orcs/models/ORC_Characters_Customizable.FBX,geometry,(unnamed),geometry,,,,(unnamed),34,148
Orc,character,Orcs/models/ORC_Characters_Customizable.FBX,geometry,(unnamed),geometry,,,,(unnamed),26,112
Orc,character,Orcs/models/ORC_Characters_Customizable.FBX,geometry,(unnamed),geometry,,,,(unnamed),34,144
Orc,character,Orcs/models/ORC_Characters_Customizable.FBX,geometry,(unnamed),geometry,,,,(unnamed),34,144
Orc,character,Orcs/models/ORC_Characters_Customizable.FBX,geometry,(unnamed),geometry,,,,(unnamed),26,112
Orc,character,Orcs/models/ORC_Characters_Customizable.FBX,geometry,(unnamed),geometry,,,,(unnamed),34,144
Orc,character,Orcs/models/ORC_Characters_Customizable.FBX,geometry,(unnamed),geometry,,,,(unnamed),26,112
Orc,character,Orcs/models/ORC_Characters_Customizable.FBX,geometry,(unnamed),geometry,,,,(unnamed),113,352
Orc,character,Orcs/models/ORC_Characters_Customizable.FBX,geometry,(unnamed),geometry,,,,(unnamed),55,250
Orc,character,Orcs/models/ORC_Characters_Customizable.FBX,geometry,(unnamed),geometry,,,,(unnamed),143,456
Orc,character,Orcs/models/ORC_Characters_Customizable.FBX,geometry,(unnamed),geometry,,,,(unnamed),61,242
Orc,character,Orcs/models/ORC_Characters_Customizable.FBX,geometry,(unnamed),geometry,,,,(unnamed),90,380
Orc,character,Orcs/models/ORC_Characters_Customizable.FBX,geometry,(unnamed),geometry,,,,(unnamed),67,282
Orc,character,Orcs/models/ORC_Characters_Customizable.FBX,geometry,(unnamed),geometry,,,,(unnamed),113,352
Orc,character,Orcs/models/ORC_Characters_Customizable.FBX,geometry,(unnamed),geometry,,,,(unnamed),88,316
Orc,character,Orcs/models/ORC_Characters_Customizable.FBX,geometry,(unnamed),geometry,,,,(unnamed),70,256
Orc,character,Orcs/models/ORC_Characters_Customizable.FBX,geometry,(unnamed),geometry,,,,(unnamed),44,158
Orc,character,Orcs/models/ORC_Characters_Customizable.FBX,geometry,(unnamed),geometry,,,,(unnamed),17,74
Orc,character,Orcs/models/ORC_Characters_Customizable.FBX,geometry,(unnamed),geometry,,,,(unnamed),34,144
Orc,character,Orcs/models/ORC_Characters_Customizable.FBX,geometry,(unnamed),geometry,,,,(unnamed),119,516
Orc,character,Orcs/models/ORC_Characters_Customizable.FBX,bone,Bip001 Pelvis,Skeleton,Bone,,,Skeleton bone (Bip001 Pelvis),,
Orc,character,Orcs/models/ORC_Characters_Customizable.FBX,bone,Bip001 Spine,Skeleton,Bone,,,Skeleton bone (Bip001 Spine),,
Orc,character,Orcs/models/ORC_Characters_Customizable.FBX,bone,Bip001 Neck,Skeleton,Bone,,,Skeleton bone (Bip001 Neck),,
Orc,character,Orcs/models/ORC_Characters_Customizable.FBX,bone,Bip001 Head,Skeleton,Bone,,,Skeleton bone (Bip001 Head),,
Orc,character,Orcs/models/ORC_Characters_Customizable.FBX,bone,Bip001 HeadNub,Skeleton,Bone,,,Skeleton bone (Bip001 HeadNub),,
Orc,character,Orcs/models/ORC_Characters_Customizable.FBX,bone,Bip001 L Clavicle,Skeleton,Bone,,,Skeleton bone (Bip001 L Clavicle),,
Orc,character,Orcs/models/ORC_Characters_Customizable.FBX,bone,Bip001 L UpperArm,Skeleton,Bone,,,Skeleton bone (Bip001 L UpperArm),,
Orc,character,Orcs/models/ORC_Characters_Customizable.FBX,bone,Bip001 L Forearm,Skeleton,Bone,,,Skeleton bone (Bip001 L Forearm),,
Orc,character,Orcs/models/ORC_Characters_Customizable.FBX,bone,Bip001 L Hand,Skeleton,Bone,,,Skeleton bone (Bip001 L Hand),,
Orc,character,Orcs/models/ORC_Characters_Customizable.FBX,bone,L_hand_container,Skeleton,Bone,,,Skeleton bone (L_hand_container),,
Orc,character,Orcs/models/ORC_Characters_Customizable.FBX,bone,L_shield_container,Skeleton,Bone,,,Skeleton bone (L_shield_container),,
Orc,character,Orcs/models/ORC_Characters_Customizable.FBX,bone,Bip001 R Clavicle,Skeleton,Bone,,,Skeleton bone (Bip001 R Clavicle),,
Orc,character,Orcs/models/ORC_Characters_Customizable.FBX,bone,Bip001 R UpperArm,Skeleton,Bone,,,Skeleton bone (Bip001 R UpperArm),,
Orc,character,Orcs/models/ORC_Characters_Customizable.FBX,bone,Bip001 R Forearm,Skeleton,Bone,,,Skeleton bone (Bip001 R Forearm),,
Orc,character,Orcs/models/ORC_Characters_Customizable.FBX,bone,Bip001 R Hand,Skeleton,Bone,,,Skeleton bone (Bip001 R Hand),,
Orc,character,Orcs/models/ORC_Characters_Customizable.FBX,bone,R_hand_container,Skeleton,Bone,,,Skeleton bone (R_hand_container),,
Orc,character,Orcs/models/ORC_Characters_Customizable.FBX,bone,Bone_wood,Skeleton,Bone,,,Skeleton bone (Bone_wood),,
Orc,character,Orcs/models/ORC_Characters_Customizable.FBX,bone,Bone_bag,Skeleton,Bone,,,Skeleton bone (Bone_bag),,
Orc,character,Orcs/models/ORC_Characters_Customizable.FBX,bone,Quiver_container,Skeleton,Bone,,,Skeleton bone (Quiver_container),,
Orc,character,Orcs/models/ORC_Characters_Customizable.FBX,bone,Bip001 L Thigh,Skeleton,Bone,,,Skeleton bone (Bip001 L Thigh),,
Orc,character,Orcs/models/ORC_Characters_Customizable.FBX,bone,Bip001 L Calf,Skeleton,Bone,,,Skeleton bone (Bip001 L Calf),,
Orc,character,Orcs/models/ORC_Characters_Customizable.FBX,bone,Bip001 L Foot,Skeleton,Bone,,,Skeleton bone (Bip001 L Foot),,
Orc,character,Orcs/models/ORC_Characters_Customizable.FBX,bone,Bip001 L Toe0,Skeleton,Bone,,,Skeleton bone (Bip001 L Toe0),,
Orc,character,Orcs/models/ORC_Characters_Customizable.FBX,bone,Bip001 L Toe0Nub,Skeleton,Bone,,,Skeleton bone (Bip001 L Toe0Nub),,
Orc,character,Orcs/models/ORC_Characters_Customizable.FBX,bone,Bip001 R Thigh,Skeleton,Bone,,,Skeleton bone (Bip001 R Thigh),,
Orc,character,Orcs/models/ORC_Characters_Customizable.FBX,bone,Bip001 R Calf,Skeleton,Bone,,,Skeleton bone (Bip001 R Calf),,
Orc,character,Orcs/models/ORC_Characters_Customizable.FBX,bone,Bip001 R Foot,Skeleton,Bone,,,Skeleton bone (Bip001 R Foot),,
Orc,character,Orcs/models/ORC_Characters_Customizable.FBX,bone,Bip001 R Toe0,Skeleton,Bone,,,Skeleton bone (Bip001 R Toe0),,
Orc,character,Orcs/models/ORC_Characters_Customizable.FBX,bone,Bip001 R Toe0Nub,Skeleton,Bone,,,Skeleton bone (Bip001 R Toe0Nub),,
Orc,character,Orcs/models/ORC_Characters_Customizable.FBX,null,Bip001 Footsteps,Rig,Helper,,,Null helper / rig node (Bip001 Footsteps),,
Orc,character,Orcs/models/ORC_Characters_Customizable.FBX,material,Orc_Standard_Units,material,,,,Orc_Standard_Units,,
Orc,character,Orcs/models/ORC_Characters_Customizable.FBX,texture,Map #11,texture,,,,Map #11,,
Orc,character,Orcs/models/ORC_Characters_Customizable.FBX,anim_stack,Take 001,anim_stack,,,,Take 001,,
Orc,equipment,Orcs/models/extra_models/Equipment/ORC_Shield_D.FBX,mesh_part,ORC_Shield_D,Equipment,Shield,shield,D,Shield variant D (off-hand),,
Orc,equipment,Orcs/models/extra_models/Equipment/ORC_Shield_D.FBX,geometry,(unnamed),geometry,,,,(unnamed),37,126
Orc,equipment,Orcs/models/extra_models/Equipment/ORC_Shield_D.FBX,material,Orc_Standard_Units,material,,,,Orc_Standard_Units,,
Orc,equipment,Orcs/models/extra_models/Equipment/ORC_Shield_D.FBX,texture,Map #11,texture,,,,Map #11,,
Orc,equipment,Orcs/models/extra_models/Equipment/ORC_weapon_Axe_A.FBX,mesh_part,ORC_weapon_Axe_A,Equipment,Weapon,axe,A,Axe variant A (right-hand weapon mesh),,
Orc,equipment,Orcs/models/extra_models/Equipment/ORC_weapon_Axe_A.FBX,geometry,(unnamed),geometry,,,,(unnamed),15,70
Orc,equipment,Orcs/models/extra_models/Equipment/ORC_weapon_Axe_A.FBX,material,Orc_Standard_Units,material,,,,Orc_Standard_Units,,
Orc,equipment,Orcs/models/extra_models/Equipment/ORC_weapon_Axe_A.FBX,texture,Map #11,texture,,,,Map #11,,
Orc,equipment,Orcs/models/extra_models/Equipment/ORC_weapon_staff_B.FBX,mesh_part,ORC_weapon_staff_B,Equipment,Weapon,staff,B,Staff (caster) variant B (right-hand weapon mesh),,
Orc,equipment,Orcs/models/extra_models/Equipment/ORC_weapon_staff_B.FBX,geometry,(unnamed),geometry,,,,(unnamed),80,278
Orc,equipment,Orcs/models/extra_models/Equipment/ORC_weapon_staff_B.FBX,material,Orc_Standard_Units,material,,,,Orc_Standard_Units,,
Orc,equipment,Orcs/models/extra_models/Equipment/ORC_weapon_staff_B.FBX,texture,Map #11,texture,,,,Map #11,,
Undead,cavalry-character,Undead/models/UD_Cavalry_customizable.FBX,mesh_part,UD_Horse,Mount,Creature,horse,,Mount creature: horse,,
Undead,cavalry-character,Undead/models/UD_Cavalry_customizable.FBX,mesh_part,UD_weapon_staff_C,Equipment,Weapon,staff,C,Staff (caster) variant C (right-hand weapon mesh),,
Undead,cavalry-character,Undead/models/UD_Cavalry_customizable.FBX,mesh_part,UD_weapon_Bow,Equipment,Weapon,bow,,Bow (ranged) variant - (right-hand weapon mesh),,
Undead,cavalry-character,Undead/models/UD_Cavalry_customizable.FBX,mesh_part,UD_weapon_staff_D,Equipment,Weapon,staff,D,Staff (caster) variant D (right-hand weapon mesh),,
Undead,cavalry-character,Undead/models/UD_Cavalry_customizable.FBX,mesh_part,UD_weapon_staff_A,Equipment,Weapon,staff,A,Staff (caster) variant A (right-hand weapon mesh),,
Undead,cavalry-character,Undead/models/UD_Cavalry_customizable.FBX,mesh_part,UD_weapon_staff_B,Equipment,Weapon,staff,B,Staff (caster) variant B (right-hand weapon mesh),,
Undead,cavalry-character,Undead/models/UD_Cavalry_customizable.FBX,mesh_part,UD_Shield_A,Equipment,Shield,shield,A,Shield variant A (off-hand),,
Undead,cavalry-character,Undead/models/UD_Cavalry_customizable.FBX,mesh_part,UD_Shield_B,Equipment,Shield,shield,B,Shield variant B (off-hand),,
Undead,cavalry-character,Undead/models/UD_Cavalry_customizable.FBX,mesh_part,UD_Shield_C,Equipment,Shield,shield,C,Shield variant C (off-hand),,
Undead,cavalry-character,Undead/models/UD_Cavalry_customizable.FBX,mesh_part,UD_weapon_Hammer,Equipment,Weapon,hammer,,Hammer variant - (right-hand weapon mesh),,
Undead,cavalry-character,Undead/models/UD_Cavalry_customizable.FBX,mesh_part,UD_weapon_Axe_A,Equipment,Weapon,axe,A,Axe variant A (right-hand weapon mesh),,
Undead,cavalry-character,Undead/models/UD_Cavalry_customizable.FBX,mesh_part,UD_weapon_Axe_B,Equipment,Weapon,axe,B,Axe variant B (right-hand weapon mesh),,
Undead,cavalry-character,Undead/models/UD_Cavalry_customizable.FBX,mesh_part,UD_weapon_Spear,Equipment,Weapon,spear,,Spear variant - (right-hand weapon mesh),,
Undead,cavalry-character,Undead/models/UD_Cavalry_customizable.FBX,mesh_part,UD_weapon_Sword_A,Equipment,Weapon,sword,A,Sword variant A (right-hand weapon mesh),,
Undead,cavalry-character,Undead/models/UD_Cavalry_customizable.FBX,mesh_part,UD_weapon_Sword_B,Equipment,Weapon,sword,B,Sword variant B (right-hand weapon mesh),,
Undead,cavalry-character,Undead/models/UD_Cavalry_customizable.FBX,mesh_part,UD_weapon_Sword_C,Equipment,Weapon,sword,C,Sword variant C (right-hand weapon mesh),,
Undead,cavalry-character,Undead/models/UD_Cavalry_customizable.FBX,mesh_part,UD_weapon_lance,Equipment,Weapon,lance,,Lance (cavalry) variant - (right-hand weapon mesh),,
Undead,cavalry-character,Undead/models/UD_Cavalry_customizable.FBX,mesh_part,UD_Xtra_Quiver,Accessory,Extra,quiver,,Arrow quiver (back),,
Undead,cavalry-character,Undead/models/UD_Cavalry_customizable.FBX,mesh_part,UD_Units_body_G,Body,Body / Torso,,G,Body / Torso variant G (swappable body mesh),,
Undead,cavalry-character,Undead/models/UD_Cavalry_customizable.FBX,mesh_part,UD_Units_body_C,Body,Body / Torso,,C,Body / Torso variant C (swappable body mesh),,
Undead,cavalry-character,Undead/models/UD_Cavalry_customizable.FBX,mesh_part,UD_Units_body_F,Body,Body / Torso,,F,Body / Torso variant F (swappable body mesh),,
Undead,cavalry-character,Undead/models/UD_Cavalry_customizable.FBX,mesh_part,UD_Units_body_D,Body,Body / Torso,,D,Body / Torso variant D (swappable body mesh),,
Undead,cavalry-character,Undead/models/UD_Cavalry_customizable.FBX,mesh_part,UD_Units_shoulderpads_A,Body,Shoulders,,A,Shoulders variant A (swappable body mesh),,
Undead,cavalry-character,Undead/models/UD_Cavalry_customizable.FBX,mesh_part,UD_Units_body_A,Body,Body / Torso,,A,Body / Torso variant A (swappable body mesh),,
Undead,cavalry-character,Undead/models/UD_Cavalry_customizable.FBX,mesh_part,UD_Units_body_B,Body,Body / Torso,,B,Body / Torso variant B (swappable body mesh),,
Undead,cavalry-character,Undead/models/UD_Cavalry_customizable.FBX,mesh_part,UD_Units_head_D,Body,Head,,D,Head variant D (swappable body mesh),,
Undead,cavalry-character,Undead/models/UD_Cavalry_customizable.FBX,mesh_part,UD_Units_arms_D,Body,Arms,,D,Arms variant D (swappable body mesh),,
Undead,cavalry-character,Undead/models/UD_Cavalry_customizable.FBX,mesh_part,UD_Units_legs_D,Body,Legs,,D,Legs variant D (swappable body mesh),,
Undead,cavalry-character,Undead/models/UD_Cavalry_customizable.FBX,mesh_part,UD_Units_shoulderpads_B,Body,Shoulders,,B,Shoulders variant B (swappable body mesh),,
Undead,cavalry-character,Undead/models/UD_Cavalry_customizable.FBX,mesh_part,UD_Units_head_F,Body,Head,,F,Head variant F (swappable body mesh),,
Undead,cavalry-character,Undead/models/UD_Cavalry_customizable.FBX,mesh_part,UD_Units_arms_B,Body,Arms,,B,Arms variant B (swappable body mesh),,
Undead,cavalry-character,Undead/models/UD_Cavalry_customizable.FBX,mesh_part,UD_Units_legs_B,Body,Legs,,B,Legs variant B (swappable body mesh),,
Undead,cavalry-character,Undead/models/UD_Cavalry_customizable.FBX,mesh_part,UD_Units_head_L,Body,Head,,L,Head variant L (swappable body mesh),,
Undead,cavalry-character,Undead/models/UD_Cavalry_customizable.FBX,mesh_part,UD_Units_arms_E,Body,Arms,,E,Arms variant E (swappable body mesh),,
Undead,cavalry-character,Undead/models/UD_Cavalry_customizable.FBX,mesh_part,UD_Units_arms_C,Body,Arms,,C,Arms variant C (swappable body mesh),,
Undead,cavalry-character,Undead/models/UD_Cavalry_customizable.FBX,mesh_part,UD_Units_legs_C,Body,Legs,,C,Legs variant C (swappable body mesh),,
Undead,cavalry-character,Undead/models/UD_Cavalry_customizable.FBX,mesh_part,UD_Units_arms_A,Body,Arms,,A,Arms variant A (swappable body mesh),,
Undead,cavalry-character,Undead/models/UD_Cavalry_customizable.FBX,mesh_part,UD_Units_legs_A,Body,Legs,,A,Legs variant A (swappable body mesh),,
Undead,cavalry-character,Undead/models/UD_Cavalry_customizable.FBX,mesh_part,UD_Units_head_A,Body,Head,,A,Head variant A (swappable body mesh),,
Undead,cavalry-character,Undead/models/UD_Cavalry_customizable.FBX,mesh_part,UD_Units_head_B,Body,Head,,B,Head variant B (swappable body mesh),,
Undead,cavalry-character,Undead/models/UD_Cavalry_customizable.FBX,mesh_part,UD_Units_head_H,Body,Head,,H,Head variant H (swappable body mesh),,
Undead,cavalry-character,Undead/models/UD_Cavalry_customizable.FBX,mesh_part,UD_Units_head_I,Body,Head,,I,Head variant I (swappable body mesh),,
Undead,cavalry-character,Undead/models/UD_Cavalry_customizable.FBX,mesh_part,UD_Units_head_K,Body,Head,,K,Head variant K (swappable body mesh),,
Undead,cavalry-character,Undead/models/UD_Cavalry_customizable.FBX,mesh_part,UD_Units_head_C,Body,Head,,C,Head variant C (swappable body mesh),,
Undead,cavalry-character,Undead/models/UD_Cavalry_customizable.FBX,mesh_part,UD_Units_head_E,Body,Head,,E,Head variant E (swappable body mesh),,
Undead,cavalry-character,Undead/models/UD_Cavalry_customizable.FBX,mesh_part,UD_Units_body_E,Body,Body / Torso,,E,Body / Torso variant E (swappable body mesh),,
Undead,cavalry-character,Undead/models/UD_Cavalry_customizable.FBX,mesh_part,UD_Units_head_G,Body,Head,,G,Head variant G (swappable body mesh),,
Undead,cavalry-character,Undead/models/UD_Cavalry_customizable.FBX,mesh_part,UD_Units_head_M,Body,Head,,M,Head variant M (swappable body mesh),,
Undead,cavalry-character,Undead/models/UD_Cavalry_customizable.FBX,mesh_part,UD_Units_head_J,Body,Head,,J,Head variant J (swappable body mesh),,
Undead,cavalry-character,Undead/models/UD_Cavalry_customizable.FBX,mesh_part,UD_Units_shoulderpads_C,Body,Shoulders,,C,Shoulders variant C (swappable body mesh),,
Undead,cavalry-character,Undead/models/UD_Cavalry_customizable.FBX,geometry,(unnamed),geometry,,,,(unnamed),204,936
Undead,cavalry-character,Undead/models/UD_Cavalry_customizable.FBX,geometry,(unnamed),geometry,,,,(unnamed),25,106
Undead,cavalry-character,Undead/models/UD_Cavalry_customizable.FBX,geometry,(unnamed),geometry,,,,(unnamed),23,114
Undead,cavalry-character,Undead/models/UD_Cavalry_customizable.FBX,geometry,(unnamed),geometry,,,,(unnamed),75,298
Undead,cavalry-character,Undead/models/UD_Cavalry_customizable.FBX,geometry,(unnamed),geometry,,,,(unnamed),16,58
Undead,cavalry-character,Undead/models/UD_Cavalry_customizable.FBX,geometry,(unnamed),geometry,,,,(unnamed),106,308
Undead,cavalry-character,Undead/models/UD_Cavalry_customizable.FBX,geometry,(unnamed),geometry,,,,(unnamed),17,86
Undead,cavalry-character,Undead/models/UD_Cavalry_customizable.FBX,geometry,(unnamed),geometry,,,,(unnamed),20,72
Undead,cavalry-character,Undead/models/UD_Cavalry_customizable.FBX,geometry,(unnamed),geometry,,,,(unnamed),26,112
Undead,cavalry-character,Undead/models/UD_Cavalry_customizable.FBX,geometry,(unnamed),geometry,,,,(unnamed),18,56
Undead,cavalry-character,Undead/models/UD_Cavalry_customizable.FBX,geometry,(unnamed),geometry,,,,(unnamed),21,78
Undead,cavalry-character,Undead/models/UD_Cavalry_customizable.FBX,geometry,(unnamed),geometry,,,,(unnamed),32,140
Undead,cavalry-character,Undead/models/UD_Cavalry_customizable.FBX,geometry,(unnamed),geometry,,,,(unnamed),21,86
Undead,cavalry-character,Undead/models/UD_Cavalry_customizable.FBX,geometry,(unnamed),geometry,,,,(unnamed),12,48
Undead,cavalry-character,Undead/models/UD_Cavalry_customizable.FBX,geometry,(unnamed),geometry,,,,(unnamed),15,70
Undead,cavalry-character,Undead/models/UD_Cavalry_customizable.FBX,geometry,(unnamed),geometry,,,,(unnamed),28,104
Undead,cavalry-character,Undead/models/UD_Cavalry_customizable.FBX,geometry,(unnamed),geometry,,,,(unnamed),37,140
Undead,cavalry-character,Undead/models/UD_Cavalry_customizable.FBX,geometry,(unnamed),geometry,,,,(unnamed),56,129
Undead,cavalry-character,Undead/models/UD_Cavalry_customizable.FBX,geometry,(unnamed),geometry,,,,(unnamed),119,508
Undead,cavalry-character,Undead/models/UD_Cavalry_customizable.FBX,geometry,(unnamed),geometry,,,,(unnamed),86,354
Undead,cavalry-character,Undead/models/UD_Cavalry_customizable.FBX,geometry,(unnamed),geometry,,,,(unnamed),86,350
Undead,cavalry-character,Undead/models/UD_Cavalry_customizable.FBX,geometry,(unnamed),geometry,,,,(unnamed),84,346
Undead,cavalry-character,Undead/models/UD_Cavalry_customizable.FBX,geometry,(unnamed),geometry,,,,(unnamed),34,148
Undead,cavalry-character,Undead/models/UD_Cavalry_customizable.FBX,geometry,(unnamed),geometry,,,,(unnamed),77,316
Undead,cavalry-character,Undead/models/UD_Cavalry_customizable.FBX,geometry,(unnamed),geometry,,,,(unnamed),95,400
Undead,cavalry-character,Undead/models/UD_Cavalry_customizable.FBX,geometry,(unnamed),geometry,,,,(unnamed),73,318
Undead,cavalry-character,Undead/models/UD_Cavalry_customizable.FBX,geometry,(unnamed),geometry,,,,(unnamed),42,164
Undead,cavalry-character,Undead/models/UD_Cavalry_customizable.FBX,geometry,(unnamed),geometry,,,,(unnamed),34,140
Undead,cavalry-character,Undead/models/UD_Cavalry_customizable.FBX,geometry,(unnamed),geometry,,,,(unnamed),34,148
Undead,cavalry-character,Undead/models/UD_Cavalry_customizable.FBX,geometry,(unnamed),geometry,,,,(unnamed),38,156
Undead,cavalry-character,Undead/models/UD_Cavalry_customizable.FBX,geometry,(unnamed),geometry,,,,(unnamed),42,164
Undead,cavalry-character,Undead/models/UD_Cavalry_customizable.FBX,geometry,(unnamed),geometry,,,,(unnamed),50,192
Undead,cavalry-character,Undead/models/UD_Cavalry_customizable.FBX,geometry,(unnamed),geometry,,,,(unnamed),48,224
Undead,cavalry-character,Undead/models/UD_Cavalry_customizable.FBX,geometry,(unnamed),geometry,,,,(unnamed),42,168
Undead,cavalry-character,Undead/models/UD_Cavalry_customizable.FBX,geometry,(unnamed),geometry,,,,(unnamed),28,128
Undead,cavalry-character,Undead/models/UD_Cavalry_customizable.FBX,geometry,(unnamed),geometry,,,,(unnamed),46,194
Undead,cavalry-character,Undead/models/UD_Cavalry_customizable.FBX,geometry,(unnamed),geometry,,,,(unnamed),42,172
Undead,cavalry-character,Undead/models/UD_Cavalry_customizable.FBX,geometry,(unnamed),geometry,,,,(unnamed),40,156
Undead,cavalry-character,Undead/models/UD_Cavalry_customizable.FBX,geometry,(unnamed),geometry,,,,(unnamed),26,124
Undead,cavalry-character,Undead/models/UD_Cavalry_customizable.FBX,geometry,(unnamed),geometry,,,,(unnamed),43,182
Undead,cavalry-character,Undead/models/UD_Cavalry_customizable.FBX,geometry,(unnamed),geometry,,,,(unnamed),26,124
Undead,cavalry-character,Undead/models/UD_Cavalry_customizable.FBX,geometry,(unnamed),geometry,,,,(unnamed),44,182
Undead,cavalry-character,Undead/models/UD_Cavalry_customizable.FBX,geometry,(unnamed),geometry,,,,(unnamed),38,162
Undead,cavalry-character,Undead/models/UD_Cavalry_customizable.FBX,geometry,(unnamed),geometry,,,,(unnamed),45,210
Undead,cavalry-character,Undead/models/UD_Cavalry_customizable.FBX,geometry,(unnamed),geometry,,,,(unnamed),135,424
Undead,cavalry-character,Undead/models/UD_Cavalry_customizable.FBX,geometry,(unnamed),geometry,,,,(unnamed),84,338
Undead,cavalry-character,Undead/models/UD_Cavalry_customizable.FBX,geometry,(unnamed),geometry,,,,(unnamed),38,156
Undead,cavalry-character,Undead/models/UD_Cavalry_customizable.FBX,geometry,(unnamed),geometry,,,,(unnamed),74,312
Undead,cavalry-character,Undead/models/UD_Cavalry_customizable.FBX,geometry,(unnamed),geometry,,,,(unnamed),39,162
Undead,cavalry-character,Undead/models/UD_Cavalry_customizable.FBX,geometry,(unnamed),geometry,,,,(unnamed),34,148
Undead,cavalry-character,Undead/models/UD_Cavalry_customizable.FBX,bone,Bip001 Pelvis,Skeleton,Bone,,,Skeleton bone (Bip001 Pelvis),,
Undead,cavalry-character,Undead/models/UD_Cavalry_customizable.FBX,bone,Bip001 Spine,Skeleton,Bone,,,Skeleton bone (Bip001 Spine),,
Undead,cavalry-character,Undead/models/UD_Cavalry_customizable.FBX,bone,Bip001 Neck,Skeleton,Bone,,,Skeleton bone (Bip001 Neck),,
Undead,cavalry-character,Undead/models/UD_Cavalry_customizable.FBX,bone,Bip001 Head,Skeleton,Bone,,,Skeleton bone (Bip001 Head),,
Undead,cavalry-character,Undead/models/UD_Cavalry_customizable.FBX,bone,Bip001 HeadNub,Skeleton,Bone,,,Skeleton bone (Bip001 HeadNub),,
Undead,cavalry-character,Undead/models/UD_Cavalry_customizable.FBX,bone,Bip001 L Clavicle,Skeleton,Bone,,,Skeleton bone (Bip001 L Clavicle),,
Undead,cavalry-character,Undead/models/UD_Cavalry_customizable.FBX,bone,Bip001 L UpperArm,Skeleton,Bone,,,Skeleton bone (Bip001 L UpperArm),,
Undead,cavalry-character,Undead/models/UD_Cavalry_customizable.FBX,bone,Bip001 L Forearm,Skeleton,Bone,,,Skeleton bone (Bip001 L Forearm),,
Undead,cavalry-character,Undead/models/UD_Cavalry_customizable.FBX,bone,Bip001 L Hand,Skeleton,Bone,,,Skeleton bone (Bip001 L Hand),,
Undead,cavalry-character,Undead/models/UD_Cavalry_customizable.FBX,bone,Bip001 L Finger0,Skeleton,Bone,,,Skeleton bone (Bip001 L Finger0),,
Undead,cavalry-character,Undead/models/UD_Cavalry_customizable.FBX,bone,Bip001 L Finger0Nub,Skeleton,Bone,,,Skeleton bone (Bip001 L Finger0Nub),,
Undead,cavalry-character,Undead/models/UD_Cavalry_customizable.FBX,bone,Bip001 R Clavicle,Skeleton,Bone,,,Skeleton bone (Bip001 R Clavicle),,
Undead,cavalry-character,Undead/models/UD_Cavalry_customizable.FBX,bone,Bip001 R UpperArm,Skeleton,Bone,,,Skeleton bone (Bip001 R UpperArm),,
Undead,cavalry-character,Undead/models/UD_Cavalry_customizable.FBX,bone,Bip001 R Forearm,Skeleton,Bone,,,Skeleton bone (Bip001 R Forearm),,
Undead,cavalry-character,Undead/models/UD_Cavalry_customizable.FBX,bone,Bip001 R Hand,Skeleton,Bone,,,Skeleton bone (Bip001 R Hand),,
Undead,cavalry-character,Undead/models/UD_Cavalry_customizable.FBX,bone,Bip001 R Finger0,Skeleton,Bone,,,Skeleton bone (Bip001 R Finger0),,
Undead,cavalry-character,Undead/models/UD_Cavalry_customizable.FBX,bone,Bip001 R Finger0Nub,Skeleton,Bone,,,Skeleton bone (Bip001 R Finger0Nub),,
Undead,cavalry-character,Undead/models/UD_Cavalry_customizable.FBX,bone,Bip001 L Thigh,Skeleton,Bone,,,Skeleton bone (Bip001 L Thigh),,
Undead,cavalry-character,Undead/models/UD_Cavalry_customizable.FBX,bone,Bip001 L Calf,Skeleton,Bone,,,Skeleton bone (Bip001 L Calf),,
Undead,cavalry-character,Undead/models/UD_Cavalry_customizable.FBX,bone,Bip001 L Foot,Skeleton,Bone,,,Skeleton bone (Bip001 L Foot),,
Undead,cavalry-character,Undead/models/UD_Cavalry_customizable.FBX,bone,Bip001 L Toe0,Skeleton,Bone,,,Skeleton bone (Bip001 L Toe0),,
Undead,cavalry-character,Undead/models/UD_Cavalry_customizable.FBX,bone,Bip001 L Toe0Nub,Skeleton,Bone,,,Skeleton bone (Bip001 L Toe0Nub),,
Undead,cavalry-character,Undead/models/UD_Cavalry_customizable.FBX,bone,Bip001 R Thigh,Skeleton,Bone,,,Skeleton bone (Bip001 R Thigh),,
Undead,cavalry-character,Undead/models/UD_Cavalry_customizable.FBX,bone,Bip001 R Calf,Skeleton,Bone,,,Skeleton bone (Bip001 R Calf),,
Undead,cavalry-character,Undead/models/UD_Cavalry_customizable.FBX,bone,Bip001 R Foot,Skeleton,Bone,,,Skeleton bone (Bip001 R Foot),,
Undead,cavalry-character,Undead/models/UD_Cavalry_customizable.FBX,bone,Bip001 R Toe0,Skeleton,Bone,,,Skeleton bone (Bip001 R Toe0),,
Undead,cavalry-character,Undead/models/UD_Cavalry_customizable.FBX,bone,Bip001 R Toe0Nub,Skeleton,Bone,,,Skeleton bone (Bip001 R Toe0Nub),,
Undead,cavalry-character,Undead/models/UD_Cavalry_customizable.FBX,bone,Bip001 Tail,Skeleton,Bone,,,Skeleton bone (Bip001 Tail),,
Undead,cavalry-character,Undead/models/UD_Cavalry_customizable.FBX,bone,Bip001 Tail1,Skeleton,Bone,,,Skeleton bone (Bip001 Tail1),,
Undead,cavalry-character,Undead/models/UD_Cavalry_customizable.FBX,bone,Bip001 TailNub,Skeleton,Bone,,,Skeleton bone (Bip001 TailNub),,
Undead,cavalry-character,Undead/models/UD_Cavalry_customizable.FBX,bone,Bone_Mount,Skeleton,Bone,,,Skeleton bone (Bone_Mount),,
Undead,cavalry-character,Undead/models/UD_Cavalry_customizable.FBX,bone,Bip001 Pelvis001,Skeleton,Bone,,,Skeleton bone (Bip001 Pelvis001),,
Undead,cavalry-character,Undead/models/UD_Cavalry_customizable.FBX,bone,Bip001 Spine001,Skeleton,Bone,,,Skeleton bone (Bip001 Spine001),,
Undead,cavalry-character,Undead/models/UD_Cavalry_customizable.FBX,bone,Bip001 Neck001,Skeleton,Bone,,,Skeleton bone (Bip001 Neck001),,
Undead,cavalry-character,Undead/models/UD_Cavalry_customizable.FBX,bone,Bip001 Head001,Skeleton,Bone,,,Skeleton bone (Bip001 Head001),,
Undead,cavalry-character,Undead/models/UD_Cavalry_customizable.FBX,bone,Bip001 HeadNub001,Skeleton,Bone,,,Skeleton bone (Bip001 HeadNub001),,
Undead,cavalry-character,Undead/models/UD_Cavalry_customizable.FBX,bone,Bip001 L Clavicle001,Skeleton,Bone,,,Skeleton bone (Bip001 L Clavicle001),,
Undead,cavalry-character,Undead/models/UD_Cavalry_customizable.FBX,bone,Bip001 L UpperArm001,Skeleton,Bone,,,Skeleton bone (Bip001 L UpperArm001),,
Undead,cavalry-character,Undead/models/UD_Cavalry_customizable.FBX,bone,Bip001 L Forearm001,Skeleton,Bone,,,Skeleton bone (Bip001 L Forearm001),,
Undead,cavalry-character,Undead/models/UD_Cavalry_customizable.FBX,bone,Bip001 L Hand001,Skeleton,Bone,,,Skeleton bone (Bip001 L Hand001),,
Undead,cavalry-character,Undead/models/UD_Cavalry_customizable.FBX,bone,L_hand_container,Skeleton,Bone,,,Skeleton bone (L_hand_container),,
Undead,cavalry-character,Undead/models/UD_Cavalry_customizable.FBX,bone,L_shield_container,Skeleton,Bone,,,Skeleton bone (L_shield_container),,
Undead,cavalry-character,Undead/models/UD_Cavalry_customizable.FBX,bone,Bip001 R Clavicle001,Skeleton,Bone,,,Skeleton bone (Bip001 R Clavicle001),,
Undead,cavalry-character,Undead/models/UD_Cavalry_customizable.FBX,bone,Bip001 R UpperArm001,Skeleton,Bone,,,Skeleton bone (Bip001 R UpperArm001),,
Undead,cavalry-character,Undead/models/UD_Cavalry_customizable.FBX,bone,Bip001 R Forearm001,Skeleton,Bone,,,Skeleton bone (Bip001 R Forearm001),,
Undead,cavalry-character,Undead/models/UD_Cavalry_customizable.FBX,bone,Bip001 R Hand001,Skeleton,Bone,,,Skeleton bone (Bip001 R Hand001),,
Undead,cavalry-character,Undead/models/UD_Cavalry_customizable.FBX,bone,R_hand_container,Skeleton,Bone,,,Skeleton bone (R_hand_container),,
Undead,cavalry-character,Undead/models/UD_Cavalry_customizable.FBX,bone,Bone_wood,Skeleton,Bone,,,Skeleton bone (Bone_wood),,
Undead,cavalry-character,Undead/models/UD_Cavalry_customizable.FBX,bone,Bone_bag,Skeleton,Bone,,,Skeleton bone (Bone_bag),,
Undead,cavalry-character,Undead/models/UD_Cavalry_customizable.FBX,bone,Quiver_container,Skeleton,Bone,,,Skeleton bone (Quiver_container),,
Undead,cavalry-character,Undead/models/UD_Cavalry_customizable.FBX,bone,Bip001 L Thigh001,Skeleton,Bone,,,Skeleton bone (Bip001 L Thigh001),,
Undead,cavalry-character,Undead/models/UD_Cavalry_customizable.FBX,bone,Bip001 L Calf001,Skeleton,Bone,,,Skeleton bone (Bip001 L Calf001),,
Undead,cavalry-character,Undead/models/UD_Cavalry_customizable.FBX,bone,Bip001 L Foot001,Skeleton,Bone,,,Skeleton bone (Bip001 L Foot001),,
Undead,cavalry-character,Undead/models/UD_Cavalry_customizable.FBX,bone,Bip001 L Toe001,Skeleton,Bone,,,Skeleton bone (Bip001 L Toe001),,
Undead,cavalry-character,Undead/models/UD_Cavalry_customizable.FBX,bone,Bip001 L Toe0Nub001,Skeleton,Bone,,,Skeleton bone (Bip001 L Toe0Nub001),,
Undead,cavalry-character,Undead/models/UD_Cavalry_customizable.FBX,bone,Bip001 R Thigh001,Skeleton,Bone,,,Skeleton bone (Bip001 R Thigh001),,
Undead,cavalry-character,Undead/models/UD_Cavalry_customizable.FBX,bone,Bip001 R Calf001,Skeleton,Bone,,,Skeleton bone (Bip001 R Calf001),,
Undead,cavalry-character,Undead/models/UD_Cavalry_customizable.FBX,bone,Bip001 R Foot001,Skeleton,Bone,,,Skeleton bone (Bip001 R Foot001),,
Undead,cavalry-character,Undead/models/UD_Cavalry_customizable.FBX,bone,Bip001 R Toe001,Skeleton,Bone,,,Skeleton bone (Bip001 R Toe001),,
Undead,cavalry-character,Undead/models/UD_Cavalry_customizable.FBX,bone,Bip001 R Toe0Nub001,Skeleton,Bone,,,Skeleton bone (Bip001 R Toe0Nub001),,
Undead,cavalry-character,Undead/models/UD_Cavalry_customizable.FBX,null,Bip001 Footsteps,Rig,Helper,,,Null helper / rig node (Bip001 Footsteps),,
Undead,cavalry-character,Undead/models/UD_Cavalry_customizable.FBX,null,Bip001 Footsteps001,Rig,Helper,,,Null helper / rig node (Bip001 Footsteps001),,
Undead,cavalry-character,Undead/models/UD_Cavalry_customizable.FBX,material,Undead_Standard_Units,material,,,,Undead_Standard_Units,,
Undead,cavalry-character,Undead/models/UD_Cavalry_customizable.FBX,texture,Map #11,texture,,,,Map #11,,
Undead,cavalry-character,Undead/models/UD_Cavalry_customizable.FBX,anim_stack,Take 001,anim_stack,,,,Take 001,,
Undead,character,Undead/models/UD_Characters_customizable.FBX,mesh_part,UD_weapon_staff_C,Equipment,Weapon,staff,C,Staff (caster) variant C (right-hand weapon mesh),,
Undead,character,Undead/models/UD_Characters_customizable.FBX,mesh_part,UD_weapon_Bow,Equipment,Weapon,bow,,Bow (ranged) variant - (right-hand weapon mesh),,
Undead,character,Undead/models/UD_Characters_customizable.FBX,mesh_part,UD_weapon_staff_D,Equipment,Weapon,staff,D,Staff (caster) variant D (right-hand weapon mesh),,
Undead,character,Undead/models/UD_Characters_customizable.FBX,mesh_part,UD_weapon_staff_A,Equipment,Weapon,staff,A,Staff (caster) variant A (right-hand weapon mesh),,
Undead,character,Undead/models/UD_Characters_customizable.FBX,mesh_part,UD_weapon_staff_B,Equipment,Weapon,staff,B,Staff (caster) variant B (right-hand weapon mesh),,
Undead,character,Undead/models/UD_Characters_customizable.FBX,mesh_part,UD_Shield_A,Equipment,Shield,shield,A,Shield variant A (off-hand),,
Undead,character,Undead/models/UD_Characters_customizable.FBX,mesh_part,UD_Shield_B,Equipment,Shield,shield,B,Shield variant B (off-hand),,
Undead,character,Undead/models/UD_Characters_customizable.FBX,mesh_part,UD_Shield_C,Equipment,Shield,shield,C,Shield variant C (off-hand),,
Undead,character,Undead/models/UD_Characters_customizable.FBX,mesh_part,UD_weapon_Hammer,Equipment,Weapon,hammer,,Hammer variant - (right-hand weapon mesh),,
Undead,character,Undead/models/UD_Characters_customizable.FBX,mesh_part,UD_weapon_Axe_A,Equipment,Weapon,axe,A,Axe variant A (right-hand weapon mesh),,
Undead,character,Undead/models/UD_Characters_customizable.FBX,mesh_part,UD_weapon_Axe_B,Equipment,Weapon,axe,B,Axe variant B (right-hand weapon mesh),,
Undead,character,Undead/models/UD_Characters_customizable.FBX,mesh_part,UD_weapon_Spear,Equipment,Weapon,spear,,Spear variant - (right-hand weapon mesh),,
Undead,character,Undead/models/UD_Characters_customizable.FBX,mesh_part,UD_weapon_Sword_A,Equipment,Weapon,sword,A,Sword variant A (right-hand weapon mesh),,
Undead,character,Undead/models/UD_Characters_customizable.FBX,mesh_part,UD_weapon_Sword_B,Equipment,Weapon,sword,B,Sword variant B (right-hand weapon mesh),,
Undead,character,Undead/models/UD_Characters_customizable.FBX,mesh_part,UD_weapon_Sword_C,Equipment,Weapon,sword,C,Sword variant C (right-hand weapon mesh),,
Undead,character,Undead/models/UD_Characters_customizable.FBX,mesh_part,UD_Xtra_Wood,Accessory,Extra,wood,,Wood/log carry prop,,
Undead,character,Undead/models/UD_Characters_customizable.FBX,mesh_part,UD_Xtra_Bag,Accessory,Extra,bag,,Belt bag / pouch,,
Undead,character,Undead/models/UD_Characters_customizable.FBX,mesh_part,UD_Xtra_Quiver,Accessory,Extra,quiver,,Arrow quiver (back),,
Undead,character,Undead/models/UD_Characters_customizable.FBX,mesh_part,UD_Units_body_G,Body,Body / Torso,,G,Body / Torso variant G (swappable body mesh),,
Undead,character,Undead/models/UD_Characters_customizable.FBX,mesh_part,UD_Units_body_C,Body,Body / Torso,,C,Body / Torso variant C (swappable body mesh),,
Undead,character,Undead/models/UD_Characters_customizable.FBX,mesh_part,UD_Units_body_F,Body,Body / Torso,,F,Body / Torso variant F (swappable body mesh),,
Undead,character,Undead/models/UD_Characters_customizable.FBX,mesh_part,UD_Units_body_D,Body,Body / Torso,,D,Body / Torso variant D (swappable body mesh),,
Undead,character,Undead/models/UD_Characters_customizable.FBX,mesh_part,UD_Units_shoulderpads_A,Body,Shoulders,,A,Shoulders variant A (swappable body mesh),,
Undead,character,Undead/models/UD_Characters_customizable.FBX,mesh_part,UD_Units_body_A,Body,Body / Torso,,A,Body / Torso variant A (swappable body mesh),,
Undead,character,Undead/models/UD_Characters_customizable.FBX,mesh_part,UD_Units_body_B,Body,Body / Torso,,B,Body / Torso variant B (swappable body mesh),,
Undead,character,Undead/models/UD_Characters_customizable.FBX,mesh_part,UD_Units_head_D,Body,Head,,D,Head variant D (swappable body mesh),,
Undead,character,Undead/models/UD_Characters_customizable.FBX,mesh_part,UD_Units_arms_D,Body,Arms,,D,Arms variant D (swappable body mesh),,
Undead,character,Undead/models/UD_Characters_customizable.FBX,mesh_part,UD_Units_legs_D,Body,Legs,,D,Legs variant D (swappable body mesh),,
Undead,character,Undead/models/UD_Characters_customizable.FBX,mesh_part,UD_Units_shoulderpads_B,Body,Shoulders,,B,Shoulders variant B (swappable body mesh),,
Undead,character,Undead/models/UD_Characters_customizable.FBX,mesh_part,UD_Units_head_F,Body,Head,,F,Head variant F (swappable body mesh),,
Undead,character,Undead/models/UD_Characters_customizable.FBX,mesh_part,UD_Units_arms_B,Body,Arms,,B,Arms variant B (swappable body mesh),,
Undead,character,Undead/models/UD_Characters_customizable.FBX,mesh_part,UD_Units_legs_B,Body,Legs,,B,Legs variant B (swappable body mesh),,
Undead,character,Undead/models/UD_Characters_customizable.FBX,mesh_part,UD_Units_head_L,Body,Head,,L,Head variant L (swappable body mesh),,
Undead,character,Undead/models/UD_Characters_customizable.FBX,mesh_part,UD_Units_arms_E,Body,Arms,,E,Arms variant E (swappable body mesh),,
Undead,character,Undead/models/UD_Characters_customizable.FBX,mesh_part,UD_Units_arms_C,Body,Arms,,C,Arms variant C (swappable body mesh),,
Undead,character,Undead/models/UD_Characters_customizable.FBX,mesh_part,UD_Units_legs_C,Body,Legs,,C,Legs variant C (swappable body mesh),,
Undead,character,Undead/models/UD_Characters_customizable.FBX,mesh_part,UD_Units_arms_A,Body,Arms,,A,Arms variant A (swappable body mesh),,
Undead,character,Undead/models/UD_Characters_customizable.FBX,mesh_part,UD_Units_legs_A,Body,Legs,,A,Legs variant A (swappable body mesh),,
Undead,character,Undead/models/UD_Characters_customizable.FBX,mesh_part,UD_Units_head_A,Body,Head,,A,Head variant A (swappable body mesh),,
Undead,character,Undead/models/UD_Characters_customizable.FBX,mesh_part,UD_Units_head_B,Body,Head,,B,Head variant B (swappable body mesh),,
Undead,character,Undead/models/UD_Characters_customizable.FBX,mesh_part,UD_Units_head_H,Body,Head,,H,Head variant H (swappable body mesh),,
Undead,character,Undead/models/UD_Characters_customizable.FBX,mesh_part,UD_Units_head_I,Body,Head,,I,Head variant I (swappable body mesh),,
Undead,character,Undead/models/UD_Characters_customizable.FBX,mesh_part,UD_Units_head_K,Body,Head,,K,Head variant K (swappable body mesh),,
Undead,character,Undead/models/UD_Characters_customizable.FBX,mesh_part,UD_Units_head_C,Body,Head,,C,Head variant C (swappable body mesh),,
Undead,character,Undead/models/UD_Characters_customizable.FBX,mesh_part,UD_Units_head_E,Body,Head,,E,Head variant E (swappable body mesh),,
Undead,character,Undead/models/UD_Characters_customizable.FBX,mesh_part,UD_Units_body_E,Body,Body / Torso,,E,Body / Torso variant E (swappable body mesh),,
Undead,character,Undead/models/UD_Characters_customizable.FBX,mesh_part,UD_Units_head_G,Body,Head,,G,Head variant G (swappable body mesh),,
Undead,character,Undead/models/UD_Characters_customizable.FBX,mesh_part,UD_Units_head_M,Body,Head,,M,Head variant M (swappable body mesh),,
Undead,character,Undead/models/UD_Characters_customizable.FBX,mesh_part,UD_Units_head_J,Body,Head,,J,Head variant J (swappable body mesh),,
Undead,character,Undead/models/UD_Characters_customizable.FBX,mesh_part,UD_Units_shoulderpads_C,Body,Shoulders,,C,Shoulders variant C (swappable body mesh),,
Undead,character,Undead/models/UD_Characters_customizable.FBX,geometry,(unnamed),geometry,,,,(unnamed),25,106
Undead,character,Undead/models/UD_Characters_customizable.FBX,geometry,(unnamed),geometry,,,,(unnamed),23,114
Undead,character,Undead/models/UD_Characters_customizable.FBX,geometry,(unnamed),geometry,,,,(unnamed),75,298
Undead,character,Undead/models/UD_Characters_customizable.FBX,geometry,(unnamed),geometry,,,,(unnamed),16,58
Undead,character,Undead/models/UD_Characters_customizable.FBX,geometry,(unnamed),geometry,,,,(unnamed),106,308
Undead,character,Undead/models/UD_Characters_customizable.FBX,geometry,(unnamed),geometry,,,,(unnamed),17,86
Undead,character,Undead/models/UD_Characters_customizable.FBX,geometry,(unnamed),geometry,,,,(unnamed),20,72
Undead,character,Undead/models/UD_Characters_customizable.FBX,geometry,(unnamed),geometry,,,,(unnamed),26,112
Undead,character,Undead/models/UD_Characters_customizable.FBX,geometry,(unnamed),geometry,,,,(unnamed),18,56
Undead,character,Undead/models/UD_Characters_customizable.FBX,geometry,(unnamed),geometry,,,,(unnamed),21,78
Undead,character,Undead/models/UD_Characters_customizable.FBX,geometry,(unnamed),geometry,,,,(unnamed),32,140
Undead,character,Undead/models/UD_Characters_customizable.FBX,geometry,(unnamed),geometry,,,,(unnamed),21,86
Undead,character,Undead/models/UD_Characters_customizable.FBX,geometry,(unnamed),geometry,,,,(unnamed),12,48
Undead,character,Undead/models/UD_Characters_customizable.FBX,geometry,(unnamed),geometry,,,,(unnamed),15,70
Undead,character,Undead/models/UD_Characters_customizable.FBX,geometry,(unnamed),geometry,,,,(unnamed),28,104
Undead,character,Undead/models/UD_Characters_customizable.FBX,geometry,(unnamed),geometry,,,,(unnamed),30,90
Undead,character,Undead/models/UD_Characters_customizable.FBX,geometry,(unnamed),geometry,,,,(unnamed),33,162
Undead,character,Undead/models/UD_Characters_customizable.FBX,geometry,(unnamed),geometry,,,,(unnamed),56,129
Undead,character,Undead/models/UD_Characters_customizable.FBX,geometry,(unnamed),geometry,,,,(unnamed),119,508
Undead,character,Undead/models/UD_Characters_customizable.FBX,geometry,(unnamed),geometry,,,,(unnamed),86,354
Undead,character,Undead/models/UD_Characters_customizable.FBX,geometry,(unnamed),geometry,,,,(unnamed),86,350
Undead,character,Undead/models/UD_Characters_customizable.FBX,geometry,(unnamed),geometry,,,,(unnamed),84,346
Undead,character,Undead/models/UD_Characters_customizable.FBX,geometry,(unnamed),geometry,,,,(unnamed),34,148
Undead,character,Undead/models/UD_Characters_customizable.FBX,geometry,(unnamed),geometry,,,,(unnamed),77,316
Undead,character,Undead/models/UD_Characters_customizable.FBX,geometry,(unnamed),geometry,,,,(unnamed),95,400
Undead,character,Undead/models/UD_Characters_customizable.FBX,geometry,(unnamed),geometry,,,,(unnamed),73,318
Undead,character,Undead/models/UD_Characters_customizable.FBX,geometry,(unnamed),geometry,,,,(unnamed),42,164
Undead,character,Undead/models/UD_Characters_customizable.FBX,geometry,(unnamed),geometry,,,,(unnamed),34,140
Undead,character,Undead/models/UD_Characters_customizable.FBX,geometry,(unnamed),geometry,,,,(unnamed),34,148
Undead,character,Undead/models/UD_Characters_customizable.FBX,geometry,(unnamed),geometry,,,,(unnamed),38,156
Undead,character,Undead/models/UD_Characters_customizable.FBX,geometry,(unnamed),geometry,,,,(unnamed),42,164
Undead,character,Undead/models/UD_Characters_customizable.FBX,geometry,(unnamed),geometry,,,,(unnamed),50,192
Undead,character,Undead/models/UD_Characters_customizable.FBX,geometry,(unnamed),geometry,,,,(unnamed),48,224
Undead,character,Undead/models/UD_Characters_customizable.FBX,geometry,(unnamed),geometry,,,,(unnamed),42,168
Undead,character,Undead/models/UD_Characters_customizable.FBX,geometry,(unnamed),geometry,,,,(unnamed),28,128
Undead,character,Undead/models/UD_Characters_customizable.FBX,geometry,(unnamed),geometry,,,,(unnamed),46,194
Undead,character,Undead/models/UD_Characters_customizable.FBX,geometry,(unnamed),geometry,,,,(unnamed),42,172
Undead,character,Undead/models/UD_Characters_customizable.FBX,geometry,(unnamed),geometry,,,,(unnamed),40,156
Undead,character,Undead/models/UD_Characters_customizable.FBX,geometry,(unnamed),geometry,,,,(unnamed),26,124
Undead,character,Undead/models/UD_Characters_customizable.FBX,geometry,(unnamed),geometry,,,,(unnamed),43,182
Undead,character,Undead/models/UD_Characters_customizable.FBX,geometry,(unnamed),geometry,,,,(unnamed),26,124
Undead,character,Undead/models/UD_Characters_customizable.FBX,geometry,(unnamed),geometry,,,,(unnamed),44,182
Undead,character,Undead/models/UD_Characters_customizable.FBX,geometry,(unnamed),geometry,,,,(unnamed),38,162
Undead,character,Undead/models/UD_Characters_customizable.FBX,geometry,(unnamed),geometry,,,,(unnamed),45,210
Undead,character,Undead/models/UD_Characters_customizable.FBX,geometry,(unnamed),geometry,,,,(unnamed),135,424
Undead,character,Undead/models/UD_Characters_customizable.FBX,geometry,(unnamed),geometry,,,,(unnamed),84,338
Undead,character,Undead/models/UD_Characters_customizable.FBX,geometry,(unnamed),geometry,,,,(unnamed),38,156
Undead,character,Undead/models/UD_Characters_customizable.FBX,geometry,(unnamed),geometry,,,,(unnamed),74,312
Undead,character,Undead/models/UD_Characters_customizable.FBX,geometry,(unnamed),geometry,,,,(unnamed),39,162
Undead,character,Undead/models/UD_Characters_customizable.FBX,geometry,(unnamed),geometry,,,,(unnamed),34,148
Undead,character,Undead/models/UD_Characters_customizable.FBX,bone,Bip001 Pelvis,Skeleton,Bone,,,Skeleton bone (Bip001 Pelvis),,
Undead,character,Undead/models/UD_Characters_customizable.FBX,bone,Bip001 Spine,Skeleton,Bone,,,Skeleton bone (Bip001 Spine),,
Undead,character,Undead/models/UD_Characters_customizable.FBX,bone,Bip001 Neck,Skeleton,Bone,,,Skeleton bone (Bip001 Neck),,
Undead,character,Undead/models/UD_Characters_customizable.FBX,bone,Bip001 Head,Skeleton,Bone,,,Skeleton bone (Bip001 Head),,
Undead,character,Undead/models/UD_Characters_customizable.FBX,bone,Bip001 HeadNub,Skeleton,Bone,,,Skeleton bone (Bip001 HeadNub),,
Undead,character,Undead/models/UD_Characters_customizable.FBX,bone,Bip001 L Clavicle,Skeleton,Bone,,,Skeleton bone (Bip001 L Clavicle),,
Undead,character,Undead/models/UD_Characters_customizable.FBX,bone,Bip001 L UpperArm,Skeleton,Bone,,,Skeleton bone (Bip001 L UpperArm),,
Undead,character,Undead/models/UD_Characters_customizable.FBX,bone,Bip001 L Forearm,Skeleton,Bone,,,Skeleton bone (Bip001 L Forearm),,
Undead,character,Undead/models/UD_Characters_customizable.FBX,bone,Bip001 L Hand,Skeleton,Bone,,,Skeleton bone (Bip001 L Hand),,
Undead,character,Undead/models/UD_Characters_customizable.FBX,bone,L_hand_container,Skeleton,Bone,,,Skeleton bone (L_hand_container),,
Undead,character,Undead/models/UD_Characters_customizable.FBX,bone,L_shield_container,Skeleton,Bone,,,Skeleton bone (L_shield_container),,
Undead,character,Undead/models/UD_Characters_customizable.FBX,bone,Bip001 R Clavicle,Skeleton,Bone,,,Skeleton bone (Bip001 R Clavicle),,
Undead,character,Undead/models/UD_Characters_customizable.FBX,bone,Bip001 R UpperArm,Skeleton,Bone,,,Skeleton bone (Bip001 R UpperArm),,
Undead,character,Undead/models/UD_Characters_customizable.FBX,bone,Bip001 R Forearm,Skeleton,Bone,,,Skeleton bone (Bip001 R Forearm),,
Undead,character,Undead/models/UD_Characters_customizable.FBX,bone,Bip001 R Hand,Skeleton,Bone,,,Skeleton bone (Bip001 R Hand),,
Undead,character,Undead/models/UD_Characters_customizable.FBX,bone,R_hand_container,Skeleton,Bone,,,Skeleton bone (R_hand_container),,
Undead,character,Undead/models/UD_Characters_customizable.FBX,bone,Bone_wood,Skeleton,Bone,,,Skeleton bone (Bone_wood),,
Undead,character,Undead/models/UD_Characters_customizable.FBX,bone,Bone_bag,Skeleton,Bone,,,Skeleton bone (Bone_bag),,
Undead,character,Undead/models/UD_Characters_customizable.FBX,bone,Quiver_container,Skeleton,Bone,,,Skeleton bone (Quiver_container),,
Undead,character,Undead/models/UD_Characters_customizable.FBX,bone,Bip001 L Thigh,Skeleton,Bone,,,Skeleton bone (Bip001 L Thigh),,
Undead,character,Undead/models/UD_Characters_customizable.FBX,bone,Bip001 L Calf,Skeleton,Bone,,,Skeleton bone (Bip001 L Calf),,
Undead,character,Undead/models/UD_Characters_customizable.FBX,bone,Bip001 L Foot,Skeleton,Bone,,,Skeleton bone (Bip001 L Foot),,
Undead,character,Undead/models/UD_Characters_customizable.FBX,bone,Bip001 L Toe0,Skeleton,Bone,,,Skeleton bone (Bip001 L Toe0),,
Undead,character,Undead/models/UD_Characters_customizable.FBX,bone,Bip001 L Toe0Nub,Skeleton,Bone,,,Skeleton bone (Bip001 L Toe0Nub),,
Undead,character,Undead/models/UD_Characters_customizable.FBX,bone,Bip001 R Thigh,Skeleton,Bone,,,Skeleton bone (Bip001 R Thigh),,
Undead,character,Undead/models/UD_Characters_customizable.FBX,bone,Bip001 R Calf,Skeleton,Bone,,,Skeleton bone (Bip001 R Calf),,
Undead,character,Undead/models/UD_Characters_customizable.FBX,bone,Bip001 R Foot,Skeleton,Bone,,,Skeleton bone (Bip001 R Foot),,
Undead,character,Undead/models/UD_Characters_customizable.FBX,bone,Bip001 R Toe0,Skeleton,Bone,,,Skeleton bone (Bip001 R Toe0),,
Undead,character,Undead/models/UD_Characters_customizable.FBX,bone,Bip001 R Toe0Nub,Skeleton,Bone,,,Skeleton bone (Bip001 R Toe0Nub),,
Undead,character,Undead/models/UD_Characters_customizable.FBX,null,Bip001 Footsteps,Rig,Helper,,,Null helper / rig node (Bip001 Footsteps),,
Undead,character,Undead/models/UD_Characters_customizable.FBX,material,Undead_Standard_Units,material,,,,Undead_Standard_Units,,
Undead,character,Undead/models/UD_Characters_customizable.FBX,texture,Map #11,texture,,,,Map #11,,
Undead,character,Undead/models/UD_Characters_customizable.FBX,anim_stack,Take 001,anim_stack,,,,Take 001,,
Undead,equipment,Undead/models/extra_models/Equipment/UD_Shield_C.FBX,mesh_part,UD_Shield_C,Equipment,Shield,shield,C,Shield variant C (off-hand),,
Undead,equipment,Undead/models/extra_models/Equipment/UD_Shield_C.FBX,geometry,(unnamed),geometry,,,,(unnamed),26,112
Undead,equipment,Undead/models/extra_models/Equipment/UD_Shield_C.FBX,material,Undead_Standard_Units,material,,,,Undead_Standard_Units,,
Undead,equipment,Undead/models/extra_models/Equipment/UD_Shield_C.FBX,texture,Map #11,texture,,,,Map #11,,
Undead,equipment,Undead/models/extra_models/Equipment/UD_weapon_Spear.FBX,mesh_part,UD_weapon_Spear,Equipment,Weapon,spear,,Spear variant - (right-hand weapon mesh),,
Undead,equipment,Undead/models/extra_models/Equipment/UD_weapon_Spear.FBX,geometry,(unnamed),geometry,,,,(unnamed),21,86
Undead,equipment,Undead/models/extra_models/Equipment/UD_weapon_Spear.FBX,material,Undead_Standard_Units,material,,,,Undead_Standard_Units,,
Undead,equipment,Undead/models/extra_models/Equipment/UD_weapon_Spear.FBX,texture,Map #11,texture,,,,Map #11,,
Undead,equipment,Undead/models/extra_models/Equipment/UD_weapon_Sword_C.FBX,mesh_part,UD_weapon_Sword_C,Equipment,Weapon,sword,C,Sword variant C (right-hand weapon mesh),,
Undead,equipment,Undead/models/extra_models/Equipment/UD_weapon_Sword_C.FBX,geometry,(unnamed),geometry,,,,(unnamed),28,104
Undead,equipment,Undead/models/extra_models/Equipment/UD_weapon_Sword_C.FBX,material,Undead_Standard_Units,material,,,,Undead_Standard_Units,,
Undead,equipment,Undead/models/extra_models/Equipment/UD_weapon_Sword_C.FBX,texture,Map #11,texture,,,,Map #11,,
Undead,equipment,Undead/models/extra_models/Equipment/UD_weapon_staff_B.FBX,mesh_part,UD_weapon_staff_B,Equipment,Weapon,staff,B,Staff (caster) variant B (right-hand weapon mesh),,
Undead,equipment,Undead/models/extra_models/Equipment/UD_weapon_staff_B.FBX,geometry,(unnamed),geometry,,,,(unnamed),106,308
Undead,equipment,Undead/models/extra_models/Equipment/UD_weapon_staff_B.FBX,material,Undead_Standard_Units,material,,,,Undead_Standard_Units,,
Undead,equipment,Undead/models/extra_models/Equipment/UD_weapon_staff_B.FBX,texture,Map #11,texture,,,,Map #11,,
Human,animation,WesternKingdoms/animation/Catapult/WK_catapult_01_idle.FBX,bone,Bone_Root,Skeleton,Bone,,,Skeleton bone (Bone_Root),,
Human,animation,WesternKingdoms/animation/Catapult/WK_catapult_01_idle.FBX,bone,Bone_Platform,Skeleton,Bone,,,Skeleton bone (Bone_Platform),,
Human,animation,WesternKingdoms/animation/Catapult/WK_catapult_01_idle.FBX,bone,Bone_Arm,Skeleton,Bone,,,Skeleton bone (Bone_Arm),,
Human,animation,WesternKingdoms/animation/Catapult/WK_catapult_01_idle.FBX,bone,Bone_stone,Skeleton,Bone,,,Skeleton bone (Bone_stone),,
Human,animation,WesternKingdoms/animation/Catapult/WK_catapult_01_idle.FBX,bone,Bone_body_B,Skeleton,Bone,,,Skeleton bone (Bone_body_B),,
Human,animation,WesternKingdoms/animation/Catapult/WK_catapult_01_idle.FBX,bone,Bone_body_A,Skeleton,Bone,,,Skeleton bone (Bone_body_A),,
Human,animation,WesternKingdoms/animation/Catapult/WK_catapult_01_idle.FBX,bone,Bone_front,Skeleton,Bone,,,Skeleton bone (Bone_front),,
Human,animation,WesternKingdoms/animation/Catapult/WK_catapult_01_idle.FBX,bone,Bone_wheel_A,Skeleton,Bone,,,Skeleton bone (Bone_wheel_A),,
Human,animation,WesternKingdoms/animation/Catapult/WK_catapult_01_idle.FBX,bone,Bone_wheel_B,Skeleton,Bone,,,Skeleton bone (Bone_wheel_B),,
Human,animation,WesternKingdoms/animation/Catapult/WK_catapult_01_idle.FBX,bone,Bone_wheel_C,Skeleton,Bone,,,Skeleton bone (Bone_wheel_C),,
Human,animation,WesternKingdoms/animation/Catapult/WK_catapult_01_idle.FBX,bone,Bone_wheel_C001D,Skeleton,Bone,,,Skeleton bone (Bone_wheel_C001D),,
Human,animation,WesternKingdoms/animation/Catapult/WK_catapult_01_idle.FBX,anim_stack,Take 001,anim_stack,,,,Take 001,,
Human,animation,WesternKingdoms/animation/Catapult/WK_catapult_02_move.FBX,bone,Bone_Root,Skeleton,Bone,,,Skeleton bone (Bone_Root),,
Human,animation,WesternKingdoms/animation/Catapult/WK_catapult_02_move.FBX,bone,Bone_Platform,Skeleton,Bone,,,Skeleton bone (Bone_Platform),,
Human,animation,WesternKingdoms/animation/Catapult/WK_catapult_02_move.FBX,bone,Bone_Arm,Skeleton,Bone,,,Skeleton bone (Bone_Arm),,
Human,animation,WesternKingdoms/animation/Catapult/WK_catapult_02_move.FBX,bone,Bone_stone,Skeleton,Bone,,,Skeleton bone (Bone_stone),,
Human,animation,WesternKingdoms/animation/Catapult/WK_catapult_02_move.FBX,bone,Bone_body_B,Skeleton,Bone,,,Skeleton bone (Bone_body_B),,
Human,animation,WesternKingdoms/animation/Catapult/WK_catapult_02_move.FBX,bone,Bone_body_A,Skeleton,Bone,,,Skeleton bone (Bone_body_A),,
Human,animation,WesternKingdoms/animation/Catapult/WK_catapult_02_move.FBX,bone,Bone_front,Skeleton,Bone,,,Skeleton bone (Bone_front),,
Human,animation,WesternKingdoms/animation/Catapult/WK_catapult_02_move.FBX,bone,Bone_wheel_A,Skeleton,Bone,,,Skeleton bone (Bone_wheel_A),,
Human,animation,WesternKingdoms/animation/Catapult/WK_catapult_02_move.FBX,bone,Bone_wheel_B,Skeleton,Bone,,,Skeleton bone (Bone_wheel_B),,
Human,animation,WesternKingdoms/animation/Catapult/WK_catapult_02_move.FBX,bone,Bone_wheel_C,Skeleton,Bone,,,Skeleton bone (Bone_wheel_C),,
Human,animation,WesternKingdoms/animation/Catapult/WK_catapult_02_move.FBX,bone,Bone_wheel_C001D,Skeleton,Bone,,,Skeleton bone (Bone_wheel_C001D),,
Human,animation,WesternKingdoms/animation/Catapult/WK_catapult_02_move.FBX,anim_stack,Take 001,anim_stack,,,,Take 001,,
Human,animation,WesternKingdoms/animation/Catapult/WK_catapult_03_attack.FBX,bone,Bone_Root,Skeleton,Bone,,,Skeleton bone (Bone_Root),,
Human,animation,WesternKingdoms/animation/Catapult/WK_catapult_03_attack.FBX,bone,Bone_Platform,Skeleton,Bone,,,Skeleton bone (Bone_Platform),,
Human,animation,WesternKingdoms/animation/Catapult/WK_catapult_03_attack.FBX,bone,Bone_Arm,Skeleton,Bone,,,Skeleton bone (Bone_Arm),,
Human,animation,WesternKingdoms/animation/Catapult/WK_catapult_03_attack.FBX,bone,Bone_stone,Skeleton,Bone,,,Skeleton bone (Bone_stone),,
Human,animation,WesternKingdoms/animation/Catapult/WK_catapult_03_attack.FBX,bone,Bone_body_B,Skeleton,Bone,,,Skeleton bone (Bone_body_B),,
Human,animation,WesternKingdoms/animation/Catapult/WK_catapult_03_attack.FBX,bone,Bone_body_A,Skeleton,Bone,,,Skeleton bone (Bone_body_A),,
Human,animation,WesternKingdoms/animation/Catapult/WK_catapult_03_attack.FBX,bone,Bone_front,Skeleton,Bone,,,Skeleton bone (Bone_front),,
Human,animation,WesternKingdoms/animation/Catapult/WK_catapult_03_attack.FBX,bone,Bone_wheel_A,Skeleton,Bone,,,Skeleton bone (Bone_wheel_A),,
Human,animation,WesternKingdoms/animation/Catapult/WK_catapult_03_attack.FBX,bone,Bone_wheel_B,Skeleton,Bone,,,Skeleton bone (Bone_wheel_B),,
Human,animation,WesternKingdoms/animation/Catapult/WK_catapult_03_attack.FBX,bone,Bone_wheel_C,Skeleton,Bone,,,Skeleton bone (Bone_wheel_C),,
Human,animation,WesternKingdoms/animation/Catapult/WK_catapult_03_attack.FBX,bone,Bone_wheel_C001D,Skeleton,Bone,,,Skeleton bone (Bone_wheel_C001D),,
Human,animation,WesternKingdoms/animation/Catapult/WK_catapult_03_attack.FBX,anim_stack,Take 001,anim_stack,,,,Take 001,,
Human,animation,WesternKingdoms/animation/Catapult/WK_catapult_04_death.FBX,bone,Bone_Root,Skeleton,Bone,,,Skeleton bone (Bone_Root),,
Human,animation,WesternKingdoms/animation/Catapult/WK_catapult_04_death.FBX,bone,Bone_Platform,Skeleton,Bone,,,Skeleton bone (Bone_Platform),,
Human,animation,WesternKingdoms/animation/Catapult/WK_catapult_04_death.FBX,bone,Bone_Arm,Skeleton,Bone,,,Skeleton bone (Bone_Arm),,
Human,animation,WesternKingdoms/animation/Catapult/WK_catapult_04_death.FBX,bone,Bone_stone,Skeleton,Bone,,,Skeleton bone (Bone_stone),,
Human,animation,WesternKingdoms/animation/Catapult/WK_catapult_04_death.FBX,bone,Bone_body_B,Skeleton,Bone,,,Skeleton bone (Bone_body_B),,
Human,animation,WesternKingdoms/animation/Catapult/WK_catapult_04_death.FBX,bone,Bone_body_A,Skeleton,Bone,,,Skeleton bone (Bone_body_A),,
Human,animation,WesternKingdoms/animation/Catapult/WK_catapult_04_death.FBX,bone,Bone_front,Skeleton,Bone,,,Skeleton bone (Bone_front),,
Human,animation,WesternKingdoms/animation/Catapult/WK_catapult_04_death.FBX,bone,Bone_wheel_A,Skeleton,Bone,,,Skeleton bone (Bone_wheel_A),,
Human,animation,WesternKingdoms/animation/Catapult/WK_catapult_04_death.FBX,bone,Bone_wheel_B,Skeleton,Bone,,,Skeleton bone (Bone_wheel_B),,
Human,animation,WesternKingdoms/animation/Catapult/WK_catapult_04_death.FBX,bone,Bone_wheel_C,Skeleton,Bone,,,Skeleton bone (Bone_wheel_C),,
Human,animation,WesternKingdoms/animation/Catapult/WK_catapult_04_death.FBX,bone,Bone_wheel_C001D,Skeleton,Bone,,,Skeleton bone (Bone_wheel_C001D),,
Human,animation,WesternKingdoms/animation/Catapult/WK_catapult_04_death.FBX,anim_stack,Take 001,anim_stack,,,,Take 001,,
Human,animation,WesternKingdoms/animation/Cavalry/WK_cavalry_01_idle.FBX,bone,Bip001 Pelvis,Skeleton,Bone,,,Skeleton bone (Bip001 Pelvis),,
Human,animation,WesternKingdoms/animation/Cavalry/WK_cavalry_01_idle.FBX,bone,Bip001 Spine,Skeleton,Bone,,,Skeleton bone (Bip001 Spine),,
Human,animation,WesternKingdoms/animation/Cavalry/WK_cavalry_01_idle.FBX,bone,Bip001 Neck,Skeleton,Bone,,,Skeleton bone (Bip001 Neck),,
Human,animation,WesternKingdoms/animation/Cavalry/WK_cavalry_01_idle.FBX,bone,Bip001 Head,Skeleton,Bone,,,Skeleton bone (Bip001 Head),,
Human,animation,WesternKingdoms/animation/Cavalry/WK_cavalry_01_idle.FBX,bone,Bip001 L Clavicle,Skeleton,Bone,,,Skeleton bone (Bip001 L Clavicle),,
Human,animation,WesternKingdoms/animation/Cavalry/WK_cavalry_01_idle.FBX,bone,Bip001 L UpperArm,Skeleton,Bone,,,Skeleton bone (Bip001 L UpperArm),,
Human,animation,WesternKingdoms/animation/Cavalry/WK_cavalry_01_idle.FBX,bone,Bip001 L Forearm,Skeleton,Bone,,,Skeleton bone (Bip001 L Forearm),,
Human,animation,WesternKingdoms/animation/Cavalry/WK_cavalry_01_idle.FBX,bone,Bip001 L Hand,Skeleton,Bone,,,Skeleton bone (Bip001 L Hand),,
Human,animation,WesternKingdoms/animation/Cavalry/WK_cavalry_01_idle.FBX,bone,Bip001 L Finger0,Skeleton,Bone,,,Skeleton bone (Bip001 L Finger0),,
Human,animation,WesternKingdoms/animation/Cavalry/WK_cavalry_01_idle.FBX,bone,Bip001 R Clavicle,Skeleton,Bone,,,Skeleton bone (Bip001 R Clavicle),,
Human,animation,WesternKingdoms/animation/Cavalry/WK_cavalry_01_idle.FBX,bone,Bip001 R UpperArm,Skeleton,Bone,,,Skeleton bone (Bip001 R UpperArm),,
Human,animation,WesternKingdoms/animation/Cavalry/WK_cavalry_01_idle.FBX,bone,Bip001 R Forearm,Skeleton,Bone,,,Skeleton bone (Bip001 R Forearm),,
Human,animation,WesternKingdoms/animation/Cavalry/WK_cavalry_01_idle.FBX,bone,Bip001 R Hand,Skeleton,Bone,,,Skeleton bone (Bip001 R Hand),,
Human,animation,WesternKingdoms/animation/Cavalry/WK_cavalry_01_idle.FBX,bone,Bip001 R Finger0,Skeleton,Bone,,,Skeleton bone (Bip001 R Finger0),,
Human,animation,WesternKingdoms/animation/Cavalry/WK_cavalry_01_idle.FBX,bone,Bip001 L Thigh,Skeleton,Bone,,,Skeleton bone (Bip001 L Thigh),,
Human,animation,WesternKingdoms/animation/Cavalry/WK_cavalry_01_idle.FBX,bone,Bip001 L Calf,Skeleton,Bone,,,Skeleton bone (Bip001 L Calf),,
Human,animation,WesternKingdoms/animation/Cavalry/WK_cavalry_01_idle.FBX,bone,Bip001 L Foot,Skeleton,Bone,,,Skeleton bone (Bip001 L Foot),,
Human,animation,WesternKingdoms/animation/Cavalry/WK_cavalry_01_idle.FBX,bone,Bip001 L Toe0,Skeleton,Bone,,,Skeleton bone (Bip001 L Toe0),,
Human,animation,WesternKingdoms/animation/Cavalry/WK_cavalry_01_idle.FBX,bone,Bip001 R Thigh,Skeleton,Bone,,,Skeleton bone (Bip001 R Thigh),,
Human,animation,WesternKingdoms/animation/Cavalry/WK_cavalry_01_idle.FBX,bone,Bip001 R Calf,Skeleton,Bone,,,Skeleton bone (Bip001 R Calf),,
Human,animation,WesternKingdoms/animation/Cavalry/WK_cavalry_01_idle.FBX,bone,Bip001 R Foot,Skeleton,Bone,,,Skeleton bone (Bip001 R Foot),,
Human,animation,WesternKingdoms/animation/Cavalry/WK_cavalry_01_idle.FBX,bone,Bip001 R Toe0,Skeleton,Bone,,,Skeleton bone (Bip001 R Toe0),,
Human,animation,WesternKingdoms/animation/Cavalry/WK_cavalry_01_idle.FBX,bone,Bip001 Tail,Skeleton,Bone,,,Skeleton bone (Bip001 Tail),,
Human,animation,WesternKingdoms/animation/Cavalry/WK_cavalry_01_idle.FBX,bone,Bip001 Tail1,Skeleton,Bone,,,Skeleton bone (Bip001 Tail1),,
Human,animation,WesternKingdoms/animation/Cavalry/WK_cavalry_01_idle.FBX,bone,Bone_Mount,Skeleton,Bone,,,Skeleton bone (Bone_Mount),,
Human,animation,WesternKingdoms/animation/Cavalry/WK_cavalry_01_idle.FBX,bone,Bip001 Pelvis001,Skeleton,Bone,,,Skeleton bone (Bip001 Pelvis001),,
Human,animation,WesternKingdoms/animation/Cavalry/WK_cavalry_01_idle.FBX,bone,Bip001 Spine001,Skeleton,Bone,,,Skeleton bone (Bip001 Spine001),,
Human,animation,WesternKingdoms/animation/Cavalry/WK_cavalry_01_idle.FBX,bone,Bip001 Neck001,Skeleton,Bone,,,Skeleton bone (Bip001 Neck001),,
Human,animation,WesternKingdoms/animation/Cavalry/WK_cavalry_01_idle.FBX,bone,Bip001 Head001,Skeleton,Bone,,,Skeleton bone (Bip001 Head001),,
Human,animation,WesternKingdoms/animation/Cavalry/WK_cavalry_01_idle.FBX,bone,Bip001 L Clavicle001,Skeleton,Bone,,,Skeleton bone (Bip001 L Clavicle001),,
Human,animation,WesternKingdoms/animation/Cavalry/WK_cavalry_01_idle.FBX,bone,Bip001 L UpperArm001,Skeleton,Bone,,,Skeleton bone (Bip001 L UpperArm001),,
Human,animation,WesternKingdoms/animation/Cavalry/WK_cavalry_01_idle.FBX,bone,Bip001 L Forearm001,Skeleton,Bone,,,Skeleton bone (Bip001 L Forearm001),,
Human,animation,WesternKingdoms/animation/Cavalry/WK_cavalry_01_idle.FBX,bone,Bip001 L Hand001,Skeleton,Bone,,,Skeleton bone (Bip001 L Hand001),,
Human,animation,WesternKingdoms/animation/Cavalry/WK_cavalry_01_idle.FBX,bone,Bip001 R Clavicle001,Skeleton,Bone,,,Skeleton bone (Bip001 R Clavicle001),,
Human,animation,WesternKingdoms/animation/Cavalry/WK_cavalry_01_idle.FBX,bone,Bip001 R UpperArm001,Skeleton,Bone,,,Skeleton bone (Bip001 R UpperArm001),,
Human,animation,WesternKingdoms/animation/Cavalry/WK_cavalry_01_idle.FBX,bone,Bip001 R Forearm001,Skeleton,Bone,,,Skeleton bone (Bip001 R Forearm001),,
Human,animation,WesternKingdoms/animation/Cavalry/WK_cavalry_01_idle.FBX,bone,Bip001 R Hand001,Skeleton,Bone,,,Skeleton bone (Bip001 R Hand001),,
Human,animation,WesternKingdoms/animation/Cavalry/WK_cavalry_01_idle.FBX,bone,Bip001 L Thigh001,Skeleton,Bone,,,Skeleton bone (Bip001 L Thigh001),,
Human,animation,WesternKingdoms/animation/Cavalry/WK_cavalry_01_idle.FBX,bone,Bip001 L Calf001,Skeleton,Bone,,,Skeleton bone (Bip001 L Calf001),,
Human,animation,WesternKingdoms/animation/Cavalry/WK_cavalry_01_idle.FBX,bone,Bip001 L Foot001,Skeleton,Bone,,,Skeleton bone (Bip001 L Foot001),,
Human,animation,WesternKingdoms/animation/Cavalry/WK_cavalry_01_idle.FBX,bone,Bip001 L Toe001,Skeleton,Bone,,,Skeleton bone (Bip001 L Toe001),,
Human,animation,WesternKingdoms/animation/Cavalry/WK_cavalry_01_idle.FBX,bone,Bip001 R Thigh001,Skeleton,Bone,,,Skeleton bone (Bip001 R Thigh001),,
Human,animation,WesternKingdoms/animation/Cavalry/WK_cavalry_01_idle.FBX,bone,Bip001 R Calf001,Skeleton,Bone,,,Skeleton bone (Bip001 R Calf001),,
Human,animation,WesternKingdoms/animation/Cavalry/WK_cavalry_01_idle.FBX,bone,Bip001 R Foot001,Skeleton,Bone,,,Skeleton bone (Bip001 R Foot001),,
Human,animation,WesternKingdoms/animation/Cavalry/WK_cavalry_01_idle.FBX,bone,Bip001 R Toe001,Skeleton,Bone,,,Skeleton bone (Bip001 R Toe001),,
Human,animation,WesternKingdoms/animation/Cavalry/WK_cavalry_01_idle.FBX,anim_stack,Take 001,anim_stack,,,,Take 001,,
Human,animation,WesternKingdoms/animation/Cavalry/WK_cavalry_03_run.FBX,bone,Bip001 Pelvis,Skeleton,Bone,,,Skeleton bone (Bip001 Pelvis),,
Human,animation,WesternKingdoms/animation/Cavalry/WK_cavalry_03_run.FBX,bone,Bip001 Spine,Skeleton,Bone,,,Skeleton bone (Bip001 Spine),,
Human,animation,WesternKingdoms/animation/Cavalry/WK_cavalry_03_run.FBX,bone,Bip001 Neck,Skeleton,Bone,,,Skeleton bone (Bip001 Neck),,
Human,animation,WesternKingdoms/animation/Cavalry/WK_cavalry_03_run.FBX,bone,Bip001 Head,Skeleton,Bone,,,Skeleton bone (Bip001 Head),,
Human,animation,WesternKingdoms/animation/Cavalry/WK_cavalry_03_run.FBX,bone,Bip001 L Clavicle,Skeleton,Bone,,,Skeleton bone (Bip001 L Clavicle),,
Human,animation,WesternKingdoms/animation/Cavalry/WK_cavalry_03_run.FBX,bone,Bip001 L UpperArm,Skeleton,Bone,,,Skeleton bone (Bip001 L UpperArm),,
Human,animation,WesternKingdoms/animation/Cavalry/WK_cavalry_03_run.FBX,bone,Bip001 L Forearm,Skeleton,Bone,,,Skeleton bone (Bip001 L Forearm),,
Human,animation,WesternKingdoms/animation/Cavalry/WK_cavalry_03_run.FBX,bone,Bip001 L Hand,Skeleton,Bone,,,Skeleton bone (Bip001 L Hand),,
Human,animation,WesternKingdoms/animation/Cavalry/WK_cavalry_03_run.FBX,bone,Bip001 L Finger0,Skeleton,Bone,,,Skeleton bone (Bip001 L Finger0),,
Human,animation,WesternKingdoms/animation/Cavalry/WK_cavalry_03_run.FBX,bone,Bip001 R Clavicle,Skeleton,Bone,,,Skeleton bone (Bip001 R Clavicle),,
Human,animation,WesternKingdoms/animation/Cavalry/WK_cavalry_03_run.FBX,bone,Bip001 R UpperArm,Skeleton,Bone,,,Skeleton bone (Bip001 R UpperArm),,
Human,animation,WesternKingdoms/animation/Cavalry/WK_cavalry_03_run.FBX,bone,Bip001 R Forearm,Skeleton,Bone,,,Skeleton bone (Bip001 R Forearm),,
Human,animation,WesternKingdoms/animation/Cavalry/WK_cavalry_03_run.FBX,bone,Bip001 R Hand,Skeleton,Bone,,,Skeleton bone (Bip001 R Hand),,
Human,animation,WesternKingdoms/animation/Cavalry/WK_cavalry_03_run.FBX,bone,Bip001 R Finger0,Skeleton,Bone,,,Skeleton bone (Bip001 R Finger0),,
Human,animation,WesternKingdoms/animation/Cavalry/WK_cavalry_03_run.FBX,bone,Bip001 L Thigh,Skeleton,Bone,,,Skeleton bone (Bip001 L Thigh),,
Human,animation,WesternKingdoms/animation/Cavalry/WK_cavalry_03_run.FBX,bone,Bip001 L Calf,Skeleton,Bone,,,Skeleton bone (Bip001 L Calf),,
Human,animation,WesternKingdoms/animation/Cavalry/WK_cavalry_03_run.FBX,bone,Bip001 L Foot,Skeleton,Bone,,,Skeleton bone (Bip001 L Foot),,
Human,animation,WesternKingdoms/animation/Cavalry/WK_cavalry_03_run.FBX,bone,Bip001 L Toe0,Skeleton,Bone,,,Skeleton bone (Bip001 L Toe0),,
Human,animation,WesternKingdoms/animation/Cavalry/WK_cavalry_03_run.FBX,bone,Bip001 R Thigh,Skeleton,Bone,,,Skeleton bone (Bip001 R Thigh),,
Human,animation,WesternKingdoms/animation/Cavalry/WK_cavalry_03_run.FBX,bone,Bip001 R Calf,Skeleton,Bone,,,Skeleton bone (Bip001 R Calf),,
Human,animation,WesternKingdoms/animation/Cavalry/WK_cavalry_03_run.FBX,bone,Bip001 R Foot,Skeleton,Bone,,,Skeleton bone (Bip001 R Foot),,
Human,animation,WesternKingdoms/animation/Cavalry/WK_cavalry_03_run.FBX,bone,Bip001 R Toe0,Skeleton,Bone,,,Skeleton bone (Bip001 R Toe0),,
Human,animation,WesternKingdoms/animation/Cavalry/WK_cavalry_03_run.FBX,bone,Bip001 Tail,Skeleton,Bone,,,Skeleton bone (Bip001 Tail),,
Human,animation,WesternKingdoms/animation/Cavalry/WK_cavalry_03_run.FBX,bone,Bip001 Tail1,Skeleton,Bone,,,Skeleton bone (Bip001 Tail1),,
Human,animation,WesternKingdoms/animation/Cavalry/WK_cavalry_03_run.FBX,bone,Bone_Mount,Skeleton,Bone,,,Skeleton bone (Bone_Mount),,
Human,animation,WesternKingdoms/animation/Cavalry/WK_cavalry_03_run.FBX,bone,Bip001 Pelvis001,Skeleton,Bone,,,Skeleton bone (Bip001 Pelvis001),,
Human,animation,WesternKingdoms/animation/Cavalry/WK_cavalry_03_run.FBX,bone,Bip001 Spine001,Skeleton,Bone,,,Skeleton bone (Bip001 Spine001),,
Human,animation,WesternKingdoms/animation/Cavalry/WK_cavalry_03_run.FBX,bone,Bip001 Neck001,Skeleton,Bone,,,Skeleton bone (Bip001 Neck001),,
Human,animation,WesternKingdoms/animation/Cavalry/WK_cavalry_03_run.FBX,bone,Bip001 Head001,Skeleton,Bone,,,Skeleton bone (Bip001 Head001),,
Human,animation,WesternKingdoms/animation/Cavalry/WK_cavalry_03_run.FBX,bone,Bip001 L Clavicle001,Skeleton,Bone,,,Skeleton bone (Bip001 L Clavicle001),,
Human,animation,WesternKingdoms/animation/Cavalry/WK_cavalry_03_run.FBX,bone,Bip001 L UpperArm001,Skeleton,Bone,,,Skeleton bone (Bip001 L UpperArm001),,
Human,animation,WesternKingdoms/animation/Cavalry/WK_cavalry_03_run.FBX,bone,Bip001 L Forearm001,Skeleton,Bone,,,Skeleton bone (Bip001 L Forearm001),,
Human,animation,WesternKingdoms/animation/Cavalry/WK_cavalry_03_run.FBX,bone,Bip001 L Hand001,Skeleton,Bone,,,Skeleton bone (Bip001 L Hand001),,
Human,animation,WesternKingdoms/animation/Cavalry/WK_cavalry_03_run.FBX,bone,Bip001 R Clavicle001,Skeleton,Bone,,,Skeleton bone (Bip001 R Clavicle001),,
Human,animation,WesternKingdoms/animation/Cavalry/WK_cavalry_03_run.FBX,bone,Bip001 R UpperArm001,Skeleton,Bone,,,Skeleton bone (Bip001 R UpperArm001),,
Human,animation,WesternKingdoms/animation/Cavalry/WK_cavalry_03_run.FBX,bone,Bip001 R Forearm001,Skeleton,Bone,,,Skeleton bone (Bip001 R Forearm001),,
Human,animation,WesternKingdoms/animation/Cavalry/WK_cavalry_03_run.FBX,bone,Bip001 R Hand001,Skeleton,Bone,,,Skeleton bone (Bip001 R Hand001),,
Human,animation,WesternKingdoms/animation/Cavalry/WK_cavalry_03_run.FBX,bone,Bip001 L Thigh001,Skeleton,Bone,,,Skeleton bone (Bip001 L Thigh001),,
Human,animation,WesternKingdoms/animation/Cavalry/WK_cavalry_03_run.FBX,bone,Bip001 L Calf001,Skeleton,Bone,,,Skeleton bone (Bip001 L Calf001),,
Human,animation,WesternKingdoms/animation/Cavalry/WK_cavalry_03_run.FBX,bone,Bip001 L Foot001,Skeleton,Bone,,,Skeleton bone (Bip001 L Foot001),,
Human,animation,WesternKingdoms/animation/Cavalry/WK_cavalry_03_run.FBX,bone,Bip001 L Toe001,Skeleton,Bone,,,Skeleton bone (Bip001 L Toe001),,
Human,animation,WesternKingdoms/animation/Cavalry/WK_cavalry_03_run.FBX,bone,Bip001 R Thigh001,Skeleton,Bone,,,Skeleton bone (Bip001 R Thigh001),,
Human,animation,WesternKingdoms/animation/Cavalry/WK_cavalry_03_run.FBX,bone,Bip001 R Calf001,Skeleton,Bone,,,Skeleton bone (Bip001 R Calf001),,
Human,animation,WesternKingdoms/animation/Cavalry/WK_cavalry_03_run.FBX,bone,Bip001 R Foot001,Skeleton,Bone,,,Skeleton bone (Bip001 R Foot001),,
Human,animation,WesternKingdoms/animation/Cavalry/WK_cavalry_03_run.FBX,bone,Bip001 R Toe001,Skeleton,Bone,,,Skeleton bone (Bip001 R Toe001),,
Human,animation,WesternKingdoms/animation/Cavalry/WK_cavalry_03_run.FBX,anim_stack,Take 001,anim_stack,,,,Take 001,,
Human,animation,WesternKingdoms/animation/Cavalry/WK_cavalry_10_death_B.FBX,bone,Bip001 Pelvis,Skeleton,Bone,,,Skeleton bone (Bip001 Pelvis),,
Human,animation,WesternKingdoms/animation/Cavalry/WK_cavalry_10_death_B.FBX,bone,Bip001 Spine,Skeleton,Bone,,,Skeleton bone (Bip001 Spine),,
Human,animation,WesternKingdoms/animation/Cavalry/WK_cavalry_10_death_B.FBX,bone,Bip001 Neck,Skeleton,Bone,,,Skeleton bone (Bip001 Neck),,
Human,animation,WesternKingdoms/animation/Cavalry/WK_cavalry_10_death_B.FBX,bone,Bip001 Head,Skeleton,Bone,,,Skeleton bone (Bip001 Head),,
Human,animation,WesternKingdoms/animation/Cavalry/WK_cavalry_10_death_B.FBX,bone,Bip001 L Clavicle,Skeleton,Bone,,,Skeleton bone (Bip001 L Clavicle),,
Human,animation,WesternKingdoms/animation/Cavalry/WK_cavalry_10_death_B.FBX,bone,Bip001 L UpperArm,Skeleton,Bone,,,Skeleton bone (Bip001 L UpperArm),,
Human,animation,WesternKingdoms/animation/Cavalry/WK_cavalry_10_death_B.FBX,bone,Bip001 L Forearm,Skeleton,Bone,,,Skeleton bone (Bip001 L Forearm),,
Human,animation,WesternKingdoms/animation/Cavalry/WK_cavalry_10_death_B.FBX,bone,Bip001 L Hand,Skeleton,Bone,,,Skeleton bone (Bip001 L Hand),,
Human,animation,WesternKingdoms/animation/Cavalry/WK_cavalry_10_death_B.FBX,bone,Bip001 L Finger0,Skeleton,Bone,,,Skeleton bone (Bip001 L Finger0),,
Human,animation,WesternKingdoms/animation/Cavalry/WK_cavalry_10_death_B.FBX,bone,Bip001 R Clavicle,Skeleton,Bone,,,Skeleton bone (Bip001 R Clavicle),,
Human,animation,WesternKingdoms/animation/Cavalry/WK_cavalry_10_death_B.FBX,bone,Bip001 R UpperArm,Skeleton,Bone,,,Skeleton bone (Bip001 R UpperArm),,
Human,animation,WesternKingdoms/animation/Cavalry/WK_cavalry_10_death_B.FBX,bone,Bip001 R Forearm,Skeleton,Bone,,,Skeleton bone (Bip001 R Forearm),,
Human,animation,WesternKingdoms/animation/Cavalry/WK_cavalry_10_death_B.FBX,bone,Bip001 R Hand,Skeleton,Bone,,,Skeleton bone (Bip001 R Hand),,
Human,animation,WesternKingdoms/animation/Cavalry/WK_cavalry_10_death_B.FBX,bone,Bip001 R Finger0,Skeleton,Bone,,,Skeleton bone (Bip001 R Finger0),,
Human,animation,WesternKingdoms/animation/Cavalry/WK_cavalry_10_death_B.FBX,bone,Bip001 L Thigh,Skeleton,Bone,,,Skeleton bone (Bip001 L Thigh),,
Human,animation,WesternKingdoms/animation/Cavalry/WK_cavalry_10_death_B.FBX,bone,Bip001 L Calf,Skeleton,Bone,,,Skeleton bone (Bip001 L Calf),,
Human,animation,WesternKingdoms/animation/Cavalry/WK_cavalry_10_death_B.FBX,bone,Bip001 L Foot,Skeleton,Bone,,,Skeleton bone (Bip001 L Foot),,
Human,animation,WesternKingdoms/animation/Cavalry/WK_cavalry_10_death_B.FBX,bone,Bip001 L Toe0,Skeleton,Bone,,,Skeleton bone (Bip001 L Toe0),,
Human,animation,WesternKingdoms/animation/Cavalry/WK_cavalry_10_death_B.FBX,bone,Bip001 R Thigh,Skeleton,Bone,,,Skeleton bone (Bip001 R Thigh),,
Human,animation,WesternKingdoms/animation/Cavalry/WK_cavalry_10_death_B.FBX,bone,Bip001 R Calf,Skeleton,Bone,,,Skeleton bone (Bip001 R Calf),,
Human,animation,WesternKingdoms/animation/Cavalry/WK_cavalry_10_death_B.FBX,bone,Bip001 R Foot,Skeleton,Bone,,,Skeleton bone (Bip001 R Foot),,
Human,animation,WesternKingdoms/animation/Cavalry/WK_cavalry_10_death_B.FBX,bone,Bip001 R Toe0,Skeleton,Bone,,,Skeleton bone (Bip001 R Toe0),,
Human,animation,WesternKingdoms/animation/Cavalry/WK_cavalry_10_death_B.FBX,bone,Bip001 Tail,Skeleton,Bone,,,Skeleton bone (Bip001 Tail),,
Human,animation,WesternKingdoms/animation/Cavalry/WK_cavalry_10_death_B.FBX,bone,Bip001 Tail1,Skeleton,Bone,,,Skeleton bone (Bip001 Tail1),,
Human,animation,WesternKingdoms/animation/Cavalry/WK_cavalry_10_death_B.FBX,bone,Bone_Mount,Skeleton,Bone,,,Skeleton bone (Bone_Mount),,
Human,animation,WesternKingdoms/animation/Cavalry/WK_cavalry_10_death_B.FBX,bone,Bip001 Pelvis001,Skeleton,Bone,,,Skeleton bone (Bip001 Pelvis001),,
Human,animation,WesternKingdoms/animation/Cavalry/WK_cavalry_10_death_B.FBX,bone,Bip001 Spine001,Skeleton,Bone,,,Skeleton bone (Bip001 Spine001),,
Human,animation,WesternKingdoms/animation/Cavalry/WK_cavalry_10_death_B.FBX,bone,Bip001 Neck001,Skeleton,Bone,,,Skeleton bone (Bip001 Neck001),,
Human,animation,WesternKingdoms/animation/Cavalry/WK_cavalry_10_death_B.FBX,bone,Bip001 Head001,Skeleton,Bone,,,Skeleton bone (Bip001 Head001),,
Human,animation,WesternKingdoms/animation/Cavalry/WK_cavalry_10_death_B.FBX,bone,Bip001 L Clavicle001,Skeleton,Bone,,,Skeleton bone (Bip001 L Clavicle001),,
Human,animation,WesternKingdoms/animation/Cavalry/WK_cavalry_10_death_B.FBX,bone,Bip001 L UpperArm001,Skeleton,Bone,,,Skeleton bone (Bip001 L UpperArm001),,
Human,animation,WesternKingdoms/animation/Cavalry/WK_cavalry_10_death_B.FBX,bone,Bip001 L Forearm001,Skeleton,Bone,,,Skeleton bone (Bip001 L Forearm001),,
Human,animation,WesternKingdoms/animation/Cavalry/WK_cavalry_10_death_B.FBX,bone,Bip001 L Hand001,Skeleton,Bone,,,Skeleton bone (Bip001 L Hand001),,
Human,animation,WesternKingdoms/animation/Cavalry/WK_cavalry_10_death_B.FBX,bone,Bip001 R Clavicle001,Skeleton,Bone,,,Skeleton bone (Bip001 R Clavicle001),,
Human,animation,WesternKingdoms/animation/Cavalry/WK_cavalry_10_death_B.FBX,bone,Bip001 R UpperArm001,Skeleton,Bone,,,Skeleton bone (Bip001 R UpperArm001),,
Human,animation,WesternKingdoms/animation/Cavalry/WK_cavalry_10_death_B.FBX,bone,Bip001 R Forearm001,Skeleton,Bone,,,Skeleton bone (Bip001 R Forearm001),,
Human,animation,WesternKingdoms/animation/Cavalry/WK_cavalry_10_death_B.FBX,bone,Bip001 R Hand001,Skeleton,Bone,,,Skeleton bone (Bip001 R Hand001),,
Human,animation,WesternKingdoms/animation/Cavalry/WK_cavalry_10_death_B.FBX,bone,Bip001 L Thigh001,Skeleton,Bone,,,Skeleton bone (Bip001 L Thigh001),,
Human,animation,WesternKingdoms/animation/Cavalry/WK_cavalry_10_death_B.FBX,bone,Bip001 L Calf001,Skeleton,Bone,,,Skeleton bone (Bip001 L Calf001),,
Human,animation,WesternKingdoms/animation/Cavalry/WK_cavalry_10_death_B.FBX,bone,Bip001 L Foot001,Skeleton,Bone,,,Skeleton bone (Bip001 L Foot001),,
Human,animation,WesternKingdoms/animation/Cavalry/WK_cavalry_10_death_B.FBX,bone,Bip001 L Toe001,Skeleton,Bone,,,Skeleton bone (Bip001 L Toe001),,
Human,animation,WesternKingdoms/animation/Cavalry/WK_cavalry_10_death_B.FBX,bone,Bip001 R Thigh001,Skeleton,Bone,,,Skeleton bone (Bip001 R Thigh001),,
Human,animation,WesternKingdoms/animation/Cavalry/WK_cavalry_10_death_B.FBX,bone,Bip001 R Calf001,Skeleton,Bone,,,Skeleton bone (Bip001 R Calf001),,
Human,animation,WesternKingdoms/animation/Cavalry/WK_cavalry_10_death_B.FBX,bone,Bip001 R Foot001,Skeleton,Bone,,,Skeleton bone (Bip001 R Foot001),,
Human,animation,WesternKingdoms/animation/Cavalry/WK_cavalry_10_death_B.FBX,bone,Bip001 R Toe001,Skeleton,Bone,,,Skeleton bone (Bip001 R Toe001),,
Human,animation,WesternKingdoms/animation/Cavalry/WK_cavalry_10_death_B.FBX,anim_stack,Take 001,anim_stack,,,,Take 001,,
Human,siege,WesternKingdoms/models/WK_Catapult.FBX,mesh_part,WK_Catapult_rock,Siege,Projectile,,,Siege projectile (WK_Catapult_rock),,
Human,siege,WesternKingdoms/models/WK_Catapult.FBX,mesh_part,WK_Catapult,Siege,Engine,,,Siege engine (WK_Catapult),,
Human,siege,WesternKingdoms/models/WK_Catapult.FBX,geometry,(unnamed),geometry,,,,(unnamed),22,108
Human,siege,WesternKingdoms/models/WK_Catapult.FBX,geometry,(unnamed),geometry,,,,(unnamed),368,1758
Human,siege,WesternKingdoms/models/WK_Catapult.FBX,bone,Bone_Root,Skeleton,Bone,,,Skeleton bone (Bone_Root),,
Human,siege,WesternKingdoms/models/WK_Catapult.FBX,bone,Bone_Platform,Skeleton,Bone,,,Skeleton bone (Bone_Platform),,
Human,siege,WesternKingdoms/models/WK_Catapult.FBX,bone,Bone_Arm,Skeleton,Bone,,,Skeleton bone (Bone_Arm),,
Human,siege,WesternKingdoms/models/WK_Catapult.FBX,bone,Bone_stone,Skeleton,Bone,,,Skeleton bone (Bone_stone),,
Human,siege,WesternKingdoms/models/WK_Catapult.FBX,bone,Bone_body_B,Skeleton,Bone,,,Skeleton bone (Bone_body_B),,
Human,siege,WesternKingdoms/models/WK_Catapult.FBX,bone,Bone_body_A,Skeleton,Bone,,,Skeleton bone (Bone_body_A),,
Human,siege,WesternKingdoms/models/WK_Catapult.FBX,bone,Bone_front,Skeleton,Bone,,,Skeleton bone (Bone_front),,
Human,siege,WesternKingdoms/models/WK_Catapult.FBX,bone,Bone_wheel_A,Skeleton,Bone,,,Skeleton bone (Bone_wheel_A),,
Human,siege,WesternKingdoms/models/WK_Catapult.FBX,bone,Bone_wheel_B,Skeleton,Bone,,,Skeleton bone (Bone_wheel_B),,
Human,siege,WesternKingdoms/models/WK_Catapult.FBX,bone,Bone_wheel_C,Skeleton,Bone,,,Skeleton bone (Bone_wheel_C),,
Human,siege,WesternKingdoms/models/WK_Catapult.FBX,bone,Bone_wheel_C001D,Skeleton,Bone,,,Skeleton bone (Bone_wheel_C001D),,
Human,siege,WesternKingdoms/models/WK_Catapult.FBX,material,WK_Standard_Units,material,,,,WK_Standard_Units,,
Human,siege,WesternKingdoms/models/WK_Catapult.FBX,texture,Map #9,texture,,,,Map #9,,
Human,cavalry-character,WesternKingdoms/models/WK_Cavalry_customizable.FBX,mesh_part,WK_Horse,Mount,Creature,horse,,Mount creature: horse,,
Human,cavalry-character,WesternKingdoms/models/WK_Cavalry_customizable.FBX,mesh_part,WK_weapon_staff_A,Equipment,Weapon,staff,A,Staff (caster) variant A (right-hand weapon mesh),,
Human,cavalry-character,WesternKingdoms/models/WK_Cavalry_customizable.FBX,mesh_part,WK_weapon_staff_B,Equipment,Weapon,staff,B,Staff (caster) variant B (right-hand weapon mesh),,
Human,cavalry-character,WesternKingdoms/models/WK_Cavalry_customizable.FBX,mesh_part,WK_weapon_staff_C,Equipment,Weapon,staff,C,Staff (caster) variant C (right-hand weapon mesh),,
Human,cavalry-character,WesternKingdoms/models/WK_Cavalry_customizable.FBX,mesh_part,WK_weapon_Bow,Equipment,Weapon,bow,,Bow (ranged) variant - (right-hand weapon mesh),,
Human,cavalry-character,WesternKingdoms/models/WK_Cavalry_customizable.FBX,mesh_part,WK_Shield_A,Equipment,Shield,shield,A,Shield variant A (off-hand),,
Human,cavalry-character,WesternKingdoms/models/WK_Cavalry_customizable.FBX,mesh_part,WK_Shield_C,Equipment,Shield,shield,C,Shield variant C (off-hand),,
Human,cavalry-character,WesternKingdoms/models/WK_Cavalry_customizable.FBX,mesh_part,WK_Shield_B,Equipment,Shield,shield,B,Shield variant B (off-hand),,
Human,cavalry-character,WesternKingdoms/models/WK_Cavalry_customizable.FBX,mesh_part,WK_Shield_D,Equipment,Shield,shield,D,Shield variant D (off-hand),,
Human,cavalry-character,WesternKingdoms/models/WK_Cavalry_customizable.FBX,mesh_part,WK_weapon_spear,Equipment,Weapon,spear,,Spear variant - (right-hand weapon mesh),,
Human,cavalry-character,WesternKingdoms/models/WK_Cavalry_customizable.FBX,mesh_part,WK_weapon_sword_A,Equipment,Weapon,sword,A,Sword variant A (right-hand weapon mesh),,
Human,cavalry-character,WesternKingdoms/models/WK_Cavalry_customizable.FBX,mesh_part,WK_weapon_hammer_B,Equipment,Weapon,hammer,B,Hammer variant B (right-hand weapon mesh),,
Human,cavalry-character,WesternKingdoms/models/WK_Cavalry_customizable.FBX,mesh_part,WK_weapon_pick,Equipment,Weapon,pick,,Pick (worker tool) variant - (right-hand weapon mesh),,
Human,cavalry-character,WesternKingdoms/models/WK_Cavalry_customizable.FBX,mesh_part,WK_weapon_sword_B,Equipment,Weapon,sword,B,Sword variant B (right-hand weapon mesh),,
Human,cavalry-character,WesternKingdoms/models/WK_Cavalry_customizable.FBX,mesh_part,WK_weapon_axe_B,Equipment,Weapon,axe,B,Axe variant B (right-hand weapon mesh),,
Human,cavalry-character,WesternKingdoms/models/WK_Cavalry_customizable.FBX,mesh_part,WK_weapon_lance,Equipment,Weapon,lance,,Lance (cavalry) variant - (right-hand weapon mesh),,
Human,cavalry-character,WesternKingdoms/models/WK_Cavalry_customizable.FBX,mesh_part,WK_weapon_hammer_A,Equipment,Weapon,hammer,A,Hammer variant A (right-hand weapon mesh),,
Human,cavalry-character,WesternKingdoms/models/WK_Cavalry_customizable.FBX,mesh_part,WK_weapon_axe_A,Equipment,Weapon,axe,A,Axe variant A (right-hand weapon mesh),,
Human,cavalry-character,WesternKingdoms/models/WK_Cavalry_customizable.FBX,mesh_part,WK_Xtra_quiver,Accessory,Extra,quiver,,Arrow quiver (back),,
Human,cavalry-character,WesternKingdoms/models/WK_Cavalry_customizable.FBX,mesh_part,WK_Units_Body_A,Body,Body / Torso,,A,Body / Torso variant A (swappable body mesh),,
Human,cavalry-character,WesternKingdoms/models/WK_Cavalry_customizable.FBX,mesh_part,WK_Units_Body_B,Body,Body / Torso,,B,Body / Torso variant B (swappable body mesh),,
Human,cavalry-character,WesternKingdoms/models/WK_Cavalry_customizable.FBX,mesh_part,WK_Units_Body_D,Body,Body / Torso,,D,Body / Torso variant D (swappable body mesh),,
Human,cavalry-character,WesternKingdoms/models/WK_Cavalry_customizable.FBX,mesh_part,WK_Units_Body_C,Body,Body / Torso,,C,Body / Torso variant C (swappable body mesh),,
Human,cavalry-character,WesternKingdoms/models/WK_Cavalry_customizable.FBX,mesh_part,WK_Units_shoulderpads_A,Body,Shoulders,,A,Shoulders variant A (swappable body mesh),,
Human,cavalry-character,WesternKingdoms/models/WK_Cavalry_customizable.FBX,mesh_part,WK_Units_head_C,Body,Head,,C,Head variant C (swappable body mesh),,
Human,cavalry-character,WesternKingdoms/models/WK_Cavalry_customizable.FBX,mesh_part,WK_Units_head_B,Body,Head,,B,Head variant B (swappable body mesh),,
Human,cavalry-character,WesternKingdoms/models/WK_Cavalry_customizable.FBX,mesh_part,WK_Units_head_A,Body,Head,,A,Head variant A (swappable body mesh),,
Human,cavalry-character,WesternKingdoms/models/WK_Cavalry_customizable.FBX,mesh_part,WK_Units_Legs_A,Body,Legs,,A,Legs variant A (swappable body mesh),,
Human,cavalry-character,WesternKingdoms/models/WK_Cavalry_customizable.FBX,mesh_part,WK_Units_Arms_A,Body,Arms,,A,Arms variant A (swappable body mesh),,
Human,cavalry-character,WesternKingdoms/models/WK_Cavalry_customizable.FBX,mesh_part,WK_Units_Legs_B,Body,Legs,,B,Legs variant B (swappable body mesh),,
Human,cavalry-character,WesternKingdoms/models/WK_Cavalry_customizable.FBX,mesh_part,WK_Units_Arms_B,Body,Arms,,B,Arms variant B (swappable body mesh),,
Human,cavalry-character,WesternKingdoms/models/WK_Cavalry_customizable.FBX,mesh_part,WK_Units_Legs_C,Body,Legs,,C,Legs variant C (swappable body mesh),,
Human,cavalry-character,WesternKingdoms/models/WK_Cavalry_customizable.FBX,mesh_part,WK_Units_Arms_C,Body,Arms,,C,Arms variant C (swappable body mesh),,
Human,cavalry-character,WesternKingdoms/models/WK_Cavalry_customizable.FBX,mesh_part,WK_Units_Body_E,Body,Body / Torso,,E,Body / Torso variant E (swappable body mesh),,
Human,cavalry-character,WesternKingdoms/models/WK_Cavalry_customizable.FBX,mesh_part,WK_Units_head_E,Body,Head,,E,Head variant E (swappable body mesh),,
Human,cavalry-character,WesternKingdoms/models/WK_Cavalry_customizable.FBX,mesh_part,WK_Units_Arms_D,Body,Arms,,D,Arms variant D (swappable body mesh),,
Human,cavalry-character,WesternKingdoms/models/WK_Cavalry_customizable.FBX,mesh_part,WK_Units_head_D,Body,Head,,D,Head variant D (swappable body mesh),,
Human,cavalry-character,WesternKingdoms/models/WK_Cavalry_customizable.FBX,mesh_part,WK_Units_head_H,Body,Head,,H,Head variant H (swappable body mesh),,
Human,cavalry-character,WesternKingdoms/models/WK_Cavalry_customizable.FBX,mesh_part,WK_Units_head_G,Body,Head,,G,Head variant G (swappable body mesh),,
Human,cavalry-character,WesternKingdoms/models/WK_Cavalry_customizable.FBX,mesh_part,WK_Units_head_F,Body,Head,,F,Head variant F (swappable body mesh),,
Human,cavalry-character,WesternKingdoms/models/WK_Cavalry_customizable.FBX,mesh_part,WK_Units_shoulderpads_B,Body,Shoulders,,B,Shoulders variant B (swappable body mesh),,
Human,cavalry-character,WesternKingdoms/models/WK_Cavalry_customizable.FBX,mesh_part,WK_Units_head_I,Body,Head,,I,Head variant I (swappable body mesh),,
Human,cavalry-character,WesternKingdoms/models/WK_Cavalry_customizable.FBX,mesh_part,WK_horse_Seat,Mount,Saddle,,,Saddle / rider seat for mount,,
Human,cavalry-character,WesternKingdoms/models/WK_Cavalry_customizable.FBX,geometry,(unnamed),geometry,,,,(unnamed),174,794
Human,cavalry-character,WesternKingdoms/models/WK_Cavalry_customizable.FBX,geometry,(unnamed),geometry,,,,(unnamed),21,82
Human,cavalry-character,WesternKingdoms/models/WK_Cavalry_customizable.FBX,geometry,(unnamed),geometry,,,,(unnamed),42,176
Human,cavalry-character,WesternKingdoms/models/WK_Cavalry_customizable.FBX,geometry,(unnamed),geometry,,,,(unnamed),25,106
Human,cavalry-character,WesternKingdoms/models/WK_Cavalry_customizable.FBX,geometry,(unnamed),geometry,,,,(unnamed),23,114
Human,cavalry-character,WesternKingdoms/models/WK_Cavalry_customizable.FBX,geometry,(unnamed),geometry,,,,(unnamed),17,86
Human,cavalry-character,WesternKingdoms/models/WK_Cavalry_customizable.FBX,geometry,(unnamed),geometry,,,,(unnamed),20,72
Human,cavalry-character,WesternKingdoms/models/WK_Cavalry_customizable.FBX,geometry,(unnamed),geometry,,,,(unnamed),27,110
Human,cavalry-character,WesternKingdoms/models/WK_Cavalry_customizable.FBX,geometry,(unnamed),geometry,,,,(unnamed),17,70
Human,cavalry-character,WesternKingdoms/models/WK_Cavalry_customizable.FBX,geometry,(unnamed),geometry,,,,(unnamed),21,86
Human,cavalry-character,WesternKingdoms/models/WK_Cavalry_customizable.FBX,geometry,(unnamed),geometry,,,,(unnamed),17,70
Human,cavalry-character,WesternKingdoms/models/WK_Cavalry_customizable.FBX,geometry,(unnamed),geometry,,,,(unnamed),23,84
Human,cavalry-character,WesternKingdoms/models/WK_Cavalry_customizable.FBX,geometry,(unnamed),geometry,,,,(unnamed),17,74
Human,cavalry-character,WesternKingdoms/models/WK_Cavalry_customizable.FBX,geometry,(unnamed),geometry,,,,(unnamed),17,70
Human,cavalry-character,WesternKingdoms/models/WK_Cavalry_customizable.FBX,geometry,(unnamed),geometry,,,,(unnamed),28,98
Human,cavalry-character,WesternKingdoms/models/WK_Cavalry_customizable.FBX,geometry,(unnamed),geometry,,,,(unnamed),45,176
Human,cavalry-character,WesternKingdoms/models/WK_Cavalry_customizable.FBX,geometry,(unnamed),geometry,,,,(unnamed),18,56
Human,cavalry-character,WesternKingdoms/models/WK_Cavalry_customizable.FBX,geometry,(unnamed),geometry,,,,(unnamed),21,78
Human,cavalry-character,WesternKingdoms/models/WK_Cavalry_customizable.FBX,geometry,(unnamed),geometry,,,,(unnamed),56,129
Human,cavalry-character,WesternKingdoms/models/WK_Cavalry_customizable.FBX,geometry,(unnamed),geometry,,,,(unnamed),88,352
Human,cavalry-character,WesternKingdoms/models/WK_Cavalry_customizable.FBX,geometry,(unnamed),geometry,,,,(unnamed),92,364
Human,cavalry-character,WesternKingdoms/models/WK_Cavalry_customizable.FBX,geometry,(unnamed),geometry,,,,(unnamed),88,344
Human,cavalry-character,WesternKingdoms/models/WK_Cavalry_customizable.FBX,geometry,(unnamed),geometry,,,,(unnamed),92,364
Human,cavalry-character,WesternKingdoms/models/WK_Cavalry_customizable.FBX,geometry,(unnamed),geometry,,,,(unnamed),34,148
Human,cavalry-character,WesternKingdoms/models/WK_Cavalry_customizable.FBX,geometry,(unnamed),geometry,,,,(unnamed),84,226
Human,cavalry-character,WesternKingdoms/models/WK_Cavalry_customizable.FBX,geometry,(unnamed),geometry,,,,(unnamed),47,200
Human,cavalry-character,WesternKingdoms/models/WK_Cavalry_customizable.FBX,geometry,(unnamed),geometry,,,,(unnamed),31,154
Human,cavalry-character,WesternKingdoms/models/WK_Cavalry_customizable.FBX,geometry,(unnamed),geometry,,,,(unnamed),36,156
Human,cavalry-character,WesternKingdoms/models/WK_Cavalry_customizable.FBX,geometry,(unnamed),geometry,,,,(unnamed),26,112
Human,cavalry-character,WesternKingdoms/models/WK_Cavalry_customizable.FBX,geometry,(unnamed),geometry,,,,(unnamed),34,140
Human,cavalry-character,WesternKingdoms/models/WK_Cavalry_customizable.FBX,geometry,(unnamed),geometry,,,,(unnamed),26,112
Human,cavalry-character,WesternKingdoms/models/WK_Cavalry_customizable.FBX,geometry,(unnamed),geometry,,,,(unnamed),36,192
Human,cavalry-character,WesternKingdoms/models/WK_Cavalry_customizable.FBX,geometry,(unnamed),geometry,,,,(unnamed),26,112
Human,cavalry-character,WesternKingdoms/models/WK_Cavalry_customizable.FBX,geometry,(unnamed),geometry,,,,(unnamed),119,506
Human,cavalry-character,WesternKingdoms/models/WK_Cavalry_customizable.FBX,geometry,(unnamed),geometry,,,,(unnamed),37,190
Human,cavalry-character,WesternKingdoms/models/WK_Cavalry_customizable.FBX,geometry,(unnamed),geometry,,,,(unnamed),26,112
Human,cavalry-character,WesternKingdoms/models/WK_Cavalry_customizable.FBX,geometry,(unnamed),geometry,,,,(unnamed),46,192
Human,cavalry-character,WesternKingdoms/models/WK_Cavalry_customizable.FBX,geometry,(unnamed),geometry,,,,(unnamed),48,212
Human,cavalry-character,WesternKingdoms/models/WK_Cavalry_customizable.FBX,geometry,(unnamed),geometry,,,,(unnamed),48,212
Human,cavalry-character,WesternKingdoms/models/WK_Cavalry_customizable.FBX,geometry,(unnamed),geometry,,,,(unnamed),52,244
Human,cavalry-character,WesternKingdoms/models/WK_Cavalry_customizable.FBX,geometry,(unnamed),geometry,,,,(unnamed),34,148
Human,cavalry-character,WesternKingdoms/models/WK_Cavalry_customizable.FBX,geometry,(unnamed),geometry,,,,(unnamed),44,188
Human,cavalry-character,WesternKingdoms/models/WK_Cavalry_customizable.FBX,geometry,(unnamed),geometry,,,,(unnamed),19,90
Human,cavalry-character,WesternKingdoms/models/WK_Cavalry_customizable.FBX,bone,Bip001 Pelvis,Skeleton,Bone,,,Skeleton bone (Bip001 Pelvis),,
Human,cavalry-character,WesternKingdoms/models/WK_Cavalry_customizable.FBX,bone,Bip001 Spine,Skeleton,Bone,,,Skeleton bone (Bip001 Spine),,
Human,cavalry-character,WesternKingdoms/models/WK_Cavalry_customizable.FBX,bone,Bip001 Neck,Skeleton,Bone,,,Skeleton bone (Bip001 Neck),,
Human,cavalry-character,WesternKingdoms/models/WK_Cavalry_customizable.FBX,bone,Bip001 Head,Skeleton,Bone,,,Skeleton bone (Bip001 Head),,
Human,cavalry-character,WesternKingdoms/models/WK_Cavalry_customizable.FBX,bone,Bip001 HeadNub,Skeleton,Bone,,,Skeleton bone (Bip001 HeadNub),,
Human,cavalry-character,WesternKingdoms/models/WK_Cavalry_customizable.FBX,bone,Bip001 L Clavicle,Skeleton,Bone,,,Skeleton bone (Bip001 L Clavicle),,
Human,cavalry-character,WesternKingdoms/models/WK_Cavalry_customizable.FBX,bone,Bip001 L UpperArm,Skeleton,Bone,,,Skeleton bone (Bip001 L UpperArm),,
Human,cavalry-character,WesternKingdoms/models/WK_Cavalry_customizable.FBX,bone,Bip001 L Forearm,Skeleton,Bone,,,Skeleton bone (Bip001 L Forearm),,
Human,cavalry-character,WesternKingdoms/models/WK_Cavalry_customizable.FBX,bone,Bip001 L Hand,Skeleton,Bone,,,Skeleton bone (Bip001 L Hand),,
Human,cavalry-character,WesternKingdoms/models/WK_Cavalry_customizable.FBX,bone,Bip001 L Finger0,Skeleton,Bone,,,Skeleton bone (Bip001 L Finger0),,
Human,cavalry-character,WesternKingdoms/models/WK_Cavalry_customizable.FBX,bone,Bip001 L Finger0Nub,Skeleton,Bone,,,Skeleton bone (Bip001 L Finger0Nub),,
Human,cavalry-character,WesternKingdoms/models/WK_Cavalry_customizable.FBX,bone,Bip001 R Clavicle,Skeleton,Bone,,,Skeleton bone (Bip001 R Clavicle),,
Human,cavalry-character,WesternKingdoms/models/WK_Cavalry_customizable.FBX,bone,Bip001 R UpperArm,Skeleton,Bone,,,Skeleton bone (Bip001 R UpperArm),,
Human,cavalry-character,WesternKingdoms/models/WK_Cavalry_customizable.FBX,bone,Bip001 R Forearm,Skeleton,Bone,,,Skeleton bone (Bip001 R Forearm),,
Human,cavalry-character,WesternKingdoms/models/WK_Cavalry_customizable.FBX,bone,Bip001 R Hand,Skeleton,Bone,,,Skeleton bone (Bip001 R Hand),,
Human,cavalry-character,WesternKingdoms/models/WK_Cavalry_customizable.FBX,bone,Bip001 R Finger0,Skeleton,Bone,,,Skeleton bone (Bip001 R Finger0),,
Human,cavalry-character,WesternKingdoms/models/WK_Cavalry_customizable.FBX,bone,Bip001 R Finger0Nub,Skeleton,Bone,,,Skeleton bone (Bip001 R Finger0Nub),,
Human,cavalry-character,WesternKingdoms/models/WK_Cavalry_customizable.FBX,bone,Bip001 L Thigh,Skeleton,Bone,,,Skeleton bone (Bip001 L Thigh),,
Human,cavalry-character,WesternKingdoms/models/WK_Cavalry_customizable.FBX,bone,Bip001 L Calf,Skeleton,Bone,,,Skeleton bone (Bip001 L Calf),,
Human,cavalry-character,WesternKingdoms/models/WK_Cavalry_customizable.FBX,bone,Bip001 L Foot,Skeleton,Bone,,,Skeleton bone (Bip001 L Foot),,
Human,cavalry-character,WesternKingdoms/models/WK_Cavalry_customizable.FBX,bone,Bip001 L Toe0,Skeleton,Bone,,,Skeleton bone (Bip001 L Toe0),,
Human,cavalry-character,WesternKingdoms/models/WK_Cavalry_customizable.FBX,bone,Bip001 L Toe0Nub,Skeleton,Bone,,,Skeleton bone (Bip001 L Toe0Nub),,
Human,cavalry-character,WesternKingdoms/models/WK_Cavalry_customizable.FBX,bone,Bip001 R Thigh,Skeleton,Bone,,,Skeleton bone (Bip001 R Thigh),,
Human,cavalry-character,WesternKingdoms/models/WK_Cavalry_customizable.FBX,bone,Bip001 R Calf,Skeleton,Bone,,,Skeleton bone (Bip001 R Calf),,
Human,cavalry-character,WesternKingdoms/models/WK_Cavalry_customizable.FBX,bone,Bip001 R Foot,Skeleton,Bone,,,Skeleton bone (Bip001 R Foot),,
Human,cavalry-character,WesternKingdoms/models/WK_Cavalry_customizable.FBX,bone,Bip001 R Toe0,Skeleton,Bone,,,Skeleton bone (Bip001 R Toe0),,
Human,cavalry-character,WesternKingdoms/models/WK_Cavalry_customizable.FBX,bone,Bip001 R Toe0Nub,Skeleton,Bone,,,Skeleton bone (Bip001 R Toe0Nub),,
Human,cavalry-character,WesternKingdoms/models/WK_Cavalry_customizable.FBX,bone,Bip001 Tail,Skeleton,Bone,,,Skeleton bone (Bip001 Tail),,
Human,cavalry-character,WesternKingdoms/models/WK_Cavalry_customizable.FBX,bone,Bip001 Tail1,Skeleton,Bone,,,Skeleton bone (Bip001 Tail1),,
Human,cavalry-character,WesternKingdoms/models/WK_Cavalry_customizable.FBX,bone,Bip001 TailNub,Skeleton,Bone,,,Skeleton bone (Bip001 TailNub),,
Human,cavalry-character,WesternKingdoms/models/WK_Cavalry_customizable.FBX,bone,Bone_Mount,Skeleton,Bone,,,Skeleton bone (Bone_Mount),,
Human,cavalry-character,WesternKingdoms/models/WK_Cavalry_customizable.FBX,bone,Bip001 Pelvis001,Skeleton,Bone,,,Skeleton bone (Bip001 Pelvis001),,
Human,cavalry-character,WesternKingdoms/models/WK_Cavalry_customizable.FBX,bone,Bip001 Spine001,Skeleton,Bone,,,Skeleton bone (Bip001 Spine001),,
Human,cavalry-character,WesternKingdoms/models/WK_Cavalry_customizable.FBX,bone,Bip001 Neck001,Skeleton,Bone,,,Skeleton bone (Bip001 Neck001),,
Human,cavalry-character,WesternKingdoms/models/WK_Cavalry_customizable.FBX,bone,Bip001 Head001,Skeleton,Bone,,,Skeleton bone (Bip001 Head001),,
Human,cavalry-character,WesternKingdoms/models/WK_Cavalry_customizable.FBX,bone,Bip001 HeadNub001,Skeleton,Bone,,,Skeleton bone (Bip001 HeadNub001),,
Human,cavalry-character,WesternKingdoms/models/WK_Cavalry_customizable.FBX,bone,Bip001 L Clavicle001,Skeleton,Bone,,,Skeleton bone (Bip001 L Clavicle001),,
Human,cavalry-character,WesternKingdoms/models/WK_Cavalry_customizable.FBX,bone,Bip001 L UpperArm001,Skeleton,Bone,,,Skeleton bone (Bip001 L UpperArm001),,
Human,cavalry-character,WesternKingdoms/models/WK_Cavalry_customizable.FBX,bone,Bip001 L Forearm001,Skeleton,Bone,,,Skeleton bone (Bip001 L Forearm001),,
Human,cavalry-character,WesternKingdoms/models/WK_Cavalry_customizable.FBX,bone,Bip001 L Hand001,Skeleton,Bone,,,Skeleton bone (Bip001 L Hand001),,
Human,cavalry-character,WesternKingdoms/models/WK_Cavalry_customizable.FBX,bone,L_hand_container,Skeleton,Bone,,,Skeleton bone (L_hand_container),,
Human,cavalry-character,WesternKingdoms/models/WK_Cavalry_customizable.FBX,bone,L_shield_container,Skeleton,Bone,,,Skeleton bone (L_shield_container),,
Human,cavalry-character,WesternKingdoms/models/WK_Cavalry_customizable.FBX,bone,Bip001 R Clavicle001,Skeleton,Bone,,,Skeleton bone (Bip001 R Clavicle001),,
Human,cavalry-character,WesternKingdoms/models/WK_Cavalry_customizable.FBX,bone,Bip001 R UpperArm001,Skeleton,Bone,,,Skeleton bone (Bip001 R UpperArm001),,
Human,cavalry-character,WesternKingdoms/models/WK_Cavalry_customizable.FBX,bone,Bip001 R Forearm001,Skeleton,Bone,,,Skeleton bone (Bip001 R Forearm001),,
Human,cavalry-character,WesternKingdoms/models/WK_Cavalry_customizable.FBX,bone,Bip001 R Hand001,Skeleton,Bone,,,Skeleton bone (Bip001 R Hand001),,
Human,cavalry-character,WesternKingdoms/models/WK_Cavalry_customizable.FBX,bone,R_hand_container,Skeleton,Bone,,,Skeleton bone (R_hand_container),,
Human,cavalry-character,WesternKingdoms/models/WK_Cavalry_customizable.FBX,bone,Quiver_container,Skeleton,Bone,,,Skeleton bone (Quiver_container),,
Human,cavalry-character,WesternKingdoms/models/WK_Cavalry_customizable.FBX,bone,Bip001 L Thigh001,Skeleton,Bone,,,Skeleton bone (Bip001 L Thigh001),,
Human,cavalry-character,WesternKingdoms/models/WK_Cavalry_customizable.FBX,bone,Bip001 L Calf001,Skeleton,Bone,,,Skeleton bone (Bip001 L Calf001),,
Human,cavalry-character,WesternKingdoms/models/WK_Cavalry_customizable.FBX,bone,Bip001 L Foot001,Skeleton,Bone,,,Skeleton bone (Bip001 L Foot001),,
Human,cavalry-character,WesternKingdoms/models/WK_Cavalry_customizable.FBX,bone,Bip001 L Toe001,Skeleton,Bone,,,Skeleton bone (Bip001 L Toe001),,
Human,cavalry-character,WesternKingdoms/models/WK_Cavalry_customizable.FBX,bone,Bip001 L Toe0Nub001,Skeleton,Bone,,,Skeleton bone (Bip001 L Toe0Nub001),,
Human,cavalry-character,WesternKingdoms/models/WK_Cavalry_customizable.FBX,bone,Bip001 R Thigh001,Skeleton,Bone,,,Skeleton bone (Bip001 R Thigh001),,
Human,cavalry-character,WesternKingdoms/models/WK_Cavalry_customizable.FBX,bone,Bip001 R Calf001,Skeleton,Bone,,,Skeleton bone (Bip001 R Calf001),,
Human,cavalry-character,WesternKingdoms/models/WK_Cavalry_customizable.FBX,bone,Bip001 R Foot001,Skeleton,Bone,,,Skeleton bone (Bip001 R Foot001),,
Human,cavalry-character,WesternKingdoms/models/WK_Cavalry_customizable.FBX,bone,Bip001 R Toe001,Skeleton,Bone,,,Skeleton bone (Bip001 R Toe001),,
Human,cavalry-character,WesternKingdoms/models/WK_Cavalry_customizable.FBX,bone,Bip001 R Toe0Nub001,Skeleton,Bone,,,Skeleton bone (Bip001 R Toe0Nub001),,
Human,cavalry-character,WesternKingdoms/models/WK_Cavalry_customizable.FBX,null,Bip001 Footsteps,Rig,Helper,,,Null helper / rig node (Bip001 Footsteps),,
Human,cavalry-character,WesternKingdoms/models/WK_Cavalry_customizable.FBX,null,Bip001 Footsteps001,Rig,Helper,,,Null helper / rig node (Bip001 Footsteps001),,
Human,cavalry-character,WesternKingdoms/models/WK_Cavalry_customizable.FBX,material,WK_Horse_A,material,,,,WK_Horse_A,,
Human,cavalry-character,WesternKingdoms/models/WK_Cavalry_customizable.FBX,material,WK_Standard_Units,material,,,,WK_Standard_Units,,
Human,cavalry-character,WesternKingdoms/models/WK_Cavalry_customizable.FBX,texture,Map #10,texture,,,,Map #10,,
Human,cavalry-character,WesternKingdoms/models/WK_Cavalry_customizable.FBX,texture,Map #9,texture,,,,Map #9,,
Human,character,WesternKingdoms/models/WK_Characters_customizable.FBX,mesh_part,WK_weapon_staff_A,Equipment,Weapon,staff,A,Staff (caster) variant A (right-hand weapon mesh),,
Human,character,WesternKingdoms/models/WK_Characters_customizable.FBX,mesh_part,WK_weapon_staff_B,Equipment,Weapon,staff,B,Staff (caster) variant B (right-hand weapon mesh),,
Human,character,WesternKingdoms/models/WK_Characters_customizable.FBX,mesh_part,WK_weapon_staff_C,Equipment,Weapon,staff,C,Staff (caster) variant C (right-hand weapon mesh),,
Human,character,WesternKingdoms/models/WK_Characters_customizable.FBX,mesh_part,WK_weapon_Bow,Equipment,Weapon,bow,,Bow (ranged) variant - (right-hand weapon mesh),,
Human,character,WesternKingdoms/models/WK_Characters_customizable.FBX,mesh_part,WK_Shield_A,Equipment,Shield,shield,A,Shield variant A (off-hand),,
Human,character,WesternKingdoms/models/WK_Characters_customizable.FBX,mesh_part,WK_Shield_C,Equipment,Shield,shield,C,Shield variant C (off-hand),,
Human,character,WesternKingdoms/models/WK_Characters_customizable.FBX,mesh_part,WK_Shield_B,Equipment,Shield,shield,B,Shield variant B (off-hand),,
Human,character,WesternKingdoms/models/WK_Characters_customizable.FBX,mesh_part,WK_Shield_D,Equipment,Shield,shield,D,Shield variant D (off-hand),,
Human,character,WesternKingdoms/models/WK_Characters_customizable.FBX,mesh_part,WK_weapon_spear,Equipment,Weapon,spear,,Spear variant - (right-hand weapon mesh),,
Human,character,WesternKingdoms/models/WK_Characters_customizable.FBX,mesh_part,WK_weapon_sword_A,Equipment,Weapon,sword,A,Sword variant A (right-hand weapon mesh),,
Human,character,WesternKingdoms/models/WK_Characters_customizable.FBX,mesh_part,WK_weapon_hammer_B,Equipment,Weapon,hammer,B,Hammer variant B (right-hand weapon mesh),,
Human,character,WesternKingdoms/models/WK_Characters_customizable.FBX,mesh_part,WK_weapon_pick,Equipment,Weapon,pick,,Pick (worker tool) variant - (right-hand weapon mesh),,
Human,character,WesternKingdoms/models/WK_Characters_customizable.FBX,mesh_part,WK_weapon_sword_B,Equipment,Weapon,sword,B,Sword variant B (right-hand weapon mesh),,
Human,character,WesternKingdoms/models/WK_Characters_customizable.FBX,mesh_part,WK_weapon_axe_B,Equipment,Weapon,axe,B,Axe variant B (right-hand weapon mesh),,
Human,character,WesternKingdoms/models/WK_Characters_customizable.FBX,mesh_part,WK_weapon_hammer_A,Equipment,Weapon,hammer,A,Hammer variant A (right-hand weapon mesh),,
Human,character,WesternKingdoms/models/WK_Characters_customizable.FBX,mesh_part,WK_weapon_axe_A,Equipment,Weapon,axe,A,Axe variant A (right-hand weapon mesh),,
Human,character,WesternKingdoms/models/WK_Characters_customizable.FBX,mesh_part,WK_Xtra_wood,Accessory,Extra,wood,,Wood/log carry prop,,
Human,character,WesternKingdoms/models/WK_Characters_customizable.FBX,mesh_part,WK_Xtra_bag,Accessory,Extra,bag,,Belt bag / pouch,,
Human,character,WesternKingdoms/models/WK_Characters_customizable.FBX,mesh_part,WK_Xtra_quiver,Accessory,Extra,quiver,,Arrow quiver (back),,
Human,character,WesternKingdoms/models/WK_Characters_customizable.FBX,mesh_part,WK_Units_Body_A,Body,Body / Torso,,A,Body / Torso variant A (swappable body mesh),,
Human,character,WesternKingdoms/models/WK_Characters_customizable.FBX,mesh_part,WK_Units_Body_B,Body,Body / Torso,,B,Body / Torso variant B (swappable body mesh),,
Human,character,WesternKingdoms/models/WK_Characters_customizable.FBX,mesh_part,WK_Units_Body_D,Body,Body / Torso,,D,Body / Torso variant D (swappable body mesh),,
Human,character,WesternKingdoms/models/WK_Characters_customizable.FBX,mesh_part,WK_Units_Body_C,Body,Body / Torso,,C,Body / Torso variant C (swappable body mesh),,
Human,character,WesternKingdoms/models/WK_Characters_customizable.FBX,mesh_part,WK_Units_shoulderpads_A,Body,Shoulders,,A,Shoulders variant A (swappable body mesh),,
Human,character,WesternKingdoms/models/WK_Characters_customizable.FBX,mesh_part,WK_Units_head_C,Body,Head,,C,Head variant C (swappable body mesh),,
Human,character,WesternKingdoms/models/WK_Characters_customizable.FBX,mesh_part,WK_Units_head_B,Body,Head,,B,Head variant B (swappable body mesh),,
Human,character,WesternKingdoms/models/WK_Characters_customizable.FBX,mesh_part,WK_Units_head_A,Body,Head,,A,Head variant A (swappable body mesh),,
Human,character,WesternKingdoms/models/WK_Characters_customizable.FBX,mesh_part,WK_Units_Legs_A,Body,Legs,,A,Legs variant A (swappable body mesh),,
Human,character,WesternKingdoms/models/WK_Characters_customizable.FBX,mesh_part,WK_Units_Arms_A,Body,Arms,,A,Arms variant A (swappable body mesh),,
Human,character,WesternKingdoms/models/WK_Characters_customizable.FBX,mesh_part,WK_Units_Legs_B,Body,Legs,,B,Legs variant B (swappable body mesh),,
Human,character,WesternKingdoms/models/WK_Characters_customizable.FBX,mesh_part,WK_Units_Arms_B,Body,Arms,,B,Arms variant B (swappable body mesh),,
Human,character,WesternKingdoms/models/WK_Characters_customizable.FBX,mesh_part,WK_Units_Legs_C,Body,Legs,,C,Legs variant C (swappable body mesh),,
Human,character,WesternKingdoms/models/WK_Characters_customizable.FBX,mesh_part,WK_Units_Arms_C,Body,Arms,,C,Arms variant C (swappable body mesh),,
Human,character,WesternKingdoms/models/WK_Characters_customizable.FBX,mesh_part,WK_Units_Body_E,Body,Body / Torso,,E,Body / Torso variant E (swappable body mesh),,
Human,character,WesternKingdoms/models/WK_Characters_customizable.FBX,mesh_part,WK_Units_head_E,Body,Head,,E,Head variant E (swappable body mesh),,
Human,character,WesternKingdoms/models/WK_Characters_customizable.FBX,mesh_part,WK_Units_Arms_D,Body,Arms,,D,Arms variant D (swappable body mesh),,
Human,character,WesternKingdoms/models/WK_Characters_customizable.FBX,mesh_part,WK_Units_head_D,Body,Head,,D,Head variant D (swappable body mesh),,
Human,character,WesternKingdoms/models/WK_Characters_customizable.FBX,mesh_part,WK_Units_head_H,Body,Head,,H,Head variant H (swappable body mesh),,
Human,character,WesternKingdoms/models/WK_Characters_customizable.FBX,mesh_part,WK_Units_head_G,Body,Head,,G,Head variant G (swappable body mesh),,
Human,character,WesternKingdoms/models/WK_Characters_customizable.FBX,mesh_part,WK_Units_head_F,Body,Head,,F,Head variant F (swappable body mesh),,
Human,character,WesternKingdoms/models/WK_Characters_customizable.FBX,mesh_part,WK_Units_shoulderpads_B,Body,Shoulders,,B,Shoulders variant B (swappable body mesh),,
Human,character,WesternKingdoms/models/WK_Characters_customizable.FBX,mesh_part,WK_Units_head_I,Body,Head,,I,Head variant I (swappable body mesh),,
Human,character,WesternKingdoms/models/WK_Characters_customizable.FBX,geometry,(unnamed),geometry,,,,(unnamed),21,82
Human,character,WesternKingdoms/models/WK_Characters_customizable.FBX,geometry,(unnamed),geometry,,,,(unnamed),42,176
Human,character,WesternKingdoms/models/WK_Characters_customizable.FBX,geometry,(unnamed),geometry,,,,(unnamed),25,106
Human,character,WesternKingdoms/models/WK_Characters_customizable.FBX,geometry,(unnamed),geometry,,,,(unnamed),23,114
Human,character,WesternKingdoms/models/WK_Characters_customizable.FBX,geometry,(unnamed),geometry,,,,(unnamed),17,86
Human,character,WesternKingdoms/models/WK_Characters_customizable.FBX,geometry,(unnamed),geometry,,,,(unnamed),20,72
Human,character,WesternKingdoms/models/WK_Characters_customizable.FBX,geometry,(unnamed),geometry,,,,(unnamed),27,110
Human,character,WesternKingdoms/models/WK_Characters_customizable.FBX,geometry,(unnamed),geometry,,,,(unnamed),17,70
Human,character,WesternKingdoms/models/WK_Characters_customizable.FBX,geometry,(unnamed),geometry,,,,(unnamed),21,86
Human,character,WesternKingdoms/models/WK_Characters_customizable.FBX,geometry,(unnamed),geometry,,,,(unnamed),17,70
Human,character,WesternKingdoms/models/WK_Characters_customizable.FBX,geometry,(unnamed),geometry,,,,(unnamed),23,84
Human,character,WesternKingdoms/models/WK_Characters_customizable.FBX,geometry,(unnamed),geometry,,,,(unnamed),17,74
Human,character,WesternKingdoms/models/WK_Characters_customizable.FBX,geometry,(unnamed),geometry,,,,(unnamed),17,70
Human,character,WesternKingdoms/models/WK_Characters_customizable.FBX,geometry,(unnamed),geometry,,,,(unnamed),28,98
Human,character,WesternKingdoms/models/WK_Characters_customizable.FBX,geometry,(unnamed),geometry,,,,(unnamed),18,56
Human,character,WesternKingdoms/models/WK_Characters_customizable.FBX,geometry,(unnamed),geometry,,,,(unnamed),21,78
Human,character,WesternKingdoms/models/WK_Characters_customizable.FBX,geometry,(unnamed),geometry,,,,(unnamed),30,90
Human,character,WesternKingdoms/models/WK_Characters_customizable.FBX,geometry,(unnamed),geometry,,,,(unnamed),33,162
Human,character,WesternKingdoms/models/WK_Characters_customizable.FBX,geometry,(unnamed),geometry,,,,(unnamed),56,129
Human,character,WesternKingdoms/models/WK_Characters_customizable.FBX,geometry,(unnamed),geometry,,,,(unnamed),88,352
Human,character,WesternKingdoms/models/WK_Characters_customizable.FBX,geometry,(unnamed),geometry,,,,(unnamed),92,364
Human,character,WesternKingdoms/models/WK_Characters_customizable.FBX,geometry,(unnamed),geometry,,,,(unnamed),88,344
Human,character,WesternKingdoms/models/WK_Characters_customizable.FBX,geometry,(unnamed),geometry,,,,(unnamed),92,364
Human,character,WesternKingdoms/models/WK_Characters_customizable.FBX,geometry,(unnamed),geometry,,,,(unnamed),34,148
Human,character,WesternKingdoms/models/WK_Characters_customizable.FBX,geometry,(unnamed),geometry,,,,(unnamed),84,226
Human,character,WesternKingdoms/models/WK_Characters_customizable.FBX,geometry,(unnamed),geometry,,,,(unnamed),47,200
Human,character,WesternKingdoms/models/WK_Characters_customizable.FBX,geometry,(unnamed),geometry,,,,(unnamed),31,154
Human,character,WesternKingdoms/models/WK_Characters_customizable.FBX,geometry,(unnamed),geometry,,,,(unnamed),36,156
Human,character,WesternKingdoms/models/WK_Characters_customizable.FBX,geometry,(unnamed),geometry,,,,(unnamed),26,112
Human,character,WesternKingdoms/models/WK_Characters_customizable.FBX,geometry,(unnamed),geometry,,,,(unnamed),34,140
Human,character,WesternKingdoms/models/WK_Characters_customizable.FBX,geometry,(unnamed),geometry,,,,(unnamed),26,112
Human,character,WesternKingdoms/models/WK_Characters_customizable.FBX,geometry,(unnamed),geometry,,,,(unnamed),36,192
Human,character,WesternKingdoms/models/WK_Characters_customizable.FBX,geometry,(unnamed),geometry,,,,(unnamed),26,112
Human,character,WesternKingdoms/models/WK_Characters_customizable.FBX,geometry,(unnamed),geometry,,,,(unnamed),119,506
Human,character,WesternKingdoms/models/WK_Characters_customizable.FBX,geometry,(unnamed),geometry,,,,(unnamed),37,190
Human,character,WesternKingdoms/models/WK_Characters_customizable.FBX,geometry,(unnamed),geometry,,,,(unnamed),26,112
Human,character,WesternKingdoms/models/WK_Characters_customizable.FBX,geometry,(unnamed),geometry,,,,(unnamed),46,192
Human,character,WesternKingdoms/models/WK_Characters_customizable.FBX,geometry,(unnamed),geometry,,,,(unnamed),48,212
Human,character,WesternKingdoms/models/WK_Characters_customizable.FBX,geometry,(unnamed),geometry,,,,(unnamed),48,212
Human,character,WesternKingdoms/models/WK_Characters_customizable.FBX,geometry,(unnamed),geometry,,,,(unnamed),52,244
Human,character,WesternKingdoms/models/WK_Characters_customizable.FBX,geometry,(unnamed),geometry,,,,(unnamed),34,148
Human,character,WesternKingdoms/models/WK_Characters_customizable.FBX,geometry,(unnamed),geometry,,,,(unnamed),44,188
Human,character,WesternKingdoms/models/WK_Characters_customizable.FBX,bone,Bip001 Pelvis,Skeleton,Bone,,,Skeleton bone (Bip001 Pelvis),,
Human,character,WesternKingdoms/models/WK_Characters_customizable.FBX,bone,Bip001 Spine,Skeleton,Bone,,,Skeleton bone (Bip001 Spine),,
Human,character,WesternKingdoms/models/WK_Characters_customizable.FBX,bone,Bip001 Neck,Skeleton,Bone,,,Skeleton bone (Bip001 Neck),,
Human,character,WesternKingdoms/models/WK_Characters_customizable.FBX,bone,Bip001 Head,Skeleton,Bone,,,Skeleton bone (Bip001 Head),,
Human,character,WesternKingdoms/models/WK_Characters_customizable.FBX,bone,Bip001 HeadNub,Skeleton,Bone,,,Skeleton bone (Bip001 HeadNub),,
Human,character,WesternKingdoms/models/WK_Characters_customizable.FBX,bone,Bip001 L Clavicle,Skeleton,Bone,,,Skeleton bone (Bip001 L Clavicle),,
Human,character,WesternKingdoms/models/WK_Characters_customizable.FBX,bone,Bip001 L UpperArm,Skeleton,Bone,,,Skeleton bone (Bip001 L UpperArm),,
Human,character,WesternKingdoms/models/WK_Characters_customizable.FBX,bone,Bip001 L Forearm,Skeleton,Bone,,,Skeleton bone (Bip001 L Forearm),,
Human,character,WesternKingdoms/models/WK_Characters_customizable.FBX,bone,Bip001 L Hand,Skeleton,Bone,,,Skeleton bone (Bip001 L Hand),,
Human,character,WesternKingdoms/models/WK_Characters_customizable.FBX,bone,L_hand_container,Skeleton,Bone,,,Skeleton bone (L_hand_container),,
Human,character,WesternKingdoms/models/WK_Characters_customizable.FBX,bone,L_shield_container,Skeleton,Bone,,,Skeleton bone (L_shield_container),,
Human,character,WesternKingdoms/models/WK_Characters_customizable.FBX,bone,Bip001 R Clavicle,Skeleton,Bone,,,Skeleton bone (Bip001 R Clavicle),,
Human,character,WesternKingdoms/models/WK_Characters_customizable.FBX,bone,Bip001 R UpperArm,Skeleton,Bone,,,Skeleton bone (Bip001 R UpperArm),,
Human,character,WesternKingdoms/models/WK_Characters_customizable.FBX,bone,Bip001 R Forearm,Skeleton,Bone,,,Skeleton bone (Bip001 R Forearm),,
Human,character,WesternKingdoms/models/WK_Characters_customizable.FBX,bone,Bip001 R Hand,Skeleton,Bone,,,Skeleton bone (Bip001 R Hand),,
Human,character,WesternKingdoms/models/WK_Characters_customizable.FBX,bone,R_hand_container,Skeleton,Bone,,,Skeleton bone (R_hand_container),,
Human,character,WesternKingdoms/models/WK_Characters_customizable.FBX,bone,Bone_wood,Skeleton,Bone,,,Skeleton bone (Bone_wood),,
Human,character,WesternKingdoms/models/WK_Characters_customizable.FBX,bone,Bone_bag,Skeleton,Bone,,,Skeleton bone (Bone_bag),,
Human,character,WesternKingdoms/models/WK_Characters_customizable.FBX,bone,Quiver_container,Skeleton,Bone,,,Skeleton bone (Quiver_container),,
Human,character,WesternKingdoms/models/WK_Characters_customizable.FBX,bone,Bip001 L Thigh,Skeleton,Bone,,,Skeleton bone (Bip001 L Thigh),,
Human,character,WesternKingdoms/models/WK_Characters_customizable.FBX,bone,Bip001 L Calf,Skeleton,Bone,,,Skeleton bone (Bip001 L Calf),,
Human,character,WesternKingdoms/models/WK_Characters_customizable.FBX,bone,Bip001 L Foot,Skeleton,Bone,,,Skeleton bone (Bip001 L Foot),,
Human,character,WesternKingdoms/models/WK_Characters_customizable.FBX,bone,Bip001 L Toe0,Skeleton,Bone,,,Skeleton bone (Bip001 L Toe0),,
Human,character,WesternKingdoms/models/WK_Characters_customizable.FBX,bone,Bip001 L Toe0Nub,Skeleton,Bone,,,Skeleton bone (Bip001 L Toe0Nub),,
Human,character,WesternKingdoms/models/WK_Characters_customizable.FBX,bone,Bip001 R Thigh,Skeleton,Bone,,,Skeleton bone (Bip001 R Thigh),,
Human,character,WesternKingdoms/models/WK_Characters_customizable.FBX,bone,Bip001 R Calf,Skeleton,Bone,,,Skeleton bone (Bip001 R Calf),,
Human,character,WesternKingdoms/models/WK_Characters_customizable.FBX,bone,Bip001 R Foot,Skeleton,Bone,,,Skeleton bone (Bip001 R Foot),,
Human,character,WesternKingdoms/models/WK_Characters_customizable.FBX,bone,Bip001 R Toe0,Skeleton,Bone,,,Skeleton bone (Bip001 R Toe0),,
Human,character,WesternKingdoms/models/WK_Characters_customizable.FBX,bone,Bip001 R Toe0Nub,Skeleton,Bone,,,Skeleton bone (Bip001 R Toe0Nub),,
Human,character,WesternKingdoms/models/WK_Characters_customizable.FBX,null,Bip001 Footsteps,Rig,Helper,,,Null helper / rig node (Bip001 Footsteps),,
Human,character,WesternKingdoms/models/WK_Characters_customizable.FBX,material,WK_Standard_Units,material,,,,WK_Standard_Units,,
Human,character,WesternKingdoms/models/WK_Characters_customizable.FBX,texture,Map #9,texture,,,,Map #9,,
Human,equipment,WesternKingdoms/models/extra_models/equipment/WK_weapon_staff_B.FBX,mesh_part,WK_weapon_staff_B,Equipment,Weapon,staff,B,Staff (caster) variant B (right-hand weapon mesh),,
Human,equipment,WesternKingdoms/models/extra_models/equipment/WK_weapon_staff_B.FBX,geometry,(unnamed),geometry,,,,(unnamed),42,176
Human,equipment,WesternKingdoms/models/extra_models/equipment/WK_weapon_staff_B.FBX,material,WK_Standard_Units,material,,,,WK_Standard_Units,,
Human,equipment,WesternKingdoms/models/extra_models/equipment/WK_weapon_staff_B.FBX,texture,Map #9,texture,,,,Map #9,,
Human,equipment,WesternKingdoms/models/extra_models/equipment/WK_weapon_sword_A.FBX,mesh_part,WK_weapon_sword_A,Equipment,Weapon,sword,A,Sword variant A (right-hand weapon mesh),,
Human,equipment,WesternKingdoms/models/extra_models/equipment/WK_weapon_sword_A.FBX,geometry,(unnamed),geometry,,,,(unnamed),17,70
Human,equipment,WesternKingdoms/models/extra_models/equipment/WK_weapon_sword_A.FBX,material,WK_Standard_Units,material,,,,WK_Standard_Units,,
Human,equipment,WesternKingdoms/models/extra_models/equipment/WK_weapon_sword_A.FBX,texture,Map #9,texture,,,,Map #9,,